alpha,RMSE.ByUser,RMSE.ByRating,MAE.ByUser,MAE.ByRating
3.0,0.900888548691,0.940143470534,0.734931766475,0.734931766475
4.0,0.901040259029,0.940256612706,0.735221954942,0.735221954942
5.0,0.901497106678,0.940590582146,0.735853169026,0.735853169026
6.0,0.902193804197,0.941209830924,0.736495792806,0.736495792806
7.0,0.902973201517,0.942112021003,0.737288479747,0.737288479747
8.0,0.904179049896,0.943392517998,0.738257329048,0.738257329048
9.0,0.905399596909,0.944671768442,0.73930301984,0.73930301984
10.0,0.906412439006,0.945635646919,0.740103973015,0.740103973015
