alpha,RMSE.ByUser,RMSE.ByRating,MAE.ByUser,MAE.ByRating
3.0,0.901432502624,0.940485448832,0.735893600063,0.735893600063
4.0,0.90291199293,0.941969460602,0.737584053535,0.737584053535
5.0,0.904881299174,0.944045732486,0.739434133803,0.739434133803
6.0,0.906920194421,0.946149257569,0.741153349995,0.741153349995
7.0,0.909244229691,0.948584770473,0.743147871055,0.743147871055
8.0,0.91148934825,0.950821805914,0.745005849464,0.745005849464
9.0,0.913521376743,0.952861173149,0.746820094852,0.746820094852
10.0,0.915527401303,0.954885377009,0.748501106071,0.748501106071
