alpha,RMSE.ByUser,RMSE.ByRating,MAE.ByUser,MAE.ByRating
3.0,0.900526978172,0.939625244981,0.734694615156,0.734694615156
4.0,0.899948410134,0.939042586818,0.73422654649,0.73422654649
5.0,0.899185358882,0.938186397375,0.733647945045,0.733647945045
6.0,0.899318936736,0.938259859035,0.733948178674,0.733948178674
7.0,0.899629593229,0.93843346307,0.734274894458,0.734274894458
8.0,0.899625270783,0.938470440783,0.734182983608,0.734182983608
9.0,0.899837183767,0.938749351108,0.73439840279,0.73439840279
10.0,0.90086487241,0.939802919504,0.73497480186,0.73497480186
