alpha,RMSE.ByUser,RMSE.ByRating,MAE.ByUser,MAE.ByRating
3.0,0.902183926287,0.941505511047,0.736003128676,0.736003128676
4.0,0.901324830572,0.9406430902,0.735312764959,0.735312764959
5.0,0.900727530605,0.940038578661,0.734887885591,0.734887885591
6.0,0.900478930754,0.939708609539,0.734687908998,0.734687908998
7.0,0.900367441403,0.939507403124,0.734653910522,0.734653910522
8.0,0.90054900982,0.939670948858,0.734843725994,0.734843725994
9.0,0.900607053264,0.939797615652,0.734876908111,0.734876908111
10.0,0.901429528408,0.940591314287,0.735375904546,0.735375904546
