alpha,RMSE.ByUser,RMSE.ByRating,MAE.ByUser,MAE.ByRating
3.0,0.902494948091,0.941828155203,0.736300207959,0.736300207959
4.0,0.901624261081,0.940947008232,0.735571791545,0.735571791545
5.0,0.901005292783,0.940305970952,0.735038682681,0.735038682681
6.0,0.920777697013,0.95972056155,0.751022539681,0.751022539681
7.0,0.90037189894,0.93952682342,0.734635397266,0.734635397266
8.0,0.900668299668,0.939832988227,0.734927993815,0.734927993815
9.0,0.900636368427,0.939835699785,0.734876221445,0.734876221445
10.0,0.901446762166,0.94060686983,0.735413845714,0.735413845714
