alpha,RMSE.ByUser,RMSE.ByRating,MAE.ByUser,MAE.ByRating
3.0,0.901922823021,0.941242653031,0.735834934347,0.735834934347
4.0,0.901140374546,0.940446738448,0.73512244162,0.73512244162
5.0,0.900495428447,0.939788755944,0.734632400261,0.734632400261
6.0,0.900389659496,0.939587918191,0.734692888031,0.734692888031
7.0,0.900252401352,0.939376034741,0.734595375987,0.734595375987
8.0,0.900446661815,0.939590736803,0.734773079827,0.734773079827
9.0,0.900702369191,0.939855570794,0.734954603968,0.734954603968
10.0,0.901301454278,0.94041306735,0.735271545061,0.735271545061
