alpha,RMSE.ByUser,RMSE.ByRating,MAE.ByUser,MAE.ByRating
3.0,0.901725147545,0.940976719802,0.735575014972,0.735575014972
4.0,0.901027384119,0.940232486864,0.73498810198,0.73498810198
5.0,0.900124633932,0.939313604153,0.734325819585,0.734325819585
6.0,0.900144250045,0.939269892711,0.734467538372,0.734467538372
7.0,0.900000629804,0.939095026755,0.734451236793,0.734451236793
8.0,0.900305912717,0.939388588323,0.734777694931,0.734777694931
9.0,0.900706610264,0.939805709938,0.734968867414,0.734968867414
10.0,0.901128876397,0.94016075498,0.735130025927,0.735130025927
