alpha,RMSE.ByUser,RMSE.ByRating,MAE.ByUser,MAE.ByRating
3.0,0.90140200064,0.940610707017,0.735336159327,0.735336159327
4.0,0.90064611017,0.939828883592,0.734699266514,0.734699266514
5.0,0.899862399237,0.938995118992,0.734117826447,0.734117826447
6.0,0.899752959913,0.938800858575,0.734216993217,0.734216993217
7.0,0.899695119554,0.938729675213,0.73431829948,0.73431829948
8.0,0.89991041783,0.938922441818,0.734500547339,0.734500547339
9.0,0.90016609141,0.939199904288,0.734561929049,0.734561929049
10.0,0.900927152747,0.939892690504,0.735095809347,0.735095809347
