Algorithm,DataSet,Partition,BuildTime,TestTime,RMSE.ByUser,RMSE.ByRating,NUsers,NAttempted,NGood,Coverage,nDCG,MAE.ByUser,MAE.ByRating
alg,ml-100k/u.data,4,55189,156,0.8481570139094295,0.8873403515473067,188,1880,1880,1.0,0.9558428899628691,0.6867261112165542,0.6867261112165537
alg,ml-100k/u.data,3,55201,165,0.8938602896195087,0.9343126984856326,188,1880,1880,1.0,0.9538294678140126,0.7334016575692299,0.7334016575692298
alg,ml-100k/u.data,0,55250,158,0.893295514266164,0.9298623843310495,189,1890,1890,1.0,0.9541900508570812,0.7256160338509563,0.7256160338509567
alg,ml-100k/u.data,2,55358,117,0.9682847788516611,1.0123101348158394,189,1890,1890,1.0,0.9457538907957147,0.7897559173460614,0.7897559173460607
alg,ml-100k/u.data,1,55429,109,0.899584245489192,0.9353529297440639,189,1890,1890,1.0,0.9501268990120273,0.738881387243833,0.7388813872438329
