Algorithm,DataSet,Partition,BuildTime,TestTime,RMSE.ByUser,RMSE.ByRating,NUsers,NAttempted,NGood,Coverage,nDCG,MAE.ByUser,MAE.ByRating
alg,ml-100k/u.data,4,53243,171,0.8530233026200446,0.8931844036238181,188,1880,1880,1.0,0.9567528685531481,0.6940466186167179,0.6940466186167177
alg,ml-100k/u.data,0,53337,147,0.8933910401594233,0.9308765262188448,189,1890,1890,1.0,0.9543957482298506,0.7255582561334862,0.7255582561334853
alg,ml-100k/u.data,2,53329,160,0.9704575621933911,1.0134167969896506,189,1890,1890,1.0,0.9443109283262495,0.7929639621336352,0.7929639621336347
alg,ml-100k/u.data,1,53467,111,0.898950382078858,0.9338251105754702,189,1890,1890,1.0,0.951994931528099,0.7386404360419582,0.7386404360419578
alg,ml-100k/u.data,3,53540,127,0.8990437205326152,0.9392572676085489,188,1880,1880,1.0,0.9509427622033934,0.7352331258092033,0.7352331258092041
