Algorithm,DataSet,Partition,BuildTime,TestTime,RMSE.ByUser,RMSE.ByRating,NUsers,NAttempted,NGood,Coverage,nDCG,MAE.ByUser,MAE.ByRating
alg,ml-100k/u.data,4,52332,145,0.8473088164354042,0.8860067683987136,188,1880,1880,1.0,0.9568118514089452,0.6876665059790755,0.6876665059790757
alg,ml-100k/u.data,2,52433,131,0.9707993411169892,1.015157984883101,189,1890,1890,1.0,0.9469459480572932,0.7905481197564629,0.7905481197564631
alg,ml-100k/u.data,1,52537,128,0.8987182256507757,0.9336869100602246,189,1890,1890,1.0,0.952478845675519,0.7372452132455833,0.7372452132455831
alg,ml-100k/u.data,3,52563,123,0.8922112078178979,0.9323481950994487,188,1880,1880,1.0,0.9529201080655466,0.7329096310950521,0.7329096310950517
alg,ml-100k/u.data,0,52636,121,0.8935972998387843,0.9309263664621189,189,1890,1890,1.0,0.9548299741536885,0.7251036057022495,0.7251036057022491
