Algorithm,DataSet,Partition,BuildTime,TestTime,RMSE.ByUser,RMSE.ByRating,NUsers,NAttempted,NGood,Coverage,nDCG,MAE.ByUser,MAE.ByRating
alg,ml-100k/u.data,3,57142,163,0.8941569158558107,0.9345856180940244,188,1880,1880,1.0,0.9524493439722042,0.7340553920709801,0.73405539207098
alg,ml-100k/u.data,4,57414,132,0.8469779597092614,0.8859481256374793,188,1880,1880,1.0,0.956591787324229,0.6868499573034327,0.6868499573034332
alg,ml-100k/u.data,0,57461,124,0.8950086931169542,0.931853175227682,189,1890,1890,1.0,0.9538095859208096,0.7270711422640558,0.7270711422640566
alg,ml-100k/u.data,1,57544,113,0.8997036110537573,0.935035675472824,189,1890,1890,1.0,0.951300519304895,0.7374674819308207,0.7374674819308201
alg,ml-100k/u.data,2,57630,108,0.9707769731235741,1.0157928565666419,189,1890,1890,1.0,0.94627156013986,0.7911198512272896,0.7911198512272901
