Algorithm,DataSet,Partition,BuildTime,TestTime,RMSE.ByUser,RMSE.ByRating,NUsers,NAttempted,NGood,Coverage,nDCG,MAE.ByUser,MAE.ByRating
alg,ml-100k/u.data,1,53981,136,0.8992643308463272,0.9350355988112568,189,1890,1890,1.0,0.9500588209802476,0.7388360120335369,0.7388360120335362
alg,ml-100k/u.data,4,54042,128,0.8488274930231567,0.8879682771460672,188,1880,1880,1.0,0.9561927893246305,0.6875445319598917,0.6875445319598915
alg,ml-100k/u.data,3,54061,121,0.8941734239451301,0.9344806440548965,188,1880,1880,1.0,0.9542221288109707,0.7336116273591867,0.7336116273591864
alg,ml-100k/u.data,0,54093,118,0.8931922017500408,0.929860652776532,189,1890,1890,1.0,0.9543205879614612,0.7253289893586823,0.7253289893586824
alg,ml-100k/u.data,2,54103,113,0.9680543963907154,1.0119326811790788,189,1890,1890,1.0,0.9455591855595913,0.7894518591267785,0.7894518591267777
