Algorithm,DataSet,Partition,BuildTime,TestTime,RMSE.ByUser,RMSE.ByRating,NUsers,NAttempted,NGood,Coverage,nDCG,MAE.ByUser,MAE.ByRating
alg,ml-100k/u.data,1,62166,140,0.8988622538791498,0.934439634362698,189,1890,1890,1.0,0.9509892035965214,0.7383511859865572,0.7383511859865574
alg,ml-100k/u.data,3,62171,143,0.8931803891697548,0.933198534255766,188,1880,1880,1.0,0.9529373693972466,0.7331818474059211,0.73318184740592
alg,ml-100k/u.data,4,62321,123,0.8482827694949732,0.8871636906787884,188,1880,1880,1.0,0.9569357945500748,0.6877234973253137,0.687723497325313
alg,ml-100k/u.data,2,62479,106,0.9671189835166444,1.0108976573091148,189,1890,1890,1.0,0.9460840436622112,0.7887837230147444,0.7887837230147443
alg,ml-100k/u.data,0,62571,107,0.8921076930896121,0.9289126924836171,189,1890,1890,1.0,0.9541664319876445,0.7244624829601382,0.7244624829601382
