Algorithm,DataSet,Partition,BuildTime,TestTime,RMSE.ByUser,RMSE.ByRating,NUsers,NAttempted,NGood,Coverage,nDCG,MAE.ByUser,MAE.ByRating
alg,ml-100k/u.data,0,54433,156,0.893196722583123,0.929833254413463,189,1890,1890,1.0,0.9543246040508793,0.7254111489696549,0.7254111489696554
alg,ml-100k/u.data,4,54481,145,0.8482117729807993,0.8873509114704201,188,1880,1880,1.0,0.9560680183165844,0.6867964579835577,0.6867964579835575
alg,ml-100k/u.data,1,54506,146,0.8995915366781723,0.9354051807785415,189,1890,1890,1.0,0.950108541343802,0.7390617098102732,0.7390617098102726
alg,ml-100k/u.data,2,54561,125,0.9681214911075338,1.0121027249395438,189,1890,1890,1.0,0.9455636092190518,0.7897400218458034,0.7897400218458039
alg,ml-100k/u.data,3,54559,129,0.8939137429701108,0.9342960066598333,188,1880,1880,1.0,0.9541216311477639,0.7333752019439417,0.7333752019439418
