Algorithm,DataSet,Partition,BuildTime,TestTime,RMSE.ByUser,RMSE.ByRating,NUsers,NAttempted,NGood,Coverage,nDCG,MAE.ByUser,MAE.ByRating
alg,ml-100k/u.data,4,54398,147,0.8489747444342065,0.8881814603644596,188,1880,1880,1.0,0.9552707871122098,0.6873731529761441,0.6873731529761442
alg,ml-100k/u.data,3,54433,132,0.894723554335902,0.9351510104345857,188,1880,1880,1.0,0.95384955929719,0.7336551848499526,0.7336551848499532
alg,ml-100k/u.data,1,54473,133,0.9003535677116435,0.9362147891158935,189,1890,1890,1.0,0.9491288962001372,0.7397198609960882,0.7397198609960874
alg,ml-100k/u.data,0,54509,121,0.8945332703158467,0.9311111294413915,189,1890,1890,1.0,0.9538737824837549,0.7263232293709437,0.7263232293709443
alg,ml-100k/u.data,2,54542,121,0.9686486740331196,1.0123759597930668,189,1890,1890,1.0,0.9455087728125305,0.7899978003775355,0.7899978003775356
