Algorithm,DataSet,Partition,BuildTime,TestTime,RMSE.ByUser,RMSE.ByRating,NUsers,NAttempted,NGood,Coverage,nDCG,MAE.ByUser,MAE.ByRating
alg,ml-100k/u.data,4,54759,148,0.8474730309981283,0.8863129278998806,188,1880,1880,1.0,0.956451586816093,0.6871828385966781,0.6871828385966785
alg,ml-100k/u.data,3,54782,150,0.8939316679286237,0.9344521682950079,188,1880,1880,1.0,0.9522893604048335,0.734005389925127,0.7340053899251272
alg,ml-100k/u.data,1,54960,120,0.8999738997800597,0.9352853783687703,189,1890,1890,1.0,0.951023174563777,0.7377768880928739,0.7377768880928744
alg,ml-100k/u.data,0,55031,112,0.8938210609411783,0.9306890411294549,189,1890,1890,1.0,0.9537306779583922,0.7260969263620201,0.7260969263620197
alg,ml-100k/u.data,2,55059,108,0.9698268042681022,1.014790339069377,189,1890,1890,1.0,0.9467558625077954,0.7901313704307474,0.7901313704307472
