Algorithm,DataSet,Partition,BuildTime,TestTime,RMSE.ByUser,RMSE.ByRating,NUsers,NAttempted,NGood,Coverage,nDCG,MAE.ByUser,MAE.ByRating
alg,ml-100k/u.data,4,54552,143,0.8479439851583253,0.8869807991214838,188,1880,1880,1.0,0.9559015873123884,0.6866948183035851,0.6866948183035858
alg,ml-100k/u.data,3,54592,138,0.8940960452641791,0.9345285771926913,188,1880,1880,1.0,0.9527673038867273,0.7340814688451364,0.7340814688451365
alg,ml-100k/u.data,0,54703,126,0.8929847522718762,0.9295038316718561,189,1890,1890,1.0,0.9541733360170862,0.7253071658941003,0.7253071658941
alg,ml-100k/u.data,1,54800,113,0.9001798930199464,0.935752850753145,189,1890,1890,1.0,0.9505676764530713,0.7393206739254329,0.739320673925433
alg,ml-100k/u.data,2,54811,111,0.9681368226245215,1.0123988823944752,189,1890,1890,1.0,0.9461062518578964,0.7892358421045317,0.7892358421045319
