Algorithm,DataSet,Partition,BuildTime,TestTime,RMSE.ByUser,RMSE.ByRating,NUsers,NAttempted,NGood,Coverage,nDCG,MAE.ByUser,MAE.ByRating
alg,ml-100k/u.data,1,53097,162,0.8990228589866045,0.9341890704922917,189,1890,1890,1.0,0.952137508756389,0.7370146931591277,0.7370146931591274
alg,ml-100k/u.data,4,53135,141,0.8476206818864065,0.886370368449607,188,1880,1880,1.0,0.9569051451591725,0.6873794364035304,0.6873794364035305
alg,ml-100k/u.data,2,53156,144,0.9698812278301568,1.014470589641008,189,1890,1890,1.0,0.9465555511504933,0.7902995824833847,0.7902995824833854
alg,ml-100k/u.data,3,53290,113,0.8929461942764694,0.933184358036467,188,1880,1880,1.0,0.9523502602382728,0.7333858185848767,0.7333858185848768
alg,ml-100k/u.data,0,53413,116,0.8937595878691339,0.9309300313399086,189,1890,1890,1.0,0.9541370470449506,0.7254168019405749,0.725416801940575
