Algorithm,DataSet,Partition,BuildTime,TestTime,RMSE.ByUser,RMSE.ByRating,NUsers,NAttempted,NGood,Coverage,nDCG,MAE.ByUser,MAE.ByRating
alg,ml-100k/u.data,3,58021,191,0.8941336572917113,0.9344088952892956,188,1880,1880,1.0,0.9527799051013754,0.7340667354283613,0.7340667354283618
alg,ml-100k/u.data,1,58173,141,0.8995677481324486,0.9351381646300836,189,1890,1890,1.0,0.9508113952127385,0.7388529198534626,0.7388529198534626
alg,ml-100k/u.data,0,58278,122,0.8926561765182381,0.9293329192390393,189,1890,1890,1.0,0.9543075544752352,0.7250215829859842,0.725021582985984
alg,ml-100k/u.data,2,58286,117,0.9678948048756995,1.0120071207808918,189,1890,1890,1.0,0.9461716291419794,0.789013046026301,0.7890130460263021
alg,ml-100k/u.data,4,58330,110,0.847980922256884,0.8870665840772576,188,1880,1880,1.0,0.9562639938020644,0.6869111148420511,0.6869111148420513
