Algorithm,DataSet,Partition,BuildTime,TestTime,RMSE.ByUser,RMSE.ByRating,NUsers,NAttempted,NGood,Coverage,nDCG,MAE.ByUser,MAE.ByRating
alg,ml-100k/u.data,2,54250,156,0.9874206036845455,1.0300271691386353,189,1890,1890,1.0,0.9436768106605047,0.8057756525055862,0.8057756525055867
alg,ml-100k/u.data,4,54310,140,0.8632368252899691,0.9042074234418856,188,1880,1880,1.0,0.9529415416386936,0.705143463078131,0.7051434630781308
alg,ml-100k/u.data,1,54387,134,0.91052849864154,0.9454667554275675,189,1890,1890,1.0,0.9509586490630121,0.7472971225354158,0.7472971225354157
alg,ml-100k/u.data,0,54450,115,0.910626851088304,0.9478767506399961,189,1890,1890,1.0,0.9528672058274428,0.7439215443122316,0.7439215443122309
alg,ml-100k/u.data,3,54552,111,0.9058242278103374,0.9468487863949387,188,1880,1880,1.0,0.9516690318689539,0.740367747921218,0.7403677479212183
