Algorithm,DataSet,Partition,BuildTime,TestTime,RMSE.ByUser,RMSE.ByRating,NUsers,NAttempted,NGood,Coverage,nDCG,MAE.ByUser,MAE.ByRating
alg,ml-100k/u.data,1,54788,153,0.9000924934480247,0.9357274721758462,189,1890,1890,1.0,0.949087668694623,0.7394622840155166,0.7394622840155161
alg,ml-100k/u.data,4,54861,136,0.8492858310274151,0.8884730923579072,188,1880,1880,1.0,0.9557912619777799,0.6877809737231836,0.6877809737231834
alg,ml-100k/u.data,2,54862,136,0.9682036237173046,1.011890788772141,189,1890,1890,1.0,0.945378350717601,0.7895639124858445,0.7895639124858445
alg,ml-100k/u.data,3,54894,121,0.8946592772018352,0.9350928195383501,188,1880,1880,1.0,0.9545717174253074,0.733659391162836,0.733659391162836
alg,ml-100k/u.data,0,54992,112,0.8942660459930923,0.9308811639051126,189,1890,1890,1.0,0.9541221184001308,0.7258911639181227,0.725891163918123
