Algorithm,DataSet,Partition,BuildTime,TestTime,RMSE.ByUser,RMSE.ByRating,NUsers,NAttempted,NGood,Coverage,nDCG,MAE.ByUser,MAE.ByRating
alg,ml-100k/u.data,4,57207,184,0.8482743849190203,0.8872499216951553,188,1880,1880,1.0,0.9567614026178839,0.6873688898987048,0.6873688898987048
alg,ml-100k/u.data,1,57301,151,0.8994347574127851,0.9349258106486568,189,1890,1890,1.0,0.9510452509353141,0.7387842898023834,0.7387842898023832
alg,ml-100k/u.data,0,57458,143,0.8927812721939647,0.9295826216916485,189,1890,1890,1.0,0.9542342555373539,0.7250272007865997,0.7250272007865992
alg,ml-100k/u.data,3,57489,136,0.8937045474543509,0.9338783958924083,188,1880,1880,1.0,0.9527178071706527,0.7339840983806357,0.7339840983806355
alg,ml-100k/u.data,2,57494,134,0.9673346016040292,1.0113061916864514,189,1890,1890,1.0,0.9458139013807246,0.7887239957854654,0.7887239957854656
