Algorithm,DataSet,Partition,BuildTime,TestTime,RMSE.ByUser,RMSE.ByRating,NUsers,NAttempted,NGood,Coverage,nDCG,MAE.ByUser,MAE.ByRating
alg,ml-100k/u.data,4,54627,150,0.8569440853366477,0.8981132490553697,188,1880,1880,1.0,0.9554048460966542,0.698154730543617,0.6981547305436169
alg,ml-100k/u.data,0,54666,161,0.8959146041231866,0.9337757378885924,189,1890,1890,1.0,0.9551930936045151,0.7277140957717755,0.7277140957717753
alg,ml-100k/u.data,1,54904,115,0.9012340484056246,0.9356597476641323,189,1890,1890,1.0,0.9508398315471038,0.7408913102566962,0.7408913102566965
alg,ml-100k/u.data,3,54999,120,0.9037849676028687,0.9442959338409851,188,1880,1880,1.0,0.9512441133266818,0.7379303550367694,0.737930355036769
alg,ml-100k/u.data,2,55101,107,0.9741844895609824,1.0163335661475559,189,1890,1890,1.0,0.9431100324955335,0.7958293734666789,0.7958293734666788
