Algorithm,DataSet,Partition,BuildTime,TestTime,RMSE.ByUser,RMSE.ByRating,NUsers,NAttempted,NGood,Coverage,nDCG,MAE.ByUser,MAE.ByRating
alg,ml-100k/u.data,1,51841,137,0.9000576143406176,0.9353823963681074,189,1890,1890,1.0,0.9514840735023209,0.7378687971139011,0.737868797113902
alg,ml-100k/u.data,4,51893,117,0.8469046903392032,0.8859648235590084,188,1880,1880,1.0,0.9565244837870694,0.6866500346113829,0.6866500346113832
alg,ml-100k/u.data,3,52008,123,0.8939023637994994,0.9340946270166584,188,1880,1880,1.0,0.95340682927679,0.7343753774836407,0.7343753774836405
alg,ml-100k/u.data,2,52088,109,0.9724911879356515,1.0175171485813215,189,1890,1890,1.0,0.9461659829157525,0.7922737715116277,0.7922737715116277
alg,ml-100k/u.data,0,52104,112,0.8962582586890916,0.9332542696298886,189,1890,1890,1.0,0.9535058144844754,0.7280066910125272,0.7280066910125277
