Algorithm,DataSet,Partition,BuildTime,TestTime,RMSE.ByUser,RMSE.ByRating,NUsers,NAttempted,NGood,Coverage,nDCG,MAE.ByUser,MAE.ByRating
alg,ml-100k/u.data,4,56653,137,0.8474036634555611,0.8862236961836218,188,1880,1880,1.0,0.9567476024728842,0.6872359644186684,0.6872359644186686
alg,ml-100k/u.data,0,56691,146,0.8935562443248753,0.930430424624906,189,1890,1890,1.0,0.9535360534812812,0.7260195269225507,0.7260195269225505
alg,ml-100k/u.data,1,56718,141,0.8995533384220695,0.934915399656108,189,1890,1890,1.0,0.9512782820108221,0.7374935091838997,0.7374935091838986
alg,ml-100k/u.data,3,56830,115,0.8936223204113231,0.9341882478915141,188,1880,1880,1.0,0.9525690360967315,0.7337831616010186,0.7337831616010189
alg,ml-100k/u.data,2,56832,114,0.969502086410114,1.014435124949113,189,1890,1890,1.0,0.9467384795647831,0.7899072658265013,0.7899072658265005
