Algorithm,DataSet,Partition,BuildTime,TestTime,RMSE.ByUser,RMSE.ByRating,NUsers,NAttempted,NGood,Coverage,nDCG,MAE.ByUser,MAE.ByRating
alg,ml-100k/u.data,1,58611,149,0.9070653862540949,0.941788347311758,189,1890,1890,1.0,0.9511895900948415,0.7449193583337951,0.7449193583337956
alg,ml-100k/u.data,2,58725,144,0.9822018006644088,1.0251634857363834,189,1890,1890,1.0,0.9457157936296255,0.8010407069919144,0.8010407069919151
alg,ml-100k/u.data,4,58744,142,0.8597022486933609,0.9002234343928028,188,1880,1880,1.0,0.9525269208412329,0.7017339833924665,0.7017339833924668
alg,ml-100k/u.data,3,58883,116,0.9021219355794368,0.9432300358109983,188,1880,1880,1.0,0.9524486393553103,0.7375827292785332,0.7375827292785333
alg,ml-100k/u.data,0,58895,114,0.906355370060269,0.9437037263165743,189,1890,1890,1.0,0.953328856662848,0.7397524693243231,0.7397524693243235
