Algorithm,DataSet,Partition,BuildTime,TestTime,RMSE.ByUser,RMSE.ByRating,NUsers,NAttempted,NGood,Coverage,nDCG,MAE.ByUser,MAE.ByRating
alg,ml-100k/u.data,4,51352,138,0.846925571735675,0.8860635695703089,188,1880,1880,1.0,0.9565128861794229,0.686602472893109,0.6866024728931095
alg,ml-100k/u.data,3,51441,149,0.8941471077954207,0.934318116794712,188,1880,1880,1.0,0.9536644368572859,0.7347474823283471,0.734747482328347
alg,ml-100k/u.data,0,51594,126,0.8966231495813421,0.933542820612395,189,1890,1890,1.0,0.9537055042764838,0.7279983246635872,0.7279983246635876
alg,ml-100k/u.data,1,51599,125,0.9003870961969687,0.9356844012527941,189,1890,1890,1.0,0.9516444038337752,0.7381918568927692,0.7381918568927696
alg,ml-100k/u.data,2,51677,116,0.9728367061273838,1.017918647003486,189,1890,1890,1.0,0.9458614989143995,0.7924755066023456,0.7924755066023452
