Algorithm,DataSet,Partition,BuildTime,TestTime,RMSE.ByUser,RMSE.ByRating,NUsers,NAttempted,NGood,Coverage,nDCG,MAE.ByUser,MAE.ByRating
alg,ml-100k/u.data,1,54157,147,0.8976450483793883,0.9326491869045046,189,1890,1890,1.0,0.9524214683561693,0.7365538097344554,0.7365538097344556
alg,ml-100k/u.data,2,54323,127,0.9681052478148979,1.0122770677571844,189,1890,1890,1.0,0.9454295867061762,0.7886956880759887,0.7886956880759878
alg,ml-100k/u.data,4,54363,126,0.8480376354144628,0.8865858771234741,188,1880,1880,1.0,0.9569654837223487,0.688397416031268,0.6883974160312682
alg,ml-100k/u.data,0,54407,113,0.8912837508127117,0.928282413259469,189,1890,1890,1.0,0.9541291362084066,0.7235315960702196,0.7235315960702193
alg,ml-100k/u.data,3,54416,115,0.8908551119906829,0.9311374418305387,188,1880,1880,1.0,0.9525977593857676,0.7310612153138092,0.7310612153138092
