Algorithm,DataSet,Partition,BuildTime,TestTime,RMSE.ByUser,RMSE.ByRating,NUsers,NAttempted,NGood,Coverage,nDCG,MAE.ByUser,MAE.ByRating
alg,ml-100k/u.data,1,54851,145,0.8991473271632497,0.9344387594588301,189,1890,1890,1.0,0.9498235641900306,0.7387607836883889,0.7387607836883886
alg,ml-100k/u.data,4,54899,140,0.8496516931500303,0.8888739135358404,188,1880,1880,1.0,0.9565411252118434,0.689526910080711,0.6895269100807112
alg,ml-100k/u.data,3,55028,115,0.8935513633333012,0.9338041901662143,188,1880,1880,1.0,0.952502217221828,0.731772152820877,0.7317721528208767
alg,ml-100k/u.data,0,55077,114,0.8936688231254273,0.9304870462715473,189,1890,1890,1.0,0.9546722716239251,0.7260124322576547,0.7260124322576551
alg,ml-100k/u.data,2,55175,108,0.9683051552761769,1.0114106880875642,189,1890,1890,1.0,0.9453671993467377,0.7888017304524795,0.7888017304524788
