Algorithm,DataSet,Partition,BuildTime,TestTime,RMSE.ByUser,RMSE.ByRating,NUsers,NAttempted,NGood,Coverage,nDCG,MAE.ByUser,MAE.ByRating
alg,ml-100k/u.data,1,57528,159,0.8986439502474091,0.9338486587000552,189,1890,1890,1.0,0.9500477544355598,0.7388202355056683,0.7388202355056681
alg,ml-100k/u.data,2,57692,180,0.9669218145603768,1.010111529147717,189,1890,1890,1.0,0.9456436068012578,0.7881189756061222,0.7881189756061228
alg,ml-100k/u.data,0,57741,192,0.8916207760127174,0.9284137809460311,189,1890,1890,1.0,0.9540409644048655,0.724495507312003,0.724495507312003
alg,ml-100k/u.data,4,57775,172,0.8490829697662144,0.8882160867219416,188,1880,1880,1.0,0.9564280261565669,0.6886841180294666,0.6886841180294664
alg,ml-100k/u.data,3,57820,163,0.8929164082496612,0.9331567000232849,188,1880,1880,1.0,0.9531393551143202,0.7318731774965207,0.7318731774965206
