Algorithm,DataSet,Partition,BuildTime,TestTime,RMSE.ByUser,RMSE.ByRating,NUsers,NAttempted,NGood,Coverage,nDCG,MAE.ByUser,MAE.ByRating
alg,ml-100k/u.data,0,58336,175,0.8992220736181218,0.9363139772328294,189,1890,1890,1.0,0.9541694474593544,0.733346350110611,0.7333463501106117
alg,ml-100k/u.data,1,58387,173,0.9000893518674588,0.9347460036706594,189,1890,1890,1.0,0.9513708866111512,0.7394973655609408,0.7394973655609411
alg,ml-100k/u.data,4,58425,152,0.8546884852838149,0.8939959665101359,188,1880,1880,1.0,0.9533177832621508,0.6966743604869153,0.6966743604869154
alg,ml-100k/u.data,2,58570,122,0.9748016474094024,1.018285380976651,189,1890,1890,1.0,0.9457553951718214,0.7945125749984306,0.7945125749984304
alg,ml-100k/u.data,3,58787,124,0.8956049376929429,0.9368873340375631,188,1880,1880,1.0,0.9518154307978326,0.7331400178571874,0.7331400178571872
