Algorithm,DataSet,Partition,BuildTime,TestTime,RMSE.ByUser,RMSE.ByRating,NUsers,NAttempted,NGood,Coverage,nDCG,MAE.ByUser,MAE.ByRating
alg,ml-100k/u.data,2,54971,138,0.9679156971453339,1.0112972766582162,189,1890,1890,1.0,0.9456367961718231,0.789154871939579,0.7891548719395789
alg,ml-100k/u.data,1,55010,155,0.8995076580648013,0.9348893176862403,189,1890,1890,1.0,0.9504567363569143,0.7390574823267769,0.7390574823267764
alg,ml-100k/u.data,4,55073,142,0.8492947225176884,0.8883141138502392,188,1880,1880,1.0,0.9568131290112464,0.6883722682397354,0.6883722682397359
alg,ml-100k/u.data,3,55167,110,0.8943997739549555,0.9346328707360639,188,1880,1880,1.0,0.9534149099342153,0.7334878191163401,0.73348781911634
alg,ml-100k/u.data,0,55173,108,0.8935179120536498,0.9303298735881631,189,1890,1890,1.0,0.954813652547471,0.7254066051145486,0.7254066051145482
