Algorithm,DataSet,Partition,BuildTime,TestTime,RMSE.ByUser,RMSE.ByRating,NUsers,NAttempted,NGood,Coverage,nDCG,MAE.ByUser,MAE.ByRating
alg,ml-100k/u.data,2,54765,170,0.9707693583589032,1.015730981947559,189,1890,1890,1.0,0.945685841418565,0.7909411038596548,0.7909411038596548
alg,ml-100k/u.data,0,54896,149,0.8946192999230709,0.9314975460679058,189,1890,1890,1.0,0.9539652767240395,0.7267618773926888,0.7267618773926895
alg,ml-100k/u.data,1,54938,136,0.8992626383127311,0.9345983296498627,189,1890,1890,1.0,0.9512027691469929,0.737120780512348,0.7371207805123479
alg,ml-100k/u.data,4,54938,135,0.8471756606808887,0.8861191482178634,188,1880,1880,1.0,0.9565579095559161,0.6870017924657088,0.6870017924657096
alg,ml-100k/u.data,3,54993,119,0.8938749154528529,0.9342876863562248,188,1880,1880,1.0,0.952786056496245,0.7337866538690442,0.7337866538690437
