Algorithm,DataSet,Partition,BuildTime,TestTime,RMSE.ByUser,RMSE.ByRating,NUsers,NAttempted,NGood,Coverage,nDCG,MAE.ByUser,MAE.ByRating
alg,ml-100k/u.data,4,54766,182,0.8563439015176427,0.8961152452845598,188,1880,1880,1.0,0.9530549338477186,0.6980568987573396,0.6980568987573397
alg,ml-100k/u.data,3,54854,179,0.897616049935564,0.9388741309163076,188,1880,1880,1.0,0.9521742466838018,0.734837852451873,0.7348378524518729
alg,ml-100k/u.data,1,55256,128,0.9023343863457238,0.9371068454859387,189,1890,1890,1.0,0.9516095131460026,0.7411826138390689,0.7411826138390691
alg,ml-100k/u.data,0,55288,132,0.9012830308800011,0.9385217302012363,189,1890,1890,1.0,0.953062158233,0.7350549904830621,0.7350549904830623
alg,ml-100k/u.data,2,55320,120,0.9770236034269659,1.020128335954853,189,1890,1890,1.0,0.9462219037444227,0.7966343944417961,0.7966343944417965
