Algorithm,DataSet,Partition,BuildTime,TestTime,RMSE.ByUser,RMSE.ByRating,NUsers,NAttempted,NGood,Coverage,nDCG,MAE.ByUser,MAE.ByRating
alg,ml-100k/u.data,2,55546,152,0.9684683916173145,1.0119852721821496,189,1890,1890,1.0,0.9454871874130566,0.7898055532042886,0.7898055532042886
alg,ml-100k/u.data,3,55570,150,0.8942573902764344,0.9345736202277568,188,1880,1880,1.0,0.9542362532863106,0.7333222756104923,0.7333222756104922
alg,ml-100k/u.data,0,55678,123,0.8940756629436944,0.9307541197342638,189,1890,1890,1.0,0.9540744928083126,0.7253861514958918,0.7253861514958921
alg,ml-100k/u.data,1,55700,121,0.8997160456535812,0.9352119247170999,189,1890,1890,1.0,0.9503346166216636,0.7390478886450373,0.739047888645037
alg,ml-100k/u.data,4,55787,106,0.8491268914931015,0.8882788380388997,188,1880,1880,1.0,0.9561327068236607,0.6880882606771127,0.6880882606771128
