Algorithm,DataSet,Partition,BuildTime,TestTime,RMSE.ByUser,RMSE.ByRating,NUsers,NAttempted,NGood,Coverage,nDCG,MAE.ByUser,MAE.ByRating
alg,ml-100k/u.data,1,55357,146,0.8979242192298813,0.9326915940100904,189,1890,1890,1.0,0.9522679836028193,0.7368374813626724,0.7368374813626722
alg,ml-100k/u.data,3,55497,125,0.8940926635376275,0.9346518922570664,188,1880,1880,1.0,0.9513899311685755,0.7324716378476257,0.7324716378476264
alg,ml-100k/u.data,2,55630,110,0.9709250248150254,1.0147934677835646,189,1890,1890,1.0,0.9452334486524966,0.7917871787762615,0.7917871787762614
alg,ml-100k/u.data,0,55646,111,0.8926656283635933,0.9301743605360757,189,1890,1890,1.0,0.9537246164910744,0.7249460665110358,0.7249460665110354
alg,ml-100k/u.data,4,55774,103,0.8495937591985163,0.8889717489411033,188,1880,1880,1.0,0.956668234877554,0.690067410211605,0.6900674102116047
