Algorithm,DataSet,Partition,BuildTime,TestTime,RMSE.ByUser,RMSE.ByRating,NUsers,NAttempted,NGood,Coverage,nDCG,MAE.ByUser,MAE.ByRating
alg,ml-100k/u.data,4,56420,136,0.8514260711424861,0.8909383046729112,188,1880,1880,1.0,0.9564772773863447,0.6917293579937688,0.6917293579937688
alg,ml-100k/u.data,2,56487,128,0.9707037777269029,1.0140940806103276,189,1890,1890,1.0,0.9457927246560816,0.7922178052106617,0.7922178052106619
alg,ml-100k/u.data,1,56714,112,0.8977533114614396,0.932461882271427,189,1890,1890,1.0,0.9517675391109262,0.7371490129459549,0.7371490129459549
alg,ml-100k/u.data,0,56755,112,0.8926566607338148,0.9301145403024739,189,1890,1890,1.0,0.9541043868240567,0.7252721595855673,0.7252721595855683
alg,ml-100k/u.data,3,56830,110,0.8949457123241581,0.9353441028735879,188,1880,1880,1.0,0.9513003622861224,0.7328975093961495,0.7328975093961488
