Algorithm,DataSet,Partition,BuildTime,TestTime,RMSE.ByUser,RMSE.ByRating,NUsers,NAttempted,NGood,Coverage,nDCG,MAE.ByUser,MAE.ByRating
alg,ml-100k/u.data,0,54964,178,0.896909180251034,0.9339091772474969,189,1890,1890,1.0,0.9545024312886143,0.7311113738883694,0.7311113738883696
alg,ml-100k/u.data,1,55053,151,0.8988082827796354,0.933402938810352,189,1890,1890,1.0,0.9519486519326918,0.7378936083317293,0.7378936083317296
alg,ml-100k/u.data,2,55120,156,0.9724183858426028,1.015911606652065,189,1890,1890,1.0,0.9463246792019925,0.7926260136140861,0.7926260136140866
alg,ml-100k/u.data,4,55173,148,0.8525145067321146,0.8915729791208061,188,1880,1880,1.0,0.9549548226760086,0.6939101276984823,0.6939101276984831
alg,ml-100k/u.data,3,55358,121,0.8939096090463072,0.9350506011813272,188,1880,1880,1.0,0.9521657181149011,0.7323791441432311,0.7323791441432315
