Algorithm,DataSet,Partition,BuildTime,TestTime,RMSE.ByUser,RMSE.ByRating,NUsers,NAttempted,NGood,Coverage,nDCG,MAE.ByUser,MAE.ByRating
alg,ml-100k/u.data,2,55415,181,0.968020417996746,1.0118201547903893,189,1890,1890,1.0,0.9452379569062229,0.7895725139748351,0.7895725139748349
alg,ml-100k/u.data,4,55443,171,0.8491818554615488,0.8882510211353001,188,1880,1880,1.0,0.956339513739247,0.6879987436431599,0.6879987436431605
alg,ml-100k/u.data,0,55437,178,0.8929961570676213,0.9297156063713616,189,1890,1890,1.0,0.9542272914460852,0.7250912767079011,0.7250912767079006
alg,ml-100k/u.data,3,55447,178,0.8939360327654627,0.9342002108016455,188,1880,1880,1.0,0.9544197925600105,0.7335907127394031,0.7335907127394035
alg,ml-100k/u.data,1,55623,117,0.8993985880274092,0.9350415565920095,189,1890,1890,1.0,0.9500200540324589,0.7385910900030109,0.738591090003011
