Algorithm,DataSet,Partition,BuildTime,TestTime,RMSE.ByUser,RMSE.ByRating,NUsers,NAttempted,NGood,Coverage,nDCG,MAE.ByUser,MAE.ByRating
alg,ml-100k/u.data,0,51803,170,0.8932690765571258,0.929879949490528,189,1890,1890,1.0,0.9535785320282245,0.7255461759228263,0.7255461759228266
alg,ml-100k/u.data,2,51914,133,0.9691542585091933,1.0138847448507693,189,1890,1890,1.0,0.9458322244581246,0.7895968811170786,0.7895968811170787
alg,ml-100k/u.data,1,52069,108,0.8999097559713247,0.9353969903083166,189,1890,1890,1.0,0.9507255097958764,0.7379245620023902,0.73792456200239
