Algorithm,DataSet,Partition,BuildTime,TestTime,RMSE.ByUser,RMSE.ByRating,NUsers,NAttempted,NGood,Coverage,nDCG,MAE.ByUser,MAE.ByRating
alg,ml-100k/u.data,4,52401,144,0.8472066218322207,0.886269039686093,188,1880,1880,1.0,0.9565480906062304,0.686931489083705,0.6869314890837053
alg,ml-100k/u.data,3,52540,116,0.8947558339143947,0.934944755914333,188,1880,1880,1.0,0.9531558090452875,0.7353230471158795,0.7353230471158797
alg,ml-100k/u.data,0,52574,112,0.8968615515559801,0.9338209611140299,189,1890,1890,1.0,0.9532965191884412,0.7280831155157302,0.7280831155157302
alg,ml-100k/u.data,2,52597,114,0.9730123546936134,1.0181645569948425,189,1890,1890,1.0,0.9454516285894679,0.7928270176737086,0.7928270176737091
alg,ml-100k/u.data,1,52643,112,0.9006383784567905,0.9359414623062925,189,1890,1890,1.0,0.9516407737467173,0.738336370404878,0.7383363704048781
