Algorithm,DataSet,Partition,BuildTime,TestTime,RMSE.ByUser,RMSE.ByRating,NUsers,NAttempted,NGood,Coverage,nDCG,MAE.ByUser,MAE.ByRating
alg,ml-100k/u.data,2,58822,139,0.968051007178038,1.012506624744772,189,1890,1890,1.0,0.9467679272243127,0.7892129972953517,0.7892129972953525
alg,ml-100k/u.data,0,58853,152,0.8926438105867466,0.9292677990952155,189,1890,1890,1.0,0.9545656797129226,0.7245487679242385,0.7245487679242386
alg,ml-100k/u.data,4,58975,127,0.8478951689040255,0.8868216227877748,188,1880,1880,1.0,0.956984007508712,0.6876564074884425,0.6876564074884424
alg,ml-100k/u.data,1,59105,112,0.8992893076865559,0.9346529524722451,189,1890,1890,1.0,0.950494879774581,0.7376498891247085,0.7376498891247084
alg,ml-100k/u.data,3,59180,111,0.8928419558720033,0.9331004644530833,188,1880,1880,1.0,0.9528899101147855,0.7332696300283597,0.7332696300283597
