Algorithm,DataSet,Partition,BuildTime,TestTime,RMSE.ByUser,RMSE.ByRating,NUsers,NAttempted,NGood,Coverage,nDCG,MAE.ByUser,MAE.ByRating
alg,ml-100k/u.data,3,55039,189,0.8932301337132452,0.9333602675213587,188,1880,1880,1.0,0.9525893004748297,0.7338712668854691,0.733871266885469
alg,ml-100k/u.data,4,55064,168,0.8471510767462619,0.885919586393896,188,1880,1880,1.0,0.9572049347428646,0.6869933624350129,0.6869933624350134
alg,ml-100k/u.data,1,55143,161,0.8997735668643259,0.9350187541749375,189,1890,1890,1.0,0.9515624983061776,0.7376421560287333,0.7376421560287333
alg,ml-100k/u.data,0,55224,135,0.8950179982232297,0.9321736596481409,189,1890,1890,1.0,0.9542411522402302,0.7264733355026384,0.7264733355026384
alg,ml-100k/u.data,2,55258,127,0.9718372276538685,1.0165812673490355,189,1890,1890,1.0,0.9456534188548558,0.7917006757826132,0.7917006757826135
