Algorithm,DataSet,Partition,BuildTime,TestTime,RMSE.ByUser,RMSE.ByRating,NUsers,NAttempted,NGood,Coverage,nDCG,MAE.ByUser,MAE.ByRating
alg,ml-100k/u.data,4,54066,139,0.8472499727251896,0.8860308890628054,188,1880,1880,1.0,0.9570138105668228,0.6868672300782734,0.6868672300782745
alg,ml-100k/u.data,3,54365,126,0.8936780581684214,0.9339467594447997,188,1880,1880,1.0,0.9527822225740253,0.7337724553099763,0.7337724553099764
alg,ml-100k/u.data,1,54486,141,0.8993617094864556,0.9346818435993327,189,1890,1890,1.0,0.95150841377555,0.737212904753424,0.7372129047534236
alg,ml-100k/u.data,0,54504,135,0.8943748748916632,0.9312985553050188,189,1890,1890,1.0,0.9542257352271952,0.7261790999408754,0.726179099940875
alg,ml-100k/u.data,2,54618,110,0.9704723053213411,1.0152043869065748,189,1890,1890,1.0,0.9461990835154649,0.7909088198182448,0.790908819818245
