Algorithm,DataSet,Partition,BuildTime,TestTime,RMSE.ByUser,RMSE.ByRating,NUsers,NAttempted,NGood,Coverage,nDCG,MAE.ByUser,MAE.ByRating
alg,ml-100k/u.data,4,55141,155,0.8484080529122587,0.8868904647745466,188,1880,1880,1.0,0.9571001120280676,0.688356521604977,0.6883565216049768
alg,ml-100k/u.data,1,55233,136,0.8983233069731114,0.9334470004310579,189,1890,1890,1.0,0.9518889648580203,0.7375495371412445,0.7375495371412448
alg,ml-100k/u.data,3,55296,122,0.8919132580463096,0.9320496547085867,188,1880,1880,1.0,0.9524429156568601,0.7318273986556044,0.7318273986556042
alg,ml-100k/u.data,2,55346,115,0.9673984434492023,1.0114798368711164,189,1890,1890,1.0,0.9455895391062532,0.7889720310961701,0.78897203109617
alg,ml-100k/u.data,0,55446,110,0.8905516222993896,0.9274323383910621,189,1890,1890,1.0,0.9537196775594411,0.7230354048706453,0.7230354048706457
