Algorithm,DataSet,Partition,BuildTime,TestTime,RMSE.ByUser,RMSE.ByRating,NUsers,NAttempted,NGood,Coverage,nDCG,MAE.ByUser,MAE.ByRating
alg,ml-100k/u.data,0,58251,179,0.8925447409922304,0.929129703483137,189,1890,1890,1.0,0.9542967412276766,0.7248121716134178,0.7248121716134183
alg,ml-100k/u.data,4,58269,164,0.84789061530965,0.8867416748019479,188,1880,1880,1.0,0.956307329629471,0.6870750268492137,0.687075026849214
alg,ml-100k/u.data,2,58382,146,0.9679748017294536,1.0124396622844452,189,1890,1890,1.0,0.9465808797849024,0.7890211690750779,0.7890211690750785
alg,ml-100k/u.data,3,58545,125,0.8934899485365225,0.933792848377079,188,1880,1880,1.0,0.9525977074977147,0.7339978178163533,0.7339978178163533
alg,ml-100k/u.data,1,58554,122,0.8993619001900527,0.9347762847590427,189,1890,1890,1.0,0.950584407317691,0.7380706945824763,0.7380706945824768
