Algorithm,DataSet,Partition,BuildTime,TestTime,RMSE.ByUser,RMSE.ByRating,NUsers,NAttempted,NGood,Coverage,nDCG,MAE.ByUser,MAE.ByRating
alg,ml-100k/u.data,3,58225,163,0.9001975280200829,0.9404626169676226,188,1880,1880,1.0,0.9508521375830349,0.7356566823721276,0.7356566823721281
alg,ml-100k/u.data,4,58546,130,0.8541760689887112,0.894664883432895,188,1880,1880,1.0,0.9559202777759835,0.6950768410371181,0.6950768410371184
alg,ml-100k/u.data,1,58578,128,0.9002636430986322,0.9351097337133238,189,1890,1890,1.0,0.9522068684809503,0.739881474707952,0.739881474707952
alg,ml-100k/u.data,0,58709,127,0.8941546242074339,0.9319025228647,189,1890,1890,1.0,0.9548284806625634,0.7260899195825593,0.7260899195825589
alg,ml-100k/u.data,2,58912,108,0.9721033851661744,1.014822833012284,189,1890,1890,1.0,0.9447568500366701,0.7945817275403133,0.7945817275403135
