Algorithm,DataSet,Partition,BuildTime,TestTime,RMSE.ByUser,RMSE.ByRating,NUsers,NAttempted,NGood,Coverage,nDCG,MAE.ByUser,MAE.ByRating
alg,ml-100k/u.data,1,53990,143,0.9085114746957497,0.9433283532255988,189,1890,1890,1.0,0.9507348129807626,0.745960018687014,0.7459600186870143
alg,ml-100k/u.data,4,54060,130,0.8614262525349161,0.9022511490104145,188,1880,1880,1.0,0.9527414265013292,0.7035414179794327,0.7035414179794328
alg,ml-100k/u.data,2,54068,133,0.9849575260777271,1.0277692399856038,189,1890,1890,1.0,0.9446319118630429,0.8036246268243104,0.8036246268243102
alg,ml-100k/u.data,3,54121,127,0.9038817366855993,0.9449798347397562,188,1880,1880,1.0,0.9518738638504011,0.7386806713264179,0.7386806713264179
alg,ml-100k/u.data,0,54226,108,0.9088298937189744,0.9459772887814863,189,1890,1890,1.0,0.952974481935927,0.7422937394410828,0.7422937394410823
