Algorithm,DataSet,Partition,BuildTime,TestTime,RMSE.ByUser,RMSE.ByRating,NUsers,NAttempted,NGood,Coverage,nDCG,MAE.ByUser,MAE.ByRating
alg,ml-100k/u.data,3,53763,132,0.899630010647511,0.9408038681811921,188,1880,1880,1.0,0.9523314101216609,0.7361393455700879,0.7361393455700875
alg,ml-100k/u.data,2,53862,132,0.9798021482428836,1.0228902948814473,189,1890,1890,1.0,0.9448790199188979,0.7988457598590886,0.7988457598590885
alg,ml-100k/u.data,1,53911,125,0.9051803363519944,0.9399970015320652,189,1890,1890,1.0,0.9515853782253638,0.7433571338374215,0.7433571338374225
alg,ml-100k/u.data,4,53924,120,0.8580883848557569,0.8982760463645016,188,1880,1880,1.0,0.9525047784242978,0.7000309650995596,0.7000309650995596
alg,ml-100k/u.data,0,53958,115,0.9035202683583703,0.9409566414080082,189,1890,1890,1.0,0.9530398424485695,0.7373661509077776,0.7373661509077776
