Algorithm,DataSet,Partition,BuildTime,TestTime,RMSE.ByUser,RMSE.ByRating,NUsers,NAttempted,NGood,Coverage,nDCG,MAE.ByUser,MAE.ByRating
alg,ml-100k/u.data,1,59485,167,0.8998630167045215,0.93535783403788,189,1890,1890,1.0,0.9509517328144835,0.7391864726200869,0.7391864726200866
alg,ml-100k/u.data,2,59587,137,0.9681178576152802,1.0122926848980225,189,1890,1890,1.0,0.9462013478503809,0.7893189562296132,0.7893189562296122
alg,ml-100k/u.data,3,59674,128,0.8942064459336545,0.9345632229086343,188,1880,1880,1.0,0.9531071577801007,0.7341737292611926,0.7341737292611921
alg,ml-100k/u.data,0,59696,117,0.89262587510113,0.9291667041277135,189,1890,1890,1.0,0.9542475111593444,0.7248893542997112,0.7248893542997111
alg,ml-100k/u.data,4,59704,113,0.8479318537458558,0.8869742983185154,188,1880,1880,1.0,0.9559027804740032,0.6866501175588426,0.6866501175588428
