Algorithm,DataSet,Partition,BuildTime,TestTime,RMSE.ByUser,RMSE.ByRating,NUsers,NAttempted,NGood,Coverage,nDCG,MAE.ByUser,MAE.ByRating
alg,ml-100k/u.data,0,56708,172,0.8930153668456765,0.9295646993783727,189,1890,1890,1.0,0.953981535086178,0.725141651173091,0.7251416511730908
alg,ml-100k/u.data,3,56683,199,0.8933518048851669,0.9336834980574885,188,1880,1880,1.0,0.9523394451070848,0.7336429686125828,0.7336429686125833
alg,ml-100k/u.data,1,56692,198,0.8997948781922821,0.9353119348674671,189,1890,1890,1.0,0.9499135705205481,0.7385345604048846,0.7385345604048839
alg,ml-100k/u.data,4,56879,121,0.8476689759256105,0.8864801433136812,188,1880,1880,1.0,0.9569707640578776,0.6867666800744108,0.6867666800744109
alg,ml-100k/u.data,2,56904,118,0.9680284688501551,1.0125938414837805,189,1890,1890,1.0,0.9461092776896428,0.7890911260663622,0.789091126066362
