Algorithm,DataSet,Partition,BuildTime,TestTime,RMSE.ByUser,RMSE.ByRating,NUsers,NAttempted,NGood,Coverage,nDCG,MAE.ByUser,MAE.ByRating
alg,ml-100k/u.data,4,57547,145,0.8479840087562808,0.8870204641331116,188,1880,1880,1.0,0.9567964250468081,0.6876353951718097,0.6876353951718098
alg,ml-100k/u.data,3,57674,125,0.8930148921772745,0.9333212394873461,188,1880,1880,1.0,0.9526948387087825,0.733487217620885,0.7334872176208848
alg,ml-100k/u.data,0,57742,119,0.8930465599845294,0.9297004698618229,189,1890,1890,1.0,0.9538786136134547,0.7253614399983429,0.7253614399983431
alg,ml-100k/u.data,1,57803,110,0.8993753301091653,0.9347242384763443,189,1890,1890,1.0,0.9506683099530516,0.7376723780873028,0.7376723780873032
alg,ml-100k/u.data,2,57879,108,0.968527506451837,1.0131731789964007,189,1890,1890,1.0,0.9465752755976719,0.7893080092756222,0.7893080092756211
