Algorithm,DataSet,Partition,BuildTime,TestTime,RMSE.ByUser,RMSE.ByRating,NUsers,NAttempted,NGood,Coverage,nDCG,MAE.ByUser,MAE.ByRating
alg,ml-100k/u.data,0,57377,152,0.892499282386205,0.9292779699056511,189,1890,1890,1.0,0.9547925213102437,0.7250348162090491,0.725034816209049
alg,ml-100k/u.data,4,57654,132,0.8487068306573797,0.8877547228414788,188,1880,1880,1.0,0.9568445627158346,0.6877991963211576,0.6877991963211573
alg,ml-100k/u.data,2,57726,119,0.9678368806045532,1.011451954427595,189,1890,1890,1.0,0.9456705305624504,0.7890945944333744,0.7890945944333747
alg,ml-100k/u.data,1,57767,115,0.8983823436895984,0.9339128910024788,189,1890,1890,1.0,0.9505177910584395,0.7377730272124912,0.7377730272124919
alg,ml-100k/u.data,3,57917,108,0.8934051197122522,0.9336019832603413,188,1880,1880,1.0,0.9522842499642279,0.7331080110690996,0.7331080110690998
