Algorithm,DataSet,Partition,BuildTime,TestTime,RMSE.ByUser,RMSE.ByRating,NUsers,NAttempted,NGood,Coverage,nDCG,MAE.ByUser,MAE.ByRating
alg,ml-100k/u.data,1,54215,162,0.8975273774680617,0.9325662950482059,189,1890,1890,1.0,0.9530236983149332,0.7362919577134318,0.7362919577134317
alg,ml-100k/u.data,4,54281,152,0.8490188643344972,0.8882454763156623,188,1880,1880,1.0,0.9566066180217515,0.6891787423881317,0.6891787423881315
alg,ml-100k/u.data,2,54408,123,0.970921971049345,1.015021148754495,189,1890,1890,1.0,0.9447650059603317,0.7908626948476182,0.790862694847618
alg,ml-100k/u.data,0,54451,113,0.8934244317840148,0.9308592780553858,189,1890,1890,1.0,0.9537548532479311,0.7256849137981882,0.7256849137981889
alg,ml-100k/u.data,3,54462,112,0.8935500988181875,0.934025154494878,188,1880,1880,1.0,0.9519217851875231,0.7326405236260816,0.7326405236260812
