Algorithm,DataSet,Partition,BuildTime,TestTime,RMSE.ByUser,RMSE.ByRating,NUsers,NAttempted,NGood,Coverage,nDCG,MAE.ByUser,MAE.ByRating
alg,ml-100k/u.data,0,55160,137,0.8923713039016934,0.929318674366477,189,1890,1890,1.0,0.9540789447023068,0.7245157503754152,0.7245157503754149
alg,ml-100k/u.data,2,55169,148,0.968581597181305,1.0133015918361465,189,1890,1890,1.0,0.9463876143757219,0.7894279891792424,0.7894279891792424
alg,ml-100k/u.data,1,55291,127,0.8993347669315045,0.9345399863472096,189,1890,1890,1.0,0.9517555830370225,0.7373466150098409,0.7373466150098416
alg,ml-100k/u.data,3,55314,122,0.8928789993567687,0.9332823155805461,188,1880,1880,1.0,0.9527561336432725,0.7332645472001548,0.7332645472001549
alg,ml-100k/u.data,4,55378,111,0.8474565022908067,0.8861254526339614,188,1880,1880,1.0,0.9573633529558002,0.6870741961587516,0.6870741961587518
