Algorithm,DataSet,Partition,BuildTime,TestTime,RMSE.ByUser,RMSE.ByRating,NUsers,NAttempted,NGood,Coverage,nDCG,MAE.ByUser,MAE.ByRating
alg,ml-100k/u.data,4,59471,179,0.8477361897469946,0.8865517362381695,188,1880,1880,1.0,0.9567592209620138,0.686781957800949,0.6867819578009491
alg,ml-100k/u.data,2,59701,161,0.9681586863821029,1.0126887896060197,189,1890,1890,1.0,0.9458806643456571,0.78917188876197,0.7891718887619701
alg,ml-100k/u.data,1,59730,150,0.8994946901840866,0.9349648627517431,189,1890,1890,1.0,0.9502782208214285,0.7381543678251221,0.7381543678251221
alg,ml-100k/u.data,3,59847,133,0.8933148382681011,0.9336158389852478,188,1880,1880,1.0,0.9526617761561524,0.7337031778789606,0.7337031778789612
alg,ml-100k/u.data,0,59906,126,0.8931328024350428,0.9297157880394166,189,1890,1890,1.0,0.9539644289971647,0.72545816034146,0.72545816034146
