Algorithm,DataSet,Partition,BuildTime,TestTime,RMSE.ByUser,RMSE.ByRating,NUsers,NAttempted,NGood,Coverage,nDCG,MAE.ByUser,MAE.ByRating
alg,ml-100k/u.data,0,58891,170,0.8930420091576962,0.9297040049223828,189,1890,1890,1.0,0.9535516441020839,0.725264789692079,0.7252647896920787
alg,ml-100k/u.data,4,59159,132,0.8478217191734466,0.8867826342311242,188,1880,1880,1.0,0.956376954967371,0.6873604138333282,0.6873604138333281
alg,ml-100k/u.data,1,59183,133,0.8995984789480836,0.9350430584088121,189,1890,1890,1.0,0.9507717781312475,0.7379818763589324,0.7379818763589318
alg,ml-100k/u.data,3,59210,129,0.8931415411996432,0.9335439105235611,188,1880,1880,1.0,0.952822465001036,0.7335270151637695,0.7335270151637694
alg,ml-100k/u.data,2,59282,121,0.9687909052928764,1.01346943960802,189,1890,1890,1.0,0.9463153174111856,0.7893054499400987,0.7893054499400985
