Algorithm,DataSet,Partition,BuildTime,TestTime,RMSE.ByUser,RMSE.ByRating,NUsers,NAttempted,NGood,Coverage,nDCG,MAE.ByUser,MAE.ByRating
alg,ml-100k/u.data,4,55718,158,0.852393557301133,0.8920415275980741,188,1880,1880,1.0,0.9568503004825907,0.6929984734822361,0.6929984734822362
alg,ml-100k/u.data,1,55918,138,0.8986455677795752,0.9333729028300065,189,1890,1890,1.0,0.9522154588016971,0.7381307764091214,0.7381307764091213
alg,ml-100k/u.data,2,55956,129,0.970447418659565,1.0135019900715965,189,1890,1890,1.0,0.945749790693096,0.7925509663678525,0.7925509663678529
alg,ml-100k/u.data,0,56018,126,0.8927385035730555,0.9302302666740793,189,1890,1890,1.0,0.9543649944191492,0.725041350155269,0.7250413501552686
alg,ml-100k/u.data,3,56123,109,0.8967439736736655,0.9369024674481462,188,1880,1880,1.0,0.950991980942906,0.7337573976154965,0.733757397615496
