Algorithm,DataSet,Partition,BuildTime,TestTime,RMSE.ByUser,RMSE.ByRating,NUsers,NAttempted,NGood,Coverage,nDCG,MAE.ByUser,MAE.ByRating
alg,ml-100k/u.data,1,61063,223,0.8984337953277682,0.933662343029765,189,1890,1890,1.0,0.9505211544770622,0.7381880713043062,0.7381880713043062
alg,ml-100k/u.data,0,61383,145,0.8911541742680353,0.9280649340825801,189,1890,1890,1.0,0.9540531525633281,0.7240067307339623,0.7240067307339624
alg,ml-100k/u.data,2,61369,161,0.9669760662722969,1.0103396431000708,189,1890,1890,1.0,0.9452448392847557,0.7882007484120026,0.7882007484120033
alg,ml-100k/u.data,4,61586,118,0.8489973400847829,0.8877468115334115,188,1880,1880,1.0,0.9567479105741415,0.688478893982206,0.6884788939822055
alg,ml-100k/u.data,3,61612,124,0.8925649779611178,0.9325384721699145,188,1880,1880,1.0,0.9520822985284513,0.732040473609786,0.7320404736097859
