Algorithm,DataSet,Partition,BuildTime,TestTime,RMSE.ByUser,RMSE.ByRating,NUsers,NAttempted,NGood,Coverage,nDCG,MAE.ByUser,MAE.ByRating
alg,ml-100k/u.data,4,53665,136,0.8480841141938805,0.8869902896055213,188,1880,1880,1.0,0.9563322772082962,0.6876025797883973,0.6876025797883973
alg,ml-100k/u.data,1,53726,139,0.8988843108119992,0.9341652573441283,189,1890,1890,1.0,0.9509254910203833,0.737998015804989,0.737998015804989
alg,ml-100k/u.data,2,53813,119,0.966975924745812,1.0110264768891308,189,1890,1890,1.0,0.9463766044204595,0.7886926645095639,0.7886926645095642
alg,ml-100k/u.data,0,53906,106,0.8919179528158457,0.9287386683581195,189,1890,1890,1.0,0.9545925760790226,0.7242549908207563,0.7242549908207562
alg,ml-100k/u.data,3,53957,106,0.8926132952019342,0.932727683867501,188,1880,1880,1.0,0.9521610269960017,0.7330432464769258,0.733043246476925
