Algorithm,DataSet,Partition,BuildTime,TestTime,RMSE.ByUser,RMSE.ByRating,NUsers,NAttempted,NGood,Coverage,nDCG,MAE.ByUser,MAE.ByRating
alg,ml-100k/u.data,4,56780,151,0.8476749092305853,0.8865124917871801,188,1880,1880,1.0,0.95723665647219,0.6870473914917646,0.687047391491765
alg,ml-100k/u.data,1,56954,133,0.899120145806387,0.9345535701931789,189,1890,1890,1.0,0.950747962348523,0.7380828319804609,0.7380828319804608
alg,ml-100k/u.data,3,56964,141,0.8931491130602727,0.9333408535868734,188,1880,1880,1.0,0.9529351427048579,0.7335553248091243,0.7335553248091246
alg,ml-100k/u.data,2,57001,119,0.9674844798795258,1.0117981086921077,189,1890,1890,1.0,0.9463550033109533,0.7891103451982839,0.7891103451982842
alg,ml-100k/u.data,0,57019,126,0.8925745010412078,0.9292701095158755,189,1890,1890,1.0,0.9547917078208775,0.7244602904839885,0.724460290483988
