Algorithm,DataSet,Partition,BuildTime,TestTime,RMSE.ByUser,RMSE.ByRating,NUsers,NAttempted,NGood,Coverage,nDCG,MAE.ByUser,MAE.ByRating
alg,ml-100k/u.data,2,62519,661,0.9712564345891451,1.0150503176869627,189,1890,1890,1.0,0.9460052575664902,0.7918231278012575,0.7918231278012579
alg,ml-100k/u.data,3,62503,681,0.8925021681474923,0.9338514236784795,188,1880,1880,1.0,0.9520486826391561,0.7315812748068742,0.7315812748068745
alg,ml-100k/u.data,1,62437,767,0.8973457755536035,0.9319739681197439,189,1890,1890,1.0,0.9518456577680704,0.7363237984339643,0.7363237984339653
alg,ml-100k/u.data,0,62483,763,0.8946594506254704,0.9314353572409997,189,1890,1890,1.0,0.9542837912355038,0.7281870855351136,0.7281870855351138
alg,ml-100k/u.data,4,62459,789,0.8513986842050234,0.8901161774362386,188,1880,1880,1.0,0.9563028230893768,0.6915527137369444,0.691552713736944
