Algorithm,DataSet,Partition,BuildTime,TestTime,RMSE.ByUser,RMSE.ByRating,NUsers,NAttempted,NGood,Coverage,nDCG,MAE.ByUser,MAE.ByRating
alg,ml-100k/u.data,1,57923,131,0.8998150082201398,0.9350074325972765,189,1890,1890,1.0,0.9516734413827734,0.737557486553745,0.737557486553745
alg,ml-100k/u.data,2,57918,138,0.9722149751333047,1.0171161118226568,189,1890,1890,1.0,0.9458567412641161,0.7920437433118976,0.7920437433118973
alg,ml-100k/u.data,3,58132,118,0.8936646049690411,0.9338334796671505,188,1880,1880,1.0,0.9533149079327057,0.7341771717855178,0.7341771717855177
alg,ml-100k/u.data,0,58303,107,0.8955302018072996,0.932570148217211,189,1890,1890,1.0,0.9536594261370859,0.7270893521324372,0.727089352132437
alg,ml-100k/u.data,4,58325,103,0.847400947596197,0.8863564267060968,188,1880,1880,1.0,0.9564918992427613,0.6870073210777232,0.6870073210777228
