Algorithm,DataSet,Partition,BuildTime,TestTime,RMSE.ByUser,RMSE.ByRating,NUsers,NAttempted,NGood,Coverage,nDCG,MAE.ByUser,MAE.ByRating
alg,ml-100k/u.data,4,53054,153,0.8487983193340457,0.8872634490757839,188,1880,1880,1.0,0.9571746393782832,0.688279991532402,0.6882799915324018
alg,ml-100k/u.data,1,53171,126,0.8988981659062332,0.9340510771201845,189,1890,1890,1.0,0.9511298670136156,0.7385274716552961,0.7385274716552962
alg,ml-100k/u.data,2,53292,120,0.9672854601724656,1.0107918270120593,189,1890,1890,1.0,0.945343861599863,0.7889326636708723,0.788932663670872
alg,ml-100k/u.data,0,53337,111,0.8914128016814105,0.9283153269115975,189,1890,1890,1.0,0.9539514425701832,0.7239118823515432,0.723911882351543
alg,ml-100k/u.data,3,53415,107,0.8917532190533264,0.9317456352306391,188,1880,1880,1.0,0.9525561487238747,0.7317224630818313,0.7317224630818313
