Algorithm,DataSet,Partition,BuildTime,TestTime,RMSE.ByUser,RMSE.ByRating,NUsers,NAttempted,NGood,Coverage,nDCG,MAE.ByUser,MAE.ByRating
alg,ml-100k/u.data,1,59181,164,0.8999090997720562,0.9352241135517656,189,1890,1890,1.0,0.9511826048913039,0.7375635447350092,0.7375635447350085
alg,ml-100k/u.data,0,59307,149,0.8953321507192983,0.9322576254668771,189,1890,1890,1.0,0.9539265669645735,0.7272917733625196,0.7272917733625187
alg,ml-100k/u.data,2,59348,141,0.9713298535521182,1.016329019354353,189,1890,1890,1.0,0.9459565882559571,0.7915138225946401,0.7915138225946401
alg,ml-100k/u.data,4,59482,126,0.8469919139285338,0.8860036925357804,188,1880,1880,1.0,0.9566498848806232,0.6869967160928098,0.6869967160928095
alg,ml-100k/u.data,3,59499,129,0.8945582874316986,0.9349205902531921,188,1880,1880,1.0,0.9524243612138126,0.7344931009384658,0.7344931009384653
