Algorithm,DataSet,Partition,BuildTime,TestTime,RMSE.ByUser,RMSE.ByRating,NUsers,NAttempted,NGood,Coverage,nDCG,MAE.ByUser,MAE.ByRating
alg,ml-100k/u.data,4,53850,149,0.8557530346023927,0.896642550462411,188,1880,1880,1.0,0.9558283965562934,0.6965108061666535,0.6965108061666534
alg,ml-100k/u.data,1,53991,139,0.9013517799653028,0.9361481065469898,189,1890,1890,1.0,0.9507893001621286,0.7410440421744561,0.7410440421744567
alg,ml-100k/u.data,0,54163,109,0.8946272900456552,0.9324596596108603,189,1890,1890,1.0,0.9548150468466055,0.7267007756093109,0.7267007756093106
alg,ml-100k/u.data,2,54219,106,0.97328868373277,1.0157215793042758,189,1890,1890,1.0,0.9433119556772883,0.7955329801579903,0.7955329801579908
alg,ml-100k/u.data,3,54253,104,0.9019771961980693,0.9423869462865222,188,1880,1880,1.0,0.9508716883028724,0.7367264950908881,0.736726495090888
