Algorithm,DataSet,Partition,BuildTime,TestTime,RMSE.ByUser,RMSE.ByRating,NUsers,NAttempted,NGood,Coverage,nDCG,MAE.ByUser,MAE.ByRating
alg,ml-100k/u.data,4,54367,141,0.8474637102394984,0.8862169320582794,188,1880,1880,1.0,0.9565798925261689,0.6871493363408226,0.6871493363408232
alg,ml-100k/u.data,2,54461,130,0.9690604930692079,1.0139868481898582,189,1890,1890,1.0,0.9469404264675653,0.7895307927767342,0.7895307927767345
alg,ml-100k/u.data,0,54488,130,0.893305557049963,0.9303167051266943,189,1890,1890,1.0,0.953615802795502,0.7257066911591871,0.725706691159187
alg,ml-100k/u.data,3,54507,124,0.8935770377255013,0.9340843343532286,188,1880,1880,1.0,0.9523809680499943,0.7336756447618314,0.7336756447618318
alg,ml-100k/u.data,1,54562,112,0.8990703441495077,0.9343389599944388,189,1890,1890,1.0,0.9519947468359775,0.7370995362677049,0.7370995362677045
