Algorithm,DataSet,Partition,BuildTime,TestTime,RMSE.ByUser,RMSE.ByRating,NUsers,NAttempted,NGood,Coverage,nDCG,MAE.ByUser,MAE.ByRating
alg,ml-100k/u.data,2,54274,145,0.9686132876281407,1.013231527250594,189,1890,1890,1.0,0.9462470995372878,0.7895403191079873,0.7895403191079869
alg,ml-100k/u.data,4,54327,138,0.8481470163834267,0.8867096769294711,188,1880,1880,1.0,0.9561241201889689,0.6877832305790322,0.687783230579032
alg,ml-100k/u.data,0,54500,115,0.8923092695544437,0.9293806906121919,189,1890,1890,1.0,0.9539494381445841,0.7242219786184411,0.7242219786184412
alg,ml-100k/u.data,1,54539,110,0.8988452262707866,0.9340016303284077,189,1890,1890,1.0,0.9518628186465606,0.7370034004464774,0.7370034004464774
alg,ml-100k/u.data,3,54598,112,0.8913971963469797,0.9316520698391785,188,1880,1880,1.0,0.9526785604545804,0.7320402034816708,0.732040203481671
