Algorithm,DataSet,Partition,BuildTime,TestTime,RMSE.ByUser,RMSE.ByRating,NUsers,NAttempted,NGood,Coverage,nDCG,MAE.ByUser,MAE.ByRating
alg,ml-100k/u.data,4,51598,145,0.8481903320930015,0.8869219396585136,188,1880,1880,1.0,0.9569597022737965,0.6884969585419176,0.6884969585419174
alg,ml-100k/u.data,3,51663,128,0.8918434641342199,0.9321953071253798,188,1880,1880,1.0,0.9523172143004808,0.7319286617336297,0.7319286617336296
alg,ml-100k/u.data,1,51747,114,0.8976036558103765,0.9325011185065508,189,1890,1890,1.0,0.9525172971730617,0.7363666028585389,0.7363666028585387
alg,ml-100k/u.data,0,51753,115,0.8923917489550732,0.9296070048875351,189,1890,1890,1.0,0.9544829268056708,0.7242934537237288,0.7242934537237284
alg,ml-100k/u.data,2,51798,106,0.9697128496749743,1.0139875639114382,189,1890,1890,1.0,0.9459193775034619,0.7900470555925525,0.790047055592552
