threshold,RMSE.ByUser,RMSE.ByRating,MAE.ByUser,MAE.ByRating
1.0,0.902841720219,0.941975788844,0.736357911384,0.736357911384
