threshold,RMSE.ByUser,RMSE.ByRating,MAE.ByUser,MAE.ByRating
1.0,0.900911115683,0.940054683714,0.735100022617,0.735100022617
