threshold,RMSE.ByUser,RMSE.ByRating,MAE.ByUser,MAE.ByRating
1.0,0.903548950025,0.942922308975,0.737371061998,0.737371061998
