threshold,RMSE.ByUser,RMSE.ByRating,MAE.ByUser,MAE.ByRating
1.0,0.904260179247,0.943690120837,0.738008045712,0.738008045712
