threshold,RMSE.ByUser,RMSE.ByRating,MAE.ByUser,MAE.ByRating
1.0,0.902293578142,0.941384620496,0.735890958871,0.735890958871
