threshold,RMSE.ByUser,RMSE.ByRating,MAE.ByUser,MAE.ByRating
1.0,0.901607987312,0.940750998562,0.73551460808,0.73551460808
