threshold,RMSE.ByUser,RMSE.ByRating,MAE.ByUser,MAE.ByRating
1.0,0.901261176626,0.940468264425,0.735410595049,0.735410595049
