threshold,RMSE.ByUser,RMSE.ByRating,MAE.ByUser,MAE.ByRating
1.0,0.901527317281,0.940854549696,0.735589232703,0.735589232703
