threshold,RMSE.ByUser,RMSE.ByRating,MAE.ByUser,MAE.ByRating
1.0,0.901165363975,0.940407418081,0.735363781892,0.735363781892
