threshold,RMSE.ByUser,RMSE.ByRating,MAE.ByUser,MAE.ByRating
1.0,0.902805804562,0.942122607162,0.736631510642,0.736631510642
