threshold,RMSE.ByUser,RMSE.ByRating,MAE.ByUser,MAE.ByRating
1.0,0.900853130382,0.940090046682,0.735186975923,0.735186975923
