threshold,RMSE.ByUser,RMSE.ByRating,MAE.ByUser,MAE.ByRating
1.0,0.901990302111,0.941308554461,0.736100669961,0.736100669961
