Algorithm,DataSet,Partition,BuildTime,TestTime,RMSE.ByUser,RMSE.ByRating,NUsers,NAttempted,NGood,Coverage,nDCG,MAE.ByUser,MAE.ByRating
alg,ml-100k/u.data,3,44900,144,0.8951921910461244,0.9357215495421409,188,1880,1880,1.0,0.9535850666052891,0.733997876252101,0.7339978762521
alg,ml-100k/u.data,1,44919,149,0.9003633713651337,0.9362225282666429,189,1890,1890,1.0,0.9487378118457183,0.7393314502809518,0.7393314502809522
alg,ml-100k/u.data,4,45075,124,0.8487583105596156,0.8879981487235029,188,1880,1880,1.0,0.955285033122695,0.6872834331686773,0.6872834331686775
alg,ml-100k/u.data,2,45131,122,0.9688392859847299,1.0124952053911347,189,1890,1890,1.0,0.9462608766022074,0.7903789270884453,0.7903789270884459
alg,ml-100k/u.data,0,45202,120,0.8948867776035201,0.9313175608876489,189,1890,1890,1.0,0.9533413111858708,0.7265813536106802,0.7265813536106804
