Algorithm,DataSet,Partition,BuildTime,TestTime,RMSE.ByUser,RMSE.ByRating,NUsers,NAttempted,NGood,Coverage,nDCG,MAE.ByUser,MAE.ByRating
alg,ml-100k/u.data,1,49188,170,0.9018737997980226,0.9372759377738097,189,1890,1890,1.0,0.9511883715098395,0.739699322476632,0.7396993224766315
alg,ml-100k/u.data,4,49343,145,0.847640808356795,0.8868299112872412,188,1880,1880,1.0,0.9562504718846534,0.6876953900499334,0.6876953900499334
alg,ml-100k/u.data,3,49395,164,0.8970290765191514,0.9370548641719672,188,1880,1880,1.0,0.9530165693601694,0.7377168792731773,0.7377168792731771
alg,ml-100k/u.data,0,49426,143,0.8992567017564843,0.9364197428704077,189,1890,1890,1.0,0.9536418230838554,0.7299746589633265,0.7299746589633265
alg,ml-100k/u.data,2,49492,127,0.9755005098044132,1.0208701480794848,189,1890,1890,1.0,0.9462361764593632,0.7949539777946061,0.7949539777946056
