Algorithm,DataSet,Partition,BuildTime,TestTime,RMSE.ByUser,RMSE.ByRating,NUsers,NAttempted,NGood,Coverage,nDCG,MAE.ByUser,MAE.ByRating
alg,ml-100k/u.data,4,42700,159,0.8475603765659748,0.8864052204405604,188,1880,1880,1.0,0.956346649259381,0.6867215199119894,0.686721519911989
alg,ml-100k/u.data,1,42785,156,0.9003196704720866,0.9358009819752219,189,1890,1890,1.0,0.949879713727379,0.7386269254227937,0.7386269254227937
alg,ml-100k/u.data,3,42906,147,0.8941722378739134,0.934482509299515,188,1880,1880,1.0,0.9521837844231786,0.7344273846393113,0.7344273846393115
alg,ml-100k/u.data,0,42979,139,0.8942470298224678,0.930723415022177,189,1890,1890,1.0,0.9542122467407136,0.7263892911686667,0.726389291168667
alg,ml-100k/u.data,2,43228,114,0.968256263679696,1.0128612918335342,189,1890,1890,1.0,0.9461721811521753,0.7893349919427467,0.7893349919427461
