Algorithm,DataSet,Partition,BuildTime,TestTime,RMSE.ByUser,RMSE.ByRating,NUsers,NAttempted,NGood,Coverage,nDCG,MAE.ByUser,MAE.ByRating
alg,ml-100k/u.data,1,47269,1213,0.9017995686028525,0.9374271550310487,189,1890,1890,1.0,0.9489224655435589,0.740793771966953,0.7407937719669531
alg,ml-100k/u.data,4,48465,125,0.8503022065670419,0.889566993001597,188,1880,1880,1.0,0.9550880637238092,0.6884369749935794,0.6884369749935794
alg,ml-100k/u.data,3,48465,128,0.8960911271905605,0.936854718692703,188,1880,1880,1.0,0.9532229066015898,0.7344537012598142,0.7344537012598142
alg,ml-100k/u.data,0,48517,121,0.8966311239245752,0.9331508245051171,189,1890,1890,1.0,0.9546257790017597,0.7275953131369545,0.7275953131369545
alg,ml-100k/u.data,2,48572,113,0.9693845748110067,1.0128792529887434,189,1890,1890,1.0,0.9453759450807457,0.7905097955644744,0.790509795564475
