Algorithm,DataSet,Partition,BuildTime,TestTime,RMSE.ByUser,RMSE.ByRating,NUsers,NAttempted,NGood,Coverage,nDCG,MAE.ByUser,MAE.ByRating
alg,ml-100k/u.data,3,45547,161,0.894713089698661,0.9352217088546317,188,1880,1880,1.0,0.9535967000028494,0.73425453269861,0.7342545326986102
alg,ml-100k/u.data,4,45780,141,0.8479341635600365,0.8869800721975651,188,1880,1880,1.0,0.9559813224366919,0.6866747739116773,0.6866747739116769
alg,ml-100k/u.data,1,45844,139,0.9000326874698876,0.9358995367632612,189,1890,1890,1.0,0.9499711161218225,0.739035882696593,0.7390358826965924
alg,ml-100k/u.data,2,45902,128,0.9689002963253964,1.0131336271892262,189,1890,1890,1.0,0.945409379796329,0.7903169022827428,0.790316902282743
alg,ml-100k/u.data,0,45915,131,0.8942465828224132,0.9308021453996635,189,1890,1890,1.0,0.9535568977142159,0.7265368178722101,0.7265368178722097
