Algorithm,DataSet,Partition,BuildTime,TestTime,RMSE.ByUser,RMSE.ByRating,NUsers,NAttempted,NGood,Coverage,nDCG,MAE.ByUser,MAE.ByRating
alg,ml-100k/u.data,4,49861,156,0.8469934026416092,0.886010950068379,188,1880,1880,1.0,0.9564339161245223,0.6871962074624424,0.6871962074624424
alg,ml-100k/u.data,0,49851,194,0.8960094679582705,0.9329255020972183,189,1890,1890,1.0,0.9541029684245174,0.7279478675816293,0.7279478675816295
alg,ml-100k/u.data,1,49967,161,0.9004253743120043,0.93580693682548,189,1890,1890,1.0,0.9507880953503145,0.7382498889615942,0.7382498889615934
alg,ml-100k/u.data,3,50153,133,0.8944978291150112,0.9348198571564466,188,1880,1880,1.0,0.9531464798974637,0.7349927824504601,0.7349927824504605
alg,ml-100k/u.data,2,50191,130,0.9720254365290398,1.0169795261580985,189,1890,1890,1.0,0.9458345202142053,0.792116603350822,0.7921166033508222
