Algorithm,DataSet,Partition,BuildTime,TestTime,RMSE.ByUser,RMSE.ByRating,NUsers,NAttempted,NGood,Coverage,nDCG,MAE.ByUser,MAE.ByRating
alg,ml-100k/u.data,0,49794,182,0.8948179902684398,0.9315871291497593,189,1890,1890,1.0,0.9536261262409894,0.7270474371221314,0.7270474371221309
alg,ml-100k/u.data,3,50028,145,0.8944740218346726,0.9350276437995346,188,1880,1880,1.0,0.9523634849157014,0.7347547763537108,0.7347547763537117
alg,ml-100k/u.data,4,50084,141,0.8475902106070681,0.8866251640470505,188,1880,1880,1.0,0.956515323699926,0.6873836801265474,0.6873836801265469
alg,ml-100k/u.data,2,50270,126,0.9704399696964177,1.0153802718483216,189,1890,1890,1.0,0.9459939810177382,0.7905503752944035,0.7905503752944045
alg,ml-100k/u.data,1,50304,125,0.9003143939991038,0.9356525396331157,189,1890,1890,1.0,0.9502420826837659,0.7382098946176027,0.7382098946176028
