Algorithm,DataSet,Partition,BuildTime,TestTime,RMSE.ByUser,RMSE.ByRating,NUsers,NAttempted,NGood,Coverage,nDCG,MAE.ByUser,MAE.ByRating
alg,ml-100k/u.data,4,44631,157,0.849734060790021,0.8890339168305617,188,1880,1880,1.0,0.9542113580720123,0.687924703611243,0.6879247036112429
alg,ml-100k/u.data,1,44782,143,0.9006971971770367,0.9362887297885474,189,1890,1890,1.0,0.9491112428988896,0.7397295762180085,0.7397295762180094
alg,ml-100k/u.data,3,44924,120,0.8958817440105431,0.9365240052200019,188,1880,1880,1.0,0.9535622265563571,0.7342096413220373,0.7342096413220371
alg,ml-100k/u.data,0,45008,122,0.8958993252967482,0.9322866139620788,189,1890,1890,1.0,0.9537723139566202,0.7270431200398932,0.7270431200398927
alg,ml-100k/u.data,2,45048,116,0.9692555634366777,1.0127898366789776,189,1890,1890,1.0,0.9461672625344764,0.7905477531644112,0.7905477531644104
