Algorithm,DataSet,Partition,BuildTime,TestTime,RMSE.ByUser,RMSE.ByRating,NUsers,NAttempted,NGood,Coverage,nDCG,MAE.ByUser,MAE.ByRating
alg,ml-100k/u.data,0,45608,151,0.8938427563124032,0.9304546544109907,189,1890,1890,1.0,0.9541126248122731,0.7261748920431743,0.726174892043174
alg,ml-100k/u.data,3,45643,145,0.8943442303887227,0.9348213724530061,188,1880,1880,1.0,0.952343428077856,0.7345662791078771,0.7345662791078772
alg,ml-100k/u.data,2,45701,136,0.9679602292987189,1.0124005361650505,189,1890,1890,1.0,0.946104111445195,0.7892061258873477,0.7892061258873474
alg,ml-100k/u.data,4,45781,117,0.847971792265302,0.8870040246225444,188,1880,1880,1.0,0.9559977168061992,0.6868177062613617,0.6868177062613614
alg,ml-100k/u.data,1,45872,113,0.9001466436473148,0.935769645760603,189,1890,1890,1.0,0.9502460291122161,0.7391698763167694,0.7391698763167696
