Algorithm,DataSet,Partition,BuildTime,TestTime,RMSE.ByUser,RMSE.ByRating,NUsers,NAttempted,NGood,Coverage,nDCG,MAE.ByUser,MAE.ByRating
alg,ml-100k/u.data,3,47431,165,0.9171423535676568,0.959378853084248,188,1880,1880,1.0,0.9500164307074908,0.7490938460612739,0.7490938460612739
alg,ml-100k/u.data,4,47446,160,0.8656202897387026,0.9061856240475445,188,1880,1880,1.0,0.9514810445738622,0.7085168785049991,0.7085168785049997
alg,ml-100k/u.data,0,47685,130,0.9134617581123426,0.9495865915156979,189,1890,1890,1.0,0.9504971668945984,0.7460751008967036,0.7460751008967043
alg,ml-100k/u.data,2,47687,130,0.9914730060933296,1.0340471010691101,189,1890,1890,1.0,0.9419714983661653,0.8079989340052923,0.8079989340052919
alg,ml-100k/u.data,1,47766,130,0.9186084406355982,0.9554875034357868,189,1890,1890,1.0,0.9470113740545993,0.7549866782843021,0.754986678284302
