Algorithm,DataSet,Partition,BuildTime,TestTime,RMSE.ByUser,RMSE.ByRating,NUsers,NAttempted,NGood,Coverage,nDCG,MAE.ByUser,MAE.ByRating
alg,ml-100k/u.data,3,45795,179,0.8934381374356138,0.9339122212792609,188,1880,1880,1.0,0.9524415160871346,0.7337516384943208,0.7337516384943211
alg,ml-100k/u.data,4,46072,138,0.8476001893880188,0.8864669910436934,188,1880,1880,1.0,0.9566056148890251,0.6876609350752096,0.6876609350752099
alg,ml-100k/u.data,2,46107,139,0.9688062753283517,1.0132720393880013,189,1890,1890,1.0,0.9470791721057878,0.7897656598203758,0.7897656598203755
alg,ml-100k/u.data,1,46222,120,0.8990941115844285,0.9342966918403318,189,1890,1890,1.0,0.9504270707726475,0.7373509141623659,0.7373509141623662
alg,ml-100k/u.data,0,46368,116,0.8933386223014793,0.9302622404630067,189,1890,1890,1.0,0.9537931544997185,0.725728943347041,0.725728943347041
