Algorithm,DataSet,Partition,BuildTime,TestTime,RMSE.ByUser,RMSE.ByRating,NUsers,NAttempted,NGood,Coverage,nDCG,MAE.ByUser,MAE.ByRating
alg,ml-100k/u.data,4,43322,164,0.8480022452188829,0.8871381666697824,188,1880,1880,1.0,0.9559856826682988,0.6867430003380929,0.6867430003380924
alg,ml-100k/u.data,1,43486,119,0.8996187997630201,0.9354116446027837,189,1890,1890,1.0,0.9499289180250879,0.7388429408460208,0.7388429408460212
alg,ml-100k/u.data,0,43503,121,0.8942153212888968,0.9307350457328334,189,1890,1890,1.0,0.9538095062784244,0.7264325596318547,0.7264325596318549
alg,ml-100k/u.data,3,43552,116,0.8947357310047114,0.9352645579811085,188,1880,1880,1.0,0.9534742101007078,0.7341202229749487,0.7341202229749483
alg,ml-100k/u.data,2,43605,110,0.9687205312343844,1.0128251261392422,189,1890,1890,1.0,0.9454902692695406,0.7903094223076522,0.7903094223076521
