Algorithm,DataSet,Partition,BuildTime,TestTime,RMSE.ByUser,RMSE.ByRating,NUsers,NAttempted,NGood,Coverage,nDCG,MAE.ByUser,MAE.ByRating
alg,ml-100k/u.data,0,46974,178,0.8932574050318257,0.9307927507545347,189,1890,1890,1.0,0.9545805971946076,0.7249847750710917,0.7249847750710915
alg,ml-100k/u.data,3,47144,148,0.8929260013111815,0.9332063731533725,188,1880,1880,1.0,0.952330640244061,0.7324401287126895,0.7324401287126887
alg,ml-100k/u.data,2,47157,143,0.9686446704888609,1.0121893668059767,189,1890,1890,1.0,0.9438787285329808,0.7901012263475189,0.7901012263475181
alg,ml-100k/u.data,4,47166,138,0.8490782874968167,0.8878669230979218,188,1880,1880,1.0,0.9572296850584316,0.6890299721496997,0.6890299721497001
alg,ml-100k/u.data,1,47204,136,0.8986434773660769,0.9332317004215653,189,1890,1890,1.0,0.9521991801966845,0.7381313816814639,0.7381313816814635
