Algorithm,DataSet,Partition,BuildTime,TestTime,RMSE.ByUser,RMSE.ByRating,NUsers,NAttempted,NGood,Coverage,nDCG,MAE.ByUser,MAE.ByRating
alg,ml-100k/u.data,1,48684,211,0.8995266454916424,0.9350554158175652,189,1890,1890,1.0,0.9505914249666803,0.7386550833962262,0.7386550833962257
alg,ml-100k/u.data,0,48700,220,0.893180588976338,0.9298632068730316,189,1890,1890,1.0,0.9546997326224368,0.7255288503170125,0.7255288503170125
alg,ml-100k/u.data,4,48726,213,0.847971272710225,0.8870766204039604,188,1880,1880,1.0,0.9562849006957671,0.6869723214337179,0.6869723214337177
alg,ml-100k/u.data,2,48981,130,0.9677301081551407,1.0115915449697022,189,1890,1890,1.0,0.946545021917306,0.7891323771815564,0.7891323771815564
alg,ml-100k/u.data,3,49116,128,0.8936513606835018,0.9340435559335378,188,1880,1880,1.0,0.9538202371742257,0.733685106221625,0.7336851062216249
