Algorithm,DataSet,Partition,BuildTime,TestTime,RMSE.ByUser,RMSE.ByRating,NUsers,NAttempted,NGood,Coverage,nDCG,MAE.ByUser,MAE.ByRating
alg,ml-100k/u.data,1,42924,186,0.8998622165795357,0.935094860721569,189,1890,1890,1.0,0.9515585519657594,0.73803946491346,0.7380394649134601
alg,ml-100k/u.data,4,42973,167,0.8475540968847469,0.8863523041001129,188,1880,1880,1.0,0.95575777798618,0.6876859804558438,0.6876859804558427
alg,ml-100k/u.data,2,43055,161,0.9730488097597806,1.0181502265855753,189,1890,1890,1.0,0.9463801098720874,0.7923996423283018,0.7923996423283026
alg,ml-100k/u.data,3,43145,140,0.8961637017857191,0.9364014074654886,188,1880,1880,1.0,0.9526406300628808,0.7360146104833007,0.7360146104833001
alg,ml-100k/u.data,0,43181,136,0.8973816787252518,0.934448261451676,189,1890,1890,1.0,0.9536047289990099,0.728514388768414,0.7285143887684141
