Algorithm,DataSet,Partition,BuildTime,TestTime,RMSE.ByUser,RMSE.ByRating,NUsers,NAttempted,NGood,Coverage,nDCG,MAE.ByUser,MAE.ByRating
alg,ml-100k/u.data,0,49177,157,0.8934617792320249,0.9300753861282315,189,1890,1890,1.0,0.9540396005855593,0.7257845277605124,0.725784527760513
alg,ml-100k/u.data,3,49200,148,0.8945757977977549,0.9350003439819976,188,1880,1880,1.0,0.9527116910354376,0.7344592942051825,0.7344592942051823
alg,ml-100k/u.data,4,49242,133,0.8482660612930387,0.8873391893063317,188,1880,1880,1.0,0.9564827142905944,0.6869120882982731,0.6869120882982735
alg,ml-100k/u.data,1,49227,148,0.8995989352554041,0.9352147567088809,189,1890,1890,1.0,0.950589472445228,0.7387600983238787,0.7387600983238787
alg,ml-100k/u.data,2,49728,122,0.9683490764012682,1.0125684847560825,189,1890,1890,1.0,0.9460690889408492,0.7895852749881712,0.7895852749881718
