Algorithm,DataSet,Partition,BuildTime,TestTime,RMSE.ByUser,RMSE.ByRating,NUsers,NAttempted,NGood,Coverage,nDCG,MAE.ByUser,MAE.ByRating
alg,ml-100k/u.data,4,44733,162,0.8485862122257966,0.8872472826893326,188,1880,1880,1.0,0.9564965716217879,0.6887405126343444,0.6887405126343449
alg,ml-100k/u.data,0,44781,151,0.8942749060902251,0.9318019138606913,189,1890,1890,1.0,0.9541801532633878,0.7257518260136889,0.7257518260136887
alg,ml-100k/u.data,1,44855,138,0.8983632980154969,0.9329659266040863,189,1890,1890,1.0,0.9532542909290346,0.7371562681686832,0.7371562681686844
alg,ml-100k/u.data,3,44904,132,0.8930281484186455,0.9333324389797735,188,1880,1880,1.0,0.9526495963512004,0.7327240043190416,0.732724004319041
alg,ml-100k/u.data,2,44909,130,0.9702392116806051,1.0143543191157804,189,1890,1890,1.0,0.945524235708839,0.7909828559891341,0.7909828559891345
