Algorithm,DataSet,Partition,BuildTime,TestTime,RMSE.ByUser,RMSE.ByRating,NUsers,NAttempted,NGood,Coverage,nDCG,MAE.ByUser,MAE.ByRating
alg,ml-100k/u.data,2,42521,149,0.9716289761853869,1.0162685579260413,189,1890,1890,1.0,0.9458879148213304,0.7917876489402597,0.791787648940259
alg,ml-100k/u.data,4,42639,128,0.8473162426280226,0.886043728195537,188,1880,1880,1.0,0.9566763952930881,0.6871063631354781,0.6871063631354779
alg,ml-100k/u.data,1,42661,128,0.8994994822816669,0.9346902301027441,189,1890,1890,1.0,0.9515132672946823,0.7373971725537042,0.7373971725537046
alg,ml-100k/u.data,0,42893,149,0.8954221754580892,0.9324469205787465,189,1890,1890,1.0,0.953651106524677,0.7270903723011299,0.7270903723011297
alg,ml-100k/u.data,3,42981,139,0.8930878752197945,0.9332141171006251,188,1880,1880,1.0,0.9533511209133767,0.7338067178336555,0.7338067178336558
