Algorithm,DataSet,Partition,BuildTime,TestTime,RMSE.ByUser,RMSE.ByRating,NUsers,NAttempted,NGood,Coverage,nDCG,MAE.ByUser,MAE.ByRating
alg,ml-100k/u.data,0,43577,149,0.8963385446107444,0.9334171807450896,189,1890,1890,1.0,0.9539741955313065,0.7273819823208141,0.727381982320814
alg,ml-100k/u.data,4,43583,147,0.8474482016899061,0.8864438230507706,188,1880,1880,1.0,0.9568121455465994,0.6871669710283709,0.687166971028371
alg,ml-100k/u.data,3,43654,133,0.8941515330659195,0.9342594195415553,188,1880,1880,1.0,0.9538029120680753,0.7352393203584434,0.7352393203584436
alg,ml-100k/u.data,1,43732,123,0.9004383808856105,0.9357458337017772,189,1890,1890,1.0,0.9515807401806672,0.7381793735868348,0.7381793735868347
alg,ml-100k/u.data,2,43774,122,0.9735675425141604,1.0185210519822059,189,1890,1890,1.0,0.9458186537152075,0.7930223094603274,0.7930223094603277
