Algorithm,DataSet,Partition,BuildTime,TestTime,RMSE.ByUser,RMSE.ByRating,NUsers,NAttempted,NGood,Coverage,nDCG,MAE.ByUser,MAE.ByRating
alg,ml-100k/u.data,1,44095,178,0.8990585568808565,0.9339165810427168,189,1890,1890,1.0,0.9527499811704452,0.7375243364298384,0.7375243364298385
alg,ml-100k/u.data,4,44165,159,0.8475253999445082,0.8862484289422574,188,1880,1880,1.0,0.9570182426486691,0.687709458490907,0.6877094584909069
alg,ml-100k/u.data,3,44196,157,0.8939282626657952,0.9340750816281086,188,1880,1880,1.0,0.9531879471581285,0.7337627258754406,0.733762725875441
alg,ml-100k/u.data,0,44379,120,0.894772346511327,0.9321677010384117,189,1890,1890,1.0,0.9542599995976886,0.7263170916145428,0.7263170916145425
alg,ml-100k/u.data,2,44474,117,0.971340997769002,1.0156215244995903,189,1890,1890,1.0,0.9464752059631386,0.7916624694627197,0.7916624694627203
