Algorithm,DataSet,Partition,BuildTime,TestTime,RMSE.ByUser,RMSE.ByRating,NUsers,NAttempted,NGood,Coverage,nDCG,MAE.ByUser,MAE.ByRating
alg,ml-100k/u.data,0,48410,177,0.8944042188446781,0.9311829504432915,189,1890,1890,1.0,0.9539544365639354,0.7266760148085177,0.726676014808518
alg,ml-100k/u.data,1,48900,141,0.8999839634930976,0.9353308249886192,189,1890,1890,1.0,0.9500698407934024,0.7378025555942199,0.7378025555942193
alg,ml-100k/u.data,2,48989,142,0.9700468696259732,1.0149081340151385,189,1890,1890,1.0,0.9465952664999759,0.7904912476538162,0.7904912476538158
alg,ml-100k/u.data,4,49101,121,0.8477853159631967,0.8868565726086762,188,1880,1880,1.0,0.9563265744317612,0.6874997313466623,0.6874997313466625
alg,ml-100k/u.data,3,49154,121,0.8942171417729631,0.9347933397833021,188,1880,1880,1.0,0.9526484557841499,0.7345273577288903,0.7345273577288899
