Algorithm,DataSet,Partition,BuildTime,TestTime,RMSE.ByUser,RMSE.ByRating,NUsers,NAttempted,NGood,Coverage,nDCG,MAE.ByUser,MAE.ByRating
alg,ml-100k/u.data,1,42860,152,0.9001957710049058,0.9356024351085346,189,1890,1890,1.0,0.9501685068596905,0.7395414777261645,0.7395414777261644
alg,ml-100k/u.data,3,43199,123,0.894560565409708,0.9351244530496644,188,1880,1880,1.0,0.9545083699241909,0.7334189561939403,0.7334189561939409
alg,ml-100k/u.data,2,43218,124,0.9688923834805265,1.01221427077422,189,1890,1890,1.0,0.9457699823679832,0.7902669741214627,0.7902669741214626
alg,ml-100k/u.data,0,43227,124,0.8946257616081745,0.9312965788489899,189,1890,1890,1.0,0.9543480447367256,0.72606590829691,0.7260659082969099
alg,ml-100k/u.data,4,43255,115,0.8492673106176931,0.8885647979953917,188,1880,1880,1.0,0.9560544954546552,0.6880192537033234,0.6880192537033233
