Algorithm,DataSet,Partition,BuildTime,TestTime,RMSE.ByUser,RMSE.ByRating,NUsers,NAttempted,NGood,Coverage,nDCG,MAE.ByUser,MAE.ByRating
alg,ml-100k/u.data,3,49409,168,0.8932729172171857,0.9335382213661528,188,1880,1880,1.0,0.9522531824212177,0.7336877930121943,0.7336877930121941
alg,ml-100k/u.data,4,49501,151,0.8478797230852678,0.8868966788785769,188,1880,1880,1.0,0.9567520502711784,0.6875259764014898,0.6875259764014895
alg,ml-100k/u.data,2,49511,142,0.9684062652587067,1.012614874179561,189,1890,1890,1.0,0.946647651425924,0.7897190995591865,0.7897190995591865
alg,ml-100k/u.data,1,49588,125,0.8998392738744434,0.9352115881067249,189,1890,1890,1.0,0.9497990477196563,0.737983606368205,0.7379836063682044
alg,ml-100k/u.data,0,49826,132,0.8931968584860563,0.9297945997945718,189,1890,1890,1.0,0.9538872763320726,0.7253388459231167,0.7253388459231167
