Algorithm,DataSet,Partition,BuildTime,TestTime,RMSE.ByUser,RMSE.ByRating,NUsers,NAttempted,NGood,Coverage,nDCG,MAE.ByUser,MAE.ByRating
alg,ml-100k/u.data,0,47246,177,0.8954581337524072,0.9329673128006405,189,1890,1890,1.0,0.9548331502421944,0.7270342480369577,0.7270342480369579
alg,ml-100k/u.data,3,47279,145,0.895884641971466,0.9362858919130705,188,1880,1880,1.0,0.9518940115150304,0.7336278450951249,0.7336278450951255
alg,ml-100k/u.data,2,47340,149,0.9696786321167874,1.0125233131012001,189,1890,1890,1.0,0.9444623668519283,0.7913365865109538,0.7913365865109533
alg,ml-100k/u.data,4,47443,120,0.8497058570491042,0.8889816779688169,188,1880,1880,1.0,0.9562957734753009,0.6890696009965279,0.6890696009965278
alg,ml-100k/u.data,1,47556,120,0.8996395773749619,0.934301691248499,189,1890,1890,1.0,0.9503902339774644,0.7397893194159758,0.7397893194159758
