Algorithm,DataSet,Partition,BuildTime,TestTime,RMSE.ByUser,RMSE.ByRating,NUsers,NAttempted,NGood,Coverage,nDCG,MAE.ByUser,MAE.ByRating
alg,ml-100k/u.data,1,43809,130,0.8998840316215492,0.9351362089669584,189,1890,1890,1.0,0.9516601393734202,0.7376688833733539,0.7376688833733536
alg,ml-100k/u.data,2,43830,152,0.9720999343499355,1.0169170461004402,189,1890,1890,1.0,0.9459893659834386,0.7922651586505948,0.7922651586505949
alg,ml-100k/u.data,4,44110,109,0.8469838455317605,0.8859659923017712,188,1880,1880,1.0,0.9566113365228327,0.6866365090635071,0.6866365090635073
alg,ml-100k/u.data,0,44143,110,0.8959659528001077,0.9329361139210292,189,1890,1890,1.0,0.953413572109432,0.7276506377059864,0.7276506377059864
alg,ml-100k/u.data,3,44177,111,0.8942828770029625,0.9344501459102598,188,1880,1880,1.0,0.9537664723272712,0.7349233179425483,0.7349233179425486
