Algorithm,DataSet,Partition,BuildTime,TestTime,RMSE.ByUser,RMSE.ByRating,NUsers,NAttempted,NGood,Coverage,nDCG,MAE.ByUser,MAE.ByRating
alg,ml-100k/u.data,1,42260,151,0.9004554718187008,0.935705274261394,189,1890,1890,1.0,0.9520294925383563,0.7387631002501229,0.738763100250123
alg,ml-100k/u.data,0,42401,142,0.8975755449036347,0.9348400912490881,189,1890,1890,1.0,0.9532439027306483,0.7284435373653849,0.7284435373653846
alg,ml-100k/u.data,2,42459,134,0.9741581356517671,1.0192040087527534,189,1890,1890,1.0,0.9448268258164586,0.7937569721689876,0.7937569721689878
alg,ml-100k/u.data,3,42525,120,0.8958138802284469,0.9358262865975008,188,1880,1880,1.0,0.9537530390026356,0.7362468842244934,0.7362468842244934
alg,ml-100k/u.data,4,42545,114,0.8479682117708119,0.8868820657803026,188,1880,1880,1.0,0.9563680285572773,0.6880166343839633,0.6880166343839631
