Algorithm,DataSet,Partition,BuildTime,TestTime,RMSE.ByUser,RMSE.ByRating,NUsers,NAttempted,NGood,Coverage,nDCG,MAE.ByUser,MAE.ByRating
alg,ml-100k/u.data,4,49174,159,0.8483465185101777,0.8873451838901046,188,1880,1880,1.0,0.9567885990383782,0.6876247559821218,0.6876247559821214
alg,ml-100k/u.data,3,49484,145,0.8930970126652427,0.9334341473770327,188,1880,1880,1.0,0.9530640445148166,0.733196824562076,0.7331968245620755
alg,ml-100k/u.data,0,49692,139,0.8927557624370567,0.9295293152227273,189,1890,1890,1.0,0.9544456815186044,0.7251628087022218,0.7251628087022223
alg,ml-100k/u.data,1,49744,122,0.898821016271632,0.9342863884321445,189,1890,1890,1.0,0.9514965227122962,0.7380702231858032,0.738070223185804
alg,ml-100k/u.data,2,49797,136,0.9671285581812664,1.0108724540813936,189,1890,1890,1.0,0.9458417160567199,0.7887042591424367,0.7887042591424375
