Algorithm,DataSet,Partition,BuildTime,TestTime,RMSE.ByUser,RMSE.ByRating,NUsers,NAttempted,NGood,Coverage,nDCG,MAE.ByUser,MAE.ByRating
alg,ml-100k/u.data,4,42634,152,0.84762918608139,0.8867909200279785,188,1880,1880,1.0,0.9563621856321844,0.6877640493191517,0.6877640493191514
alg,ml-100k/u.data,1,42706,133,0.9017633740566312,0.9371983610411433,189,1890,1890,1.0,0.9515361310488994,0.7395405617190424,0.7395405617190425
alg,ml-100k/u.data,0,42843,117,0.8991757915683825,0.9363359902671792,189,1890,1890,1.0,0.9531747730153989,0.7298793133912502,0.7298793133912505
alg,ml-100k/u.data,3,42847,118,0.8969018909565661,0.936925235953177,188,1880,1880,1.0,0.9533212037349114,0.7375711573837164,0.7375711573837165
alg,ml-100k/u.data,2,42871,118,0.9754654087303216,1.0207962473668704,189,1890,1890,1.0,0.9464887000750702,0.7948759415314769,0.7948759415314772
