Algorithm,DataSet,Partition,BuildTime,TestTime,RMSE.ByUser,RMSE.ByRating,NUsers,NAttempted,NGood,Coverage,nDCG,MAE.ByUser,MAE.ByRating
alg,ml-100k/u.data,2,43189,149,0.9684966210426212,1.0120163363373709,189,1890,1890,1.0,0.9455597388305796,0.7904002388103706,0.7904002388103712
alg,ml-100k/u.data,4,43229,132,0.8490365528203988,0.8883094793845588,188,1880,1880,1.0,0.9555005997361722,0.6873839118893992,0.6873839118893994
alg,ml-100k/u.data,1,43468,116,0.9002837983282101,0.9359603421727862,189,1890,1890,1.0,0.9488249066784911,0.7396259833493581,0.7396259833493571
alg,ml-100k/u.data,0,43499,115,0.894512542478593,0.9310787751049271,189,1890,1890,1.0,0.9542175577253844,0.7259609421928951,0.7259609421928946
alg,ml-100k/u.data,3,43584,114,0.8949801993837835,0.9355745884612006,188,1880,1880,1.0,0.9545148804007578,0.7338150999811043,0.7338150999811043
