Algorithm,DataSet,Partition,BuildTime,TestTime,RMSE.ByUser,RMSE.ByRating,NUsers,NAttempted,NGood,Coverage,nDCG,MAE.ByUser,MAE.ByRating
alg,ml-100k/u.data,3,43486,143,0.8957715951572854,0.9359680584446297,188,1880,1880,1.0,0.9526412249629117,0.7363379312617713,0.7363379312617709
alg,ml-100k/u.data,2,43593,150,0.9745198426722584,1.0196695382205672,189,1890,1890,1.0,0.945700326235558,0.7940987029303266,0.7940987029303265
alg,ml-100k/u.data,1,43696,143,0.9012977685859327,0.9366201248230325,189,1890,1890,1.0,0.9514888551946724,0.7391860655195105,0.7391860655195105
alg,ml-100k/u.data,4,43769,120,0.8478420556231052,0.8870299706363458,188,1880,1880,1.0,0.957000833393733,0.6877124495203734,0.6877124495203735
alg,ml-100k/u.data,0,43789,118,0.8978800038600275,0.9348524587409259,189,1890,1890,1.0,0.9535446976832175,0.7289222607113075,0.7289222607113072
