Algorithm,DataSet,Partition,BuildTime,TestTime,RMSE.ByUser,RMSE.ByRating,NUsers,NAttempted,NGood,Coverage,nDCG,MAE.ByUser,MAE.ByRating
alg,ml-100k/u.data,4,43150,193,0.8491293065606049,0.8878946883732388,188,1880,1880,1.0,0.9565181985556638,0.6887545991574566,0.688754599157457
alg,ml-100k/u.data,0,43276,169,0.8945639237962337,0.9320988820712328,189,1890,1890,1.0,0.9546460299919797,0.7264748610110655,0.7264748610110658
alg,ml-100k/u.data,2,43456,132,0.9683426190342397,1.011639019775195,189,1890,1890,1.0,0.9441924870982183,0.7900298173075724,0.7900298173075726
alg,ml-100k/u.data,3,43599,117,0.8937690420194516,0.9338912520521028,188,1880,1880,1.0,0.9524895707421276,0.7330887420313326,0.7330887420313331
alg,ml-100k/u.data,1,43644,110,0.8989949371723227,0.9335041948334275,189,1890,1890,1.0,0.9517368206735363,0.7391863285769794,0.7391863285769793
