Algorithm,DataSet,Partition,BuildTime,TestTime,RMSE.ByUser,RMSE.ByRating,NUsers,NAttempted,NGood,Coverage,nDCG,MAE.ByUser,MAE.ByRating
alg,ml-100k/u.data,4,46318,150,0.8479963015161377,0.8869021866308254,188,1880,1880,1.0,0.956623726191115,0.6875077052609395,0.6875077052609401
alg,ml-100k/u.data,3,46309,173,0.8928783841657852,0.9331285701848561,188,1880,1880,1.0,0.9526410377013862,0.7333351625970745,0.7333351625970742
alg,ml-100k/u.data,0,46342,162,0.8928136945371474,0.9296128280369291,189,1890,1890,1.0,0.954630160448796,0.7251467175242443,0.725146717524245
alg,ml-100k/u.data,1,46400,153,0.8991545891658588,0.9343823744523321,189,1890,1890,1.0,0.9512779512575497,0.7383775234744274,0.7383775234744278
alg,ml-100k/u.data,2,46661,119,0.9670151716681762,1.0110170032957868,189,1890,1890,1.0,0.9460479190882074,0.7884014682189422,0.7884014682189417
