Algorithm,DataSet,Partition,BuildTime,TestTime,RMSE.ByUser,RMSE.ByRating,NUsers,NAttempted,NGood,Coverage,nDCG,MAE.ByUser,MAE.ByRating
alg,ml-100k/u.data,0,43949,160,0.8982904206134148,0.9348328904213952,189,1890,1890,1.0,0.9531775731761649,0.7316134703672007,0.7316134703672006
alg,ml-100k/u.data,2,44148,128,0.9759383835279608,1.0194663043476029,189,1890,1890,1.0,0.9450018479017969,0.7945876431520636,0.794587643152064
alg,ml-100k/u.data,4,44224,123,0.8543779380683838,0.8936631448378938,188,1880,1880,1.0,0.9551943702511104,0.6952169000491296,0.6952169000491301
alg,ml-100k/u.data,3,44227,124,0.8994017131697953,0.9409935065419478,188,1880,1880,1.0,0.9514174824157245,0.7357125571920874,0.7357125571920872
alg,ml-100k/u.data,1,44369,111,0.9037970526726804,0.9393110874669501,189,1890,1890,1.0,0.9516378328245174,0.7419285862873467,0.7419285862873471
