Algorithm,DataSet,Partition,BuildTime,TestTime,RMSE.ByUser,RMSE.ByRating,NUsers,NAttempted,NGood,Coverage,nDCG,MAE.ByUser,MAE.ByRating
alg,ml-100k/u.data,4,48379,174,0.8477802076372077,0.8866522782841063,188,1880,1880,1.0,0.9565444082787923,0.6869601442488781,0.6869601442488783
alg,ml-100k/u.data,3,48456,147,0.8941701581971122,0.9344527739198588,188,1880,1880,1.0,0.9521566173610492,0.7344232214322671,0.7344232214322678
alg,ml-100k/u.data,2,48508,173,0.9679047800375941,1.01244139377899,189,1890,1890,1.0,0.9459402972207605,0.7895082188783628,0.789508218878363
alg,ml-100k/u.data,1,48648,137,0.8999966610516408,0.9354726794781029,189,1890,1890,1.0,0.9499511925416755,0.7385751557867373,0.7385751557867367
alg,ml-100k/u.data,0,48725,136,0.8937182384611406,0.9302863635037555,189,1890,1890,1.0,0.9538986998958213,0.7259803412754872,0.7259803412754867
