Algorithm,DataSet,Partition,BuildTime,TestTime,RMSE.ByUser,RMSE.ByRating,NUsers,NAttempted,NGood,Coverage,nDCG,MAE.ByUser,MAE.ByRating
alg,ml-100k/u.data,4,44228,157,0.8474213520738592,0.8864125521522449,188,1880,1880,1.0,0.956196706073665,0.6872797451488273,0.6872797451488278
alg,ml-100k/u.data,1,44318,144,0.8993241917590178,0.9346060095158835,189,1890,1890,1.0,0.9514845682088731,0.7371183384280653,0.7371183384280656
alg,ml-100k/u.data,0,44335,146,0.8944114116644611,0.931433563996153,189,1890,1890,1.0,0.9536869022732012,0.726636276284575,0.7266362762845756
alg,ml-100k/u.data,3,44428,122,0.8939812380373692,0.9344186248507618,188,1880,1880,1.0,0.9524683537599767,0.7341164086337074,0.7341164086337072
alg,ml-100k/u.data,2,44560,115,0.9702475517180363,1.0148035841059564,189,1890,1890,1.0,0.9465015078717022,0.7909082476458297,0.7909082476458297
