Algorithm,DataSet,Partition,BuildTime,TestTime,RMSE.ByUser,RMSE.ByRating,NUsers,NAttempted,NGood,Coverage,nDCG,MAE.ByUser,MAE.ByRating
alg,ml-100k/u.data,1,43164,162,0.9015958858897017,0.9369910603572028,189,1890,1890,1.0,0.9517875075887955,0.7393394305549066,0.7393394305549065
alg,ml-100k/u.data,4,43246,144,0.8477084115195009,0.8868508231602517,188,1880,1880,1.0,0.956129659476866,0.6876643298067624,0.6876643298067627
alg,ml-100k/u.data,3,43339,126,0.8968287112527168,0.9369107338964989,188,1880,1880,1.0,0.9533309121820133,0.7373475753465282,0.7373475753465282
alg,ml-100k/u.data,2,43360,121,0.9751043166623798,1.020269668736259,189,1890,1890,1.0,0.9467512645411252,0.7946721878211879,0.7946721878211883
alg,ml-100k/u.data,0,43357,127,0.898845092228875,0.9360557372868609,189,1890,1890,1.0,0.9529811176292772,0.7296468493555018,0.729646849355502
