Algorithm,DataSet,Partition,BuildTime,TestTime,RMSE.ByUser,RMSE.ByRating,NUsers,NAttempted,NGood,Coverage,nDCG,MAE.ByUser,MAE.ByRating
alg,ml-100k/u.data,3,48403,172,0.8939331012594741,0.9342460112723207,188,1880,1880,1.0,0.9524837087753101,0.7343069902998135,0.7343069902998137
alg,ml-100k/u.data,1,48632,133,0.8998201845258883,0.9351926977700664,189,1890,1890,1.0,0.950083874207931,0.7384977592919526,0.7384977592919532
alg,ml-100k/u.data,4,48672,128,0.8479165096951776,0.8867985791896953,188,1880,1880,1.0,0.9568749842289639,0.6869124841007674,0.6869124841007669
alg,ml-100k/u.data,0,48697,124,0.8933008408695975,0.9298558218743438,189,1890,1890,1.0,0.9546018370670482,0.7257763675864625,0.7257763675864624
alg,ml-100k/u.data,2,48712,117,0.9679438218929671,1.0122380931927932,189,1890,1890,1.0,0.9462061180475082,0.7894701713974818,0.7894701713974818
