Algorithm,DataSet,Partition,BuildTime,TestTime,RMSE.ByUser,RMSE.ByRating,NUsers,NAttempted,NGood,Coverage,nDCG,MAE.ByUser,MAE.ByRating
alg,ml-100k/u.data,4,44218,143,0.8477763955898705,0.8869704660904281,188,1880,1880,1.0,0.9566866748633256,0.687451832795197,0.687451832795197
alg,ml-100k/u.data,3,44288,152,0.8953257607697417,0.9354273051848969,188,1880,1880,1.0,0.9532420628766517,0.7361004478183274,0.736100447818327
alg,ml-100k/u.data,2,44304,138,0.9738365594091027,1.0188170659289435,189,1890,1890,1.0,0.9456281297369163,0.793617384597467,0.7936173845974677
alg,ml-100k/u.data,0,44327,137,0.8971545580127556,0.9341747049983068,189,1890,1890,1.0,0.9533566679395133,0.7281875749204898,0.7281875749204901
alg,ml-100k/u.data,1,44389,129,0.9005455686431559,0.9358424039971462,189,1890,1890,1.0,0.9514785562867719,0.7383912891084039,0.7383912891084035
