Algorithm,DataSet,Partition,BuildTime,TestTime,RMSE.ByUser,RMSE.ByRating,NUsers,NAttempted,NGood,Coverage,nDCG,MAE.ByUser,MAE.ByRating
alg,ml-100k/u.data,1,48144,154,0.899897520439219,0.9355136889432054,189,1890,1890,1.0,0.9505043095123994,0.7389481779860468,0.7389481779860464
alg,ml-100k/u.data,0,48352,145,0.8937368151874798,0.9303329975945637,189,1890,1890,1.0,0.954151099554613,0.7261522638016672,0.7261522638016671
alg,ml-100k/u.data,2,48400,143,0.9679772823619184,1.0122896608746688,189,1890,1890,1.0,0.9460410008589594,0.7893016304567069,0.7893016304567066
alg,ml-100k/u.data,3,48456,126,0.8942068463863688,0.934694885082267,188,1880,1880,1.0,0.9526490380362012,0.7343354064712119,0.7343354064712118
alg,ml-100k/u.data,4,48502,125,0.848170109726787,0.887172662273084,188,1880,1880,1.0,0.9561163276698617,0.6869151335060629,0.6869151335060627
