Algorithm,DataSet,Partition,BuildTime,TestTime,RMSE.ByUser,RMSE.ByRating,NUsers,NAttempted,NGood,Coverage,nDCG,MAE.ByUser,MAE.ByRating
alg,ml-100k/u.data,1,44881,150,0.9006722636872799,0.9359417050352637,189,1890,1890,1.0,0.9512739935387788,0.7385287582814677,0.7385287582814677
alg,ml-100k/u.data,4,44878,156,0.8472952466922831,0.886342541929822,188,1880,1880,1.0,0.9565290619324027,0.6872274881177757,0.6872274881177759
alg,ml-100k/u.data,0,44903,154,0.8966128758633444,0.9335476783548526,189,1890,1890,1.0,0.9538372926656491,0.7279873187211906,0.7279873187211899
alg,ml-100k/u.data,3,44975,124,0.8950030334964378,0.9352906318324083,188,1880,1880,1.0,0.9534916831313689,0.7355488566885195,0.7355488566885201
alg,ml-100k/u.data,2,44976,128,0.9730586981680315,1.0181782211803008,189,1890,1890,1.0,0.9460092082835537,0.7928571860630506,0.7928571860630499
