Algorithm,DataSet,Partition,BuildTime,TestTime,RMSE.ByUser,RMSE.ByRating,NUsers,NAttempted,NGood,Coverage,nDCG,MAE.ByUser,MAE.ByRating
alg,ml-100k/u.data,4,46415,236,0.863749320506231,0.9042713251443307,188,1880,1880,1.0,0.9523627346029149,0.706287191212848,0.7062871912128478
alg,ml-100k/u.data,3,46534,225,0.9150444283552367,0.957159157280577,188,1880,1880,1.0,0.9501897224884497,0.7468886383088359,0.7468886383088359
alg,ml-100k/u.data,2,46904,137,0.9885138508699522,1.031129457949874,189,1890,1890,1.0,0.9423964517287778,0.8051359692068564,0.8051359692068571
alg,ml-100k/u.data,1,46968,135,0.9158435908632409,0.9524608637715751,189,1890,1890,1.0,0.947589602708238,0.7528966246814852,0.7528966246814854
alg,ml-100k/u.data,0,47037,119,0.9102380896856785,0.9463333509162599,189,1890,1890,1.0,0.9520676928654733,0.7431162899524976,0.7431162899524978
