Algorithm,DataSet,Partition,BuildTime,TestTime,RMSE.ByUser,RMSE.ByRating,NUsers,NAttempted,NGood,Coverage,nDCG,MAE.ByUser,MAE.ByRating
alg,ml-100k/u.data,3,43109,173,0.9033885848437705,0.9451062808495123,188,1880,1880,1.0,0.9511558893665419,0.7382658784738103,0.73826587847381
alg,ml-100k/u.data,0,43246,142,0.8998345377557783,0.9360992898391092,189,1890,1890,1.0,0.9530637516783216,0.7331060109170512,0.7331060109170509
alg,ml-100k/u.data,1,43245,148,0.9073781998751855,0.9431085902660034,189,1890,1890,1.0,0.9505535867476664,0.7455282358458392,0.7455282358458384
alg,ml-100k/u.data,4,43320,135,0.8568824720107927,0.8963776423272909,188,1880,1880,1.0,0.9541434436900744,0.6980967462353121,0.6980967462353125
alg,ml-100k/u.data,2,43544,116,0.9791000950598668,1.0222743098899638,189,1890,1890,1.0,0.9433904317176088,0.7970946803880299,0.79709468038803
