Algorithm,DataSet,Partition,BuildTime,TestTime,RMSE.ByUser,RMSE.ByRating,NUsers,NAttempted,NGood,Coverage,nDCG,MAE.ByUser,MAE.ByRating
alg,ml-100k/u.data,1,43349,160,0.899619280762227,0.9348742514504773,189,1890,1890,1.0,0.9512317644779993,0.7373688518580284,0.7373688518580276
alg,ml-100k/u.data,0,43406,152,0.8953175745806448,0.9322682398780179,189,1890,1890,1.0,0.9537351252958857,0.7273683393748425,0.727368339374842
alg,ml-100k/u.data,4,43538,117,0.8472884600467284,0.8863599006349728,188,1880,1880,1.0,0.9564970299340846,0.687174609631557,0.6871746096315572
alg,ml-100k/u.data,3,43555,119,0.8941133751200291,0.9345406545899819,188,1880,1880,1.0,0.9528955177733561,0.7344898741251197,0.7344898741251196
alg,ml-100k/u.data,2,43593,113,0.9708644958356538,1.0156867847933442,189,1890,1890,1.0,0.9459768035155831,0.7911357809643187,0.7911357809643185
