Algorithm,DataSet,Partition,BuildTime,TestTime,RMSE.ByUser,RMSE.ByRating,NUsers,NAttempted,NGood,Coverage,nDCG,MAE.ByUser,MAE.ByRating
alg,ml-100k/u.data,4,42737,139,0.8474386215009656,0.8864989491980328,188,1880,1880,1.0,0.9566995918302553,0.6871621854664884,0.6871621854664884
alg,ml-100k/u.data,2,42837,162,0.9724653700047686,1.0173861099314447,189,1890,1890,1.0,0.9456118742281067,0.792260611874945,0.7922606118749457
alg,ml-100k/u.data,1,42976,136,0.9003973858805165,0.9356236651102234,189,1890,1890,1.0,0.951480357028212,0.7381896881108311,0.738189688110831
alg,ml-100k/u.data,0,43001,131,0.8964778045950564,0.9334355813807517,189,1890,1890,1.0,0.9537079167813655,0.7279730150164223,0.7279730150164222
alg,ml-100k/u.data,3,43180,122,0.8947424266750653,0.9349540152712775,188,1880,1880,1.0,0.9536809862866037,0.7353092027819874,0.7353092027819875
