Algorithm,DataSet,Partition,BuildTime,TestTime,RMSE.ByUser,RMSE.ByRating,NUsers,NAttempted,NGood,Coverage,nDCG,MAE.ByUser,MAE.ByRating
alg,ml-100k/u.data,4,43075,150,0.8477300303444645,0.886425560023565,188,1880,1880,1.0,0.9568697655643114,0.6878073037420998,0.6878073037420991
alg,ml-100k/u.data,0,43132,149,0.8955340385338745,0.9326146672956102,189,1890,1890,1.0,0.9540160346629099,0.7266598600539456,0.7266598600539454
alg,ml-100k/u.data,2,43180,129,0.9716729885579959,1.0162336421748897,189,1890,1890,1.0,0.9467965171910852,0.791573997963892,0.7915739979638916
alg,ml-100k/u.data,1,43212,125,0.8996376376373879,0.934563591351427,189,1890,1890,1.0,0.9524685977832087,0.7376508249530573,0.737650824953057
alg,ml-100k/u.data,3,43288,116,0.894662779695984,0.9350345339284761,188,1880,1880,1.0,0.9521438850404732,0.7338327138935629,0.7338327138935622
