Algorithm,DataSet,Partition,BuildTime,TestTime,RMSE.ByUser,RMSE.ByRating,NUsers,NAttempted,NGood,Coverage,nDCG,MAE.ByUser,MAE.ByRating
alg,ml-100k/u.data,4,44408,167,0.8486785209232827,0.8874546207961028,188,1880,1880,1.0,0.9564784309227046,0.6891948848498013,0.6891948848498015
alg,ml-100k/u.data,1,44627,150,0.8982569201703794,0.9328322891500445,189,1890,1890,1.0,0.9528674678146489,0.7373689866360256,0.7373689866360256
alg,ml-100k/u.data,2,44696,146,0.9698669310842726,1.0137029576367482,189,1890,1890,1.0,0.9447515014781852,0.7906900470409326,0.7906900470409324
alg,ml-100k/u.data,0,44719,143,0.8933035299458987,0.9306194730078273,189,1890,1890,1.0,0.9545343013305554,0.7253484870487099,0.7253484870487101
alg,ml-100k/u.data,3,44893,111,0.8925352973462003,0.932724318810771,188,1880,1880,1.0,0.9532732466037069,0.7320514780855846,0.7320514780855849
