Algorithm,DataSet,Partition,BuildTime,TestTime,RMSE.ByUser,RMSE.ByRating,NUsers,NAttempted,NGood,Coverage,nDCG,MAE.ByUser,MAE.ByRating
alg,ml-100k/u.data,4,47684,163,0.8546585844886241,0.8944695867468426,188,1880,1880,1.0,0.9552334483637109,0.6956211615962524,0.6956211615962524
alg,ml-100k/u.data,0,47716,156,0.9004898224445376,0.9381885004395403,189,1890,1890,1.0,0.9534803169426334,0.730809983474703,0.7308099834747032
alg,ml-100k/u.data,1,47738,148,0.9018537760124911,0.9363353653706734,189,1890,1890,1.0,0.9506652808717136,0.7407837438154703,0.7407837438154696
alg,ml-100k/u.data,2,47976,121,0.9716140106321652,1.0139820976520593,189,1890,1890,1.0,0.9434259826614134,0.7923609996961581,0.7923609996961576
alg,ml-100k/u.data,3,48024,121,0.904341960497646,0.9448384814822562,188,1880,1880,1.0,0.9509647855969782,0.7382956835581551,0.7382956835581543
