Algorithm,DataSet,Partition,BuildTime,TestTime,RMSE.ByUser,RMSE.ByRating,NUsers,NAttempted,NGood,Coverage,nDCG,MAE.ByUser,MAE.ByRating
alg,ml-100k/u.data,3,43158,148,0.8953989406673715,0.9357006329997443,188,1880,1880,1.0,0.9530367444933575,0.7359628998441954,0.7359628998441953
alg,ml-100k/u.data,1,43247,127,0.9009254527660401,0.9362012281587502,189,1890,1890,1.0,0.9512645029276657,0.7386071699373776,0.7386071699373774
alg,ml-100k/u.data,0,43315,117,0.8969324206800271,0.9338484524200085,189,1890,1890,1.0,0.9536790086235034,0.7281170610444997,0.7281170610444995
alg,ml-100k/u.data,2,43359,129,0.973099419687954,1.018188111536094,189,1890,1890,1.0,0.9455542295176805,0.7927152120483546,0.7927152120483546
alg,ml-100k/u.data,4,43486,114,0.8472875425184825,0.8863486387814606,188,1880,1880,1.0,0.9564667948828139,0.6872225823660203,0.6872225823660201
