Algorithm,DataSet,Partition,BuildTime,TestTime,RMSE.ByUser,RMSE.ByRating,NUsers,NAttempted,NGood,Coverage,nDCG,MAE.ByUser,MAE.ByRating
alg,ml-100k/u.data,4,44271,154,0.847635528280113,0.8863965621083967,188,1880,1880,1.0,0.9569065099480596,0.687431128327087,0.687431128327087
alg,ml-100k/u.data,3,44330,156,0.8923930275458294,0.9327627335738119,188,1880,1880,1.0,0.9529265131357472,0.7331219808632775,0.7331219808632773
alg,ml-100k/u.data,0,44358,147,0.8942982776596813,0.9313577630283668,189,1890,1890,1.0,0.9537472540568341,0.7263300849080785,0.7263300849080787
alg,ml-100k/u.data,2,44392,138,0.9702106503887065,1.0145842263132017,189,1890,1890,1.0,0.9462785759940593,0.7904478187733535,0.790447818773353
alg,ml-100k/u.data,1,44461,128,0.8989052168739072,0.9340070916791784,189,1890,1890,1.0,0.9514885287869334,0.7368452688170454,0.7368452688170453
