Algorithm,DataSet,Partition,BuildTime,TestTime,RMSE.ByUser,RMSE.ByRating,NUsers,NAttempted,NGood,Coverage,nDCG,MAE.ByUser,MAE.ByRating
alg,ml-100k/u.data,1,43884,150,0.8986632882316129,0.9331197214036471,189,1890,1890,1.0,0.95193574181916,0.7376791702876249,0.7376791702876244
alg,ml-100k/u.data,4,43906,163,0.8509277622509308,0.8897787714645873,188,1880,1880,1.0,0.9563551245581312,0.6915019390731969,0.6915019390731972
alg,ml-100k/u.data,3,43944,147,0.8957560420789817,0.9359732001554989,188,1880,1880,1.0,0.9518492448085313,0.7333871183998342,0.7333871183998343
alg,ml-100k/u.data,2,44028,126,0.9693307753031092,1.0126244231376875,189,1890,1890,1.0,0.9449299976364779,0.7909328922781392,0.7909328922781393
alg,ml-100k/u.data,0,44172,117,0.8951717443438355,0.9322757357376102,189,1890,1890,1.0,0.9535266650704272,0.7263246815899423,0.726324681589942
