Algorithm,DataSet,Partition,BuildTime,TestTime,RMSE.ByUser,RMSE.ByRating,NUsers,NAttempted,NGood,Coverage,nDCG,MAE.ByUser,MAE.ByRating
alg,ml-100k/u.data,2,43634,145,0.9727198773780814,1.0148522679399077,189,1890,1890,1.0,0.9438742316251602,0.7933969119221579,0.7933969119221581
alg,ml-100k/u.data,1,43673,136,0.9021627678797969,0.936652543580565,189,1890,1890,1.0,0.9505108037705025,0.7409045168216356,0.7409045168216357
alg,ml-100k/u.data,0,43820,123,0.9018987535248809,0.9394519239241351,189,1890,1890,1.0,0.9529734684216262,0.731573049555745,0.7315730495557445
alg,ml-100k/u.data,4,43880,108,0.8556955674424663,0.8957006717655761,188,1880,1880,1.0,0.955263223515489,0.696386775829384,0.6963867758293838
alg,ml-100k/u.data,3,43875,112,0.9057035218857935,0.9461936166791818,188,1880,1880,1.0,0.9503786949053933,0.7390353411326603,0.7390353411326599
