Algorithm,DataSet,Partition,BuildTime,TestTime,RMSE.ByUser,RMSE.ByRating,NUsers,NAttempted,NGood,Coverage,nDCG,MAE.ByUser,MAE.ByRating
alg,ml-100k/u.data,3,45604,159,0.9009230552223749,0.9412897975629613,188,1880,1880,1.0,0.9516266934712674,0.7364760693394363,0.7364760693394369
alg,ml-100k/u.data,0,45598,168,0.8972192072305762,0.9346384012985925,189,1890,1890,1.0,0.9545621580586661,0.7279775304405647,0.7279775304405648
alg,ml-100k/u.data,2,45725,134,0.9688125759569342,1.0115928531746357,189,1890,1890,1.0,0.9446749961277955,0.7907596981223884,0.7907596981223884
alg,ml-100k/u.data,1,45760,130,0.8997954357364959,0.9343635078358793,189,1890,1890,1.0,0.9514057613996505,0.7390305422492691,0.739030542249269
alg,ml-100k/u.data,4,45910,116,0.8525233182305733,0.8915717002502314,188,1880,1880,1.0,0.9558348242976415,0.6935987573678604,0.6935987573678609
