Algorithm,DataSet,Partition,BuildTime,TestTime,RMSE.ByUser,RMSE.ByRating,NUsers,NAttempted,NGood,Coverage,nDCG,MAE.ByUser,MAE.ByRating
alg,ml-100k/u.data,1,42936,150,0.9000593122242766,0.9352813361506209,189,1890,1890,1.0,0.9521453188815983,0.7381886680640419,0.7381886680640413
alg,ml-100k/u.data,0,42950,154,0.8962147418936712,0.9335653479973298,189,1890,1890,1.0,0.954045812618405,0.7270899634505473,0.7270899634505477
alg,ml-100k/u.data,4,43015,130,0.8474555594628816,0.8863500848997117,188,1880,1880,1.0,0.956565688123595,0.6874512647808155,0.687451264780815
alg,ml-100k/u.data,3,43018,130,0.8943938666855004,0.9344194559413177,188,1880,1880,1.0,0.9528354274344284,0.7344871743389055,0.7344871743389058
alg,ml-100k/u.data,2,43151,113,0.9723733042125782,1.0170068706012707,189,1890,1890,1.0,0.9458333259527743,0.7920839080356343,0.7920839080356346
