Algorithm,DataSet,Partition,BuildTime,TestTime,RMSE.ByUser,RMSE.ByRating,NUsers,NAttempted,NGood,Coverage,nDCG,MAE.ByUser,MAE.ByRating
alg,ml-100k/u.data,2,43208,153,0.9941351293909148,1.0367189551071905,189,1890,1890,1.0,0.9417069842221066,0.8104699221702116,0.8104699221702121
alg,ml-100k/u.data,1,43301,129,0.9215993228876678,0.9588173747898971,189,1890,1890,1.0,0.9455864481500881,0.7578606119684715,0.757860611968471
alg,ml-100k/u.data,4,43336,120,0.8677288595917202,0.9085183033027842,188,1880,1880,1.0,0.9508465802953432,0.7105734761099909,0.7105734761099917
alg,ml-100k/u.data,3,43356,128,0.9196514839162361,0.9622584767068767,188,1880,1880,1.0,0.9504271630948091,0.7513514647567068,0.7513514647567066
alg,ml-100k/u.data,0,43375,126,0.9160115710140851,0.9521708753260466,189,1890,1890,1.0,0.9503651398503252,0.7481875027976246,0.7481875027976249
