Algorithm,DataSet,Partition,BuildTime,TestTime,RMSE.ByUser,RMSE.ByRating,NUsers,NAttempted,NGood,Coverage,nDCG,MAE.ByUser,MAE.ByRating
alg,ml-100k/u.data,4,46789,134,0.8487562135495733,0.8879050636632712,188,1880,1880,1.0,0.956300316596177,0.6873919541141162,0.6873919541141158
alg,ml-100k/u.data,1,46982,130,0.8996796833330254,0.9353117142337954,189,1890,1890,1.0,0.949053093837271,0.73908786197168,0.73908786197168
alg,ml-100k/u.data,2,47078,119,0.9685065871605193,1.0120880503719856,189,1890,1890,1.0,0.945426796001232,0.7902098965476394,0.7902098965476398
alg,ml-100k/u.data,3,47115,113,0.8943685713149446,0.9349245518347434,188,1880,1880,1.0,0.9533659507086135,0.7337213170735771,0.7337213170735775
alg,ml-100k/u.data,0,47212,131,0.8940739950079306,0.9307721182589044,189,1890,1890,1.0,0.9541557249331761,0.7260549749711448,0.7260549749711444
