Algorithm,DataSet,Partition,BuildTime,TestTime,RMSE.ByUser,RMSE.ByRating,NUsers,NAttempted,NGood,Coverage,nDCG,MAE.ByUser,MAE.ByRating
alg,ml-100k/u.data,4,42380,150,0.8478206834267138,0.8868117650781615,188,1880,1880,1.0,0.9558086817085801,0.6876793236797123,0.6876793236797126
alg,ml-100k/u.data,0,42418,149,0.8979031428958961,0.9351082040144484,189,1890,1890,1.0,0.9528995973943298,0.7289272800008684,0.7289272800008679
alg,ml-100k/u.data,3,42430,144,0.8956455545695422,0.9357251608383895,188,1880,1880,1.0,0.9533804446901148,0.7364349181457512,0.7364349181457522
alg,ml-100k/u.data,2,42638,122,0.9750499572937039,1.0202447715031875,189,1890,1890,1.0,0.9455013544726081,0.7945330377046912,0.7945330377046911
alg,ml-100k/u.data,1,42653,121,0.9008451072569287,0.9361500776839848,189,1890,1890,1.0,0.9516858350582735,0.7386669484940208,0.7386669484940214
