Algorithm,DataSet,Partition,BuildTime,TestTime,RMSE.ByUser,RMSE.ByRating,NUsers,NAttempted,NGood,Coverage,nDCG,MAE.ByUser,MAE.ByRating
alg,ml-100k/u.data,3,47013,158,0.8947380577920289,0.9352632693349651,188,1880,1880,1.0,0.953721736164967,0.7341353090817435,0.7341353090817434
alg,ml-100k/u.data,1,47212,136,0.8998811014762755,0.9355987588982831,189,1890,1890,1.0,0.949134984740868,0.7392672322590272,0.7392672322590279
alg,ml-100k/u.data,2,47351,145,0.9683780384064852,1.0121095798612247,189,1890,1890,1.0,0.9454848612784841,0.7901852957172225,0.7901852957172232
alg,ml-100k/u.data,0,47377,145,0.8941997191626165,0.9307348601516033,189,1890,1890,1.0,0.9541056376287395,0.7260607817334297,0.7260607817334291
alg,ml-100k/u.data,4,47768,111,0.848377250232719,0.8875567299265198,188,1880,1880,1.0,0.9560775566162337,0.6870976817239347,0.6870976817239342
