Algorithm,DataSet,Partition,BuildTime,TestTime,RMSE.ByUser,RMSE.ByRating,NUsers,NAttempted,NGood,Coverage,nDCG,MAE.ByUser,MAE.ByRating
alg,ml-100k/u.data,4,42966,136,0.8489161937880763,0.8881942984693695,188,1880,1880,1.0,0.955425552911485,0.6871331687252744,0.6871331687252745
alg,ml-100k/u.data,1,43043,136,0.9002277353673209,0.9360356497276386,189,1890,1890,1.0,0.9485204854119269,0.7394801498889477,0.7394801498889484
alg,ml-100k/u.data,2,43047,136,0.9689639337166037,1.012549353595686,189,1890,1890,1.0,0.9460028245017208,0.7905449971700039,0.7905449971700031
alg,ml-100k/u.data,3,43199,111,0.8954131494431449,0.935904024518661,188,1880,1880,1.0,0.9537513143986666,0.7339380121865987,0.733938012186599
alg,ml-100k/u.data,0,43399,108,0.895115351306468,0.9315808299948304,189,1890,1890,1.0,0.9536867946350142,0.7266521410086444,0.726652141008644
