Algorithm,DataSet,Partition,BuildTime,TestTime,RMSE.ByUser,RMSE.ByRating,NUsers,NAttempted,NGood,Coverage,nDCG,MAE.ByUser,MAE.ByRating
alg,ml-100k/u.data,4,48063,159,0.8477979348342376,0.8867220213748646,188,1880,1880,1.0,0.9569963530000195,0.6869197385295347,0.6869197385295345
alg,ml-100k/u.data,0,48203,151,0.8930750204373061,0.9297512182839716,189,1890,1890,1.0,0.954596956460875,0.7254487268376416,0.7254487268376422
alg,ml-100k/u.data,3,48350,133,0.8937597034319659,0.9340563231267379,188,1880,1880,1.0,0.9527862160524667,0.7341776504231641,0.7341776504231644
alg,ml-100k/u.data,1,48420,129,0.899755100923476,0.9351623101739336,189,1890,1890,1.0,0.9506627115819899,0.7384964749744758,0.7384964749744759
alg,ml-100k/u.data,2,48575,123,0.9675291809555717,1.0115742298772046,189,1890,1890,1.0,0.946602660261038,0.7892610826623888,0.7892610826623894
