Algorithm,DataSet,Partition,BuildTime,TestTime,RMSE.ByUser,RMSE.ByRating,NUsers,NAttempted,NGood,Coverage,nDCG,MAE.ByUser,MAE.ByRating
alg,ml-100k/u.data,1,43082,154,0.8982142672281622,0.933418991126053,189,1890,1890,1.0,0.9525600836918564,0.735950510336286,0.7359505103362864
alg,ml-100k/u.data,4,43109,147,0.8493373418415543,0.8879939047147017,188,1880,1880,1.0,0.9558681456941446,0.6890671357118044,0.6890671357118044
alg,ml-100k/u.data,2,43139,155,0.97027535782501,1.0146086711855502,189,1890,1890,1.0,0.9470877525449347,0.790324804084357,0.7903248040843569
alg,ml-100k/u.data,3,43183,148,0.8931451131262244,0.934564264625801,188,1880,1880,1.0,0.9521724826485957,0.7325454298492184,0.7325454298492184
alg,ml-100k/u.data,0,43346,113,0.8937965140819724,0.9301940640849788,189,1890,1890,1.0,0.9538430258772117,0.727145399873235,0.7271453998732353
