Algorithm,DataSet,Partition,BuildTime,TestTime,RMSE.ByUser,RMSE.ByRating,NUsers,NAttempted,NGood,Coverage,nDCG,MAE.ByUser,MAE.ByRating
alg,ml-100k/u.data,2,44969,164,0.9711387127389247,1.0152608749505214,189,1890,1890,1.0,0.946166142139694,0.7915390815877056,0.7915390815877055
alg,ml-100k/u.data,1,44957,183,0.8983103726798859,0.9330702662506555,189,1890,1890,1.0,0.9530003118607879,0.7364412260941506,0.7364412260941506
alg,ml-100k/u.data,4,45049,159,0.8488917240902307,0.8876421281359562,188,1880,1880,1.0,0.9560437045076812,0.689318294716368,0.6893182947163681
alg,ml-100k/u.data,0,45246,124,0.8944600748099973,0.9315729365820876,189,1890,1890,1.0,0.953946427253529,0.726011763455989,0.726011763455988
alg,ml-100k/u.data,3,45250,124,0.8946472911786861,0.9350924491755492,188,1880,1880,1.0,0.9516587385621494,0.7334248847935811,0.733424884793581
