Algorithm,DataSet,Partition,BuildTime,TestTime,RMSE.ByUser,RMSE.ByRating,NUsers,NAttempted,NGood,Coverage,nDCG,MAE.ByUser,MAE.ByRating
alg,ml-100k/u.data,1,42971,151,0.9014918751063705,0.9368953725262397,189,1890,1890,1.0,0.9516090879788976,0.7391485780882499,0.7391485780882506
alg,ml-100k/u.data,4,43116,129,0.8478116303844022,0.8869389726972117,188,1880,1880,1.0,0.9559511707827756,0.6877871187668075,0.6877871187668072
alg,ml-100k/u.data,2,43115,131,0.9748579747525711,1.0199511970447979,189,1890,1890,1.0,0.9467893611904805,0.7943306494907956,0.7943306494907957
alg,ml-100k/u.data,3,43186,125,0.8964663366215706,0.9365137962610159,188,1880,1880,1.0,0.953340354787027,0.7370855979939193,0.73708559799392
alg,ml-100k/u.data,0,43280,117,0.898543048727721,0.9356760484972924,189,1890,1890,1.0,0.9531295865784061,0.729357554908493,0.7293575549084926
