Algorithm,DataSet,Partition,BuildTime,TestTime,RMSE.ByUser,RMSE.ByRating,NUsers,NAttempted,NGood,Coverage,nDCG,MAE.ByUser,MAE.ByRating
alg,ml-100k/u.data,4,47845,159,0.8478309594247178,0.8867907604781381,188,1880,1880,1.0,0.956246438127059,0.6870824876250752,0.6870824876250747
alg,ml-100k/u.data,3,48166,141,0.8940524947919508,0.9344134799935513,188,1880,1880,1.0,0.9522729162611541,0.7341936025308639,0.7341936025308639
alg,ml-100k/u.data,1,48251,127,0.8999504032818412,0.9353862313709278,189,1890,1890,1.0,0.9496099691485681,0.7384000550976393,0.7384000550976401
alg,ml-100k/u.data,0,48306,127,0.8940377181388963,0.9305234513610786,189,1890,1890,1.0,0.954097584455331,0.7262245178972985,0.7262245178972989
alg,ml-100k/u.data,2,48315,127,0.9681778896107108,1.0127151014657916,189,1890,1890,1.0,0.9459164533836056,0.7894470292129245,0.7894470292129234
