Algorithm,DataSet,Partition,BuildTime,TestTime,RMSE.ByUser,RMSE.ByRating,NUsers,NAttempted,NGood,Coverage,nDCG,MAE.ByUser,MAE.ByRating
alg,ml-100k/u.data,4,46730,634,0.8523716545809266,0.8914849994510805,188,1880,1880,1.0,0.955332761173292,0.691937052404454,0.6919370524044531
alg,ml-100k/u.data,2,46744,626,0.9721851090047572,1.01606694967423,189,1890,1890,1.0,0.9466751445597469,0.7920467557312069,0.7920467557312074
alg,ml-100k/u.data,3,46736,659,0.8961045797577766,0.9376448877178605,188,1880,1880,1.0,0.9517473322981707,0.733863349168301,0.7338633491683013
alg,ml-100k/u.data,1,46836,577,0.9007885222371402,0.9361660675611607,189,1890,1890,1.0,0.9517771279519494,0.7379664668175936,0.7379664668175936
alg,ml-100k/u.data,0,46977,564,0.8947477332594462,0.9313643357814861,189,1890,1890,1.0,0.9546171009848741,0.7284387382942886,0.7284387382942886
