Algorithm,DataSet,Partition,BuildTime,TestTime,RMSE.ByUser,RMSE.ByRating,NUsers,NAttempted,NGood,Coverage,nDCG,MAE.ByUser,MAE.ByRating
alg,ml-100k/u.data,0,48201,171,0.8947281232884802,0.9315282959201917,189,1890,1890,1.0,0.9540369877865489,0.7269369835472639,0.7269369835472639
alg,ml-100k/u.data,4,48253,150,0.8476134544105354,0.8867196362750419,188,1880,1880,1.0,0.9564721734394306,0.6874538928469035,0.6874538928469037
alg,ml-100k/u.data,1,48385,138,0.9000507506386439,0.9354254659741968,189,1890,1890,1.0,0.9501309709552216,0.7380170006672334,0.7380170006672325
alg,ml-100k/u.data,2,48617,127,0.9704204714832313,1.0153573868555854,189,1890,1890,1.0,0.946289654185576,0.790634148206391,0.7906341482063906
alg,ml-100k/u.data,3,48754,115,0.8944971569541036,0.9350370374302832,188,1880,1880,1.0,0.9523002737076307,0.7347949345642807,0.7347949345642811
