Algorithm,DataSet,Partition,BuildTime,TestTime,RMSE.ByUser,RMSE.ByRating,NUsers,NAttempted,NGood,Coverage,nDCG,MAE.ByUser,MAE.ByRating
alg,ml-100k/u.data,4,43874,145,0.8492216856557822,0.8883595095668836,188,1880,1880,1.0,0.9566002591758459,0.6883518495440938,0.6883518495440945
alg,ml-100k/u.data,2,43869,160,0.9688565803496972,1.0120707249405658,189,1890,1890,1.0,0.9456863263438088,0.789766399466539,0.7897663994665393
alg,ml-100k/u.data,3,43916,132,0.8948507674601767,0.9351938287453058,188,1880,1880,1.0,0.9541294415376262,0.733454856339218,0.733454856339218
alg,ml-100k/u.data,1,44004,114,0.8999066249349443,0.9351934177809846,189,1890,1890,1.0,0.9494435995290422,0.7391248397769669,0.7391248397769667
alg,ml-100k/u.data,0,44044,114,0.8939449364836428,0.9306066496252532,189,1890,1890,1.0,0.954765045208234,0.7257494738487792,0.7257494738487794
