Algorithm,DataSet,Partition,BuildTime,TestTime,RMSE.ByUser,RMSE.ByRating,NUsers,NAttempted,NGood,Coverage,nDCG,MAE.ByUser,MAE.ByRating
alg,ml-100k/u.data,1,45340,159,0.8981681990912646,0.9326071181742318,189,1890,1890,1.0,0.9525825794251714,0.736652486790877,0.7366524867908766
alg,ml-100k/u.data,3,45391,149,0.8944122792226122,0.9346724420489695,188,1880,1880,1.0,0.9521080778859119,0.732315452809828,0.7323154528098278
alg,ml-100k/u.data,2,45399,150,0.9705950484778049,1.0142075316984105,189,1890,1890,1.0,0.9459182268552416,0.7917274092453024,0.7917274092453025
alg,ml-100k/u.data,0,45426,146,0.8941293247523581,0.9311255470833549,189,1890,1890,1.0,0.9541038885674136,0.7256617619071934,0.7256617619071937
alg,ml-100k/u.data,4,45507,120,0.8500940293838054,0.8888494253066939,188,1880,1880,1.0,0.9564621578179952,0.6907285936830994,0.6907285936830988
