Algorithm,DataSet,Partition,BuildTime,TestTime,RMSE.ByUser,RMSE.ByRating,NUsers,NAttempted,NGood,Coverage,nDCG,MAE.ByUser,MAE.ByRating
alg,ml-100k/u.data,2,47829,153,0.9716317554735621,1.0142417887175195,189,1890,1890,1.0,0.943572479432143,0.7922704652350754,0.7922704652350756
alg,ml-100k/u.data,4,47884,131,0.8499646031412286,0.8892553634028142,188,1880,1880,1.0,0.9563070194055132,0.6895251139901617,0.6895251139901619
alg,ml-100k/u.data,3,48008,122,0.8969386946714704,0.9371330774608984,188,1880,1880,1.0,0.9529117936315241,0.7342136452530366,0.7342136452530365
alg,ml-100k/u.data,1,48021,121,0.8997455630249964,0.9341747081548979,189,1890,1890,1.0,0.9510676440302125,0.7397841442087599,0.7397841442087606
alg,ml-100k/u.data,0,48067,111,0.8971816826302176,0.9347380866386614,189,1890,1890,1.0,0.9541443373033649,0.727996170272641,0.7279961702726413
