Algorithm,DataSet,Partition,BuildTime,TestTime,RMSE.ByUser,RMSE.ByRating,NUsers,NAttempted,NGood,Coverage,nDCG,MAE.ByUser,MAE.ByRating
alg,ml-100k/u.data,1,50269,177,0.9006620664666047,0.9360376870568867,189,1890,1890,1.0,0.9500235189265614,0.738532996660485,0.7385329966604843
alg,ml-100k/u.data,2,50405,162,0.9694855187808998,1.0141075187072188,189,1890,1890,1.0,0.9458621126317803,0.7902240405033806,0.7902240405033801
alg,ml-100k/u.data,4,50526,135,0.8475924228492568,0.8867028746349657,188,1880,1880,1.0,0.9562860006945675,0.6872171235487827,0.6872171235487823
alg,ml-100k/u.data,3,50810,127,0.8942999120777549,0.934641667888123,188,1880,1880,1.0,0.9531012509756324,0.734371605210086,0.7343716052100867
alg,ml-100k/u.data,0,50877,113,0.8939646032687755,0.9305215974625827,189,1890,1890,1.0,0.953787806717132,0.7259597740628732,0.725959774062873
