Algorithm,DataSet,Partition,BuildTime,TestTime,RMSE.ByUser,RMSE.ByRating,NUsers,NAttempted,NGood,Coverage,nDCG,MAE.ByUser,MAE.ByRating
alg,ml-100k/u.data,0,47509,174,0.8938658107842195,0.9307480543537162,189,1890,1890,1.0,0.9539633942678744,0.7261228271333903,0.7261228271333905
alg,ml-100k/u.data,3,47916,148,0.8940113444187391,0.9345033139645199,188,1880,1880,1.0,0.9524928825184057,0.7340483211801868,0.7340483211801865
alg,ml-100k/u.data,1,48055,130,0.8997067036690456,0.9349548553644379,189,1890,1890,1.0,0.9502218646229642,0.7375508874352724,0.7375508874352724
alg,ml-100k/u.data,4,48153,122,0.8479113365154988,0.8869034615120116,188,1880,1880,1.0,0.9566493184956093,0.6877400570967382,0.687740057096738
alg,ml-100k/u.data,2,48254,120,0.9690168485095609,1.0137843237178024,189,1890,1890,1.0,0.9467072053413925,0.78976811887456,0.7897681188745604
