Algorithm,DataSet,Partition,BuildTime,TestTime,RMSE.ByUser,RMSE.ByRating,NUsers,NAttempted,NGood,Coverage,nDCG,MAE.ByUser,MAE.ByRating
alg,ml-100k/u.data,4,45002,158,0.8468874185893759,0.885942656927408,188,1880,1880,1.0,0.9564378514885254,0.6870293693620577,0.6870293693620576
alg,ml-100k/u.data,2,45126,143,0.9717100344468024,1.0166810923021468,189,1890,1890,1.0,0.9462879751094597,0.791834702274475,0.7918347022744746
alg,ml-100k/u.data,1,45350,128,0.9001035211987993,0.9355020746827487,189,1890,1890,1.0,0.9509773361766048,0.7379398570038463,0.7379398570038467
alg,ml-100k/u.data,0,45370,128,0.8958601490903451,0.9327654570277968,189,1890,1890,1.0,0.9541635274441342,0.7277708144510607,0.7277708144510605
alg,ml-100k/u.data,3,45499,118,0.8946099344080255,0.9349413528330888,188,1880,1880,1.0,0.9531948932078256,0.7348933153347934,0.7348933153347937
