Algorithm,DataSet,Partition,BuildTime,TestTime,RMSE.ByUser,RMSE.ByRating,NUsers,NAttempted,NGood,Coverage,nDCG,MAE.ByUser,MAE.ByRating
alg,ml-100k/u.data,2,52704,164,0.9686925301394854,1.0131938930587494,189,1890,1890,1.0,0.9460281553281448,0.7897799352262194,0.7897799352262189
alg,ml-100k/u.data,4,52758,166,0.8475935025541855,0.8866008887767519,188,1880,1880,1.0,0.9564351253402475,0.6873082158795639,0.6873082158795633
alg,ml-100k/u.data,0,52888,149,0.8933567871394305,0.9299225302991864,189,1890,1890,1.0,0.9537312672990957,0.7256158643989237,0.7256158643989238
alg,ml-100k/u.data,3,53066,131,0.8937697222213462,0.9341583866569945,188,1880,1880,1.0,0.952562029382433,0.7339687512259037,0.7339687512259035
alg,ml-100k/u.data,1,53112,130,0.9000722809347254,0.93541164389029,189,1890,1890,1.0,0.9501062617711704,0.7382118300225655,0.7382118300225651
