Algorithm,DataSet,Partition,BuildTime,TestTime,RMSE.ByUser,RMSE.ByRating,NUsers,NAttempted,NGood,Coverage,nDCG,MAE.ByUser,MAE.ByRating
alg,ml-100k/u.data,1,47786,167,0.8991199269895088,0.9338208350747265,189,1890,1890,1.0,0.9507086569458729,0.7392583644816015,0.7392583644816011
alg,ml-100k/u.data,3,47897,157,0.8948982991871081,0.9351093270830152,188,1880,1880,1.0,0.9527274795492723,0.7334178471802847,0.7334178471802839
alg,ml-100k/u.data,4,48023,141,0.8490741387721299,0.8880515978073015,188,1880,1880,1.0,0.9565087394664846,0.6884252402431866,0.6884252402431867
alg,ml-100k/u.data,0,48026,151,0.8947898480671133,0.9323158797604999,189,1890,1890,1.0,0.9546021859709442,0.7265882092346729,0.7265882092346726
alg,ml-100k/u.data,2,48151,139,0.9691870106782084,1.0123529561529159,189,1890,1890,1.0,0.9447045547124896,0.7907822389034033,0.790782238903404
