Algorithm,DataSet,Partition,BuildTime,TestTime,RMSE.ByUser,RMSE.ByRating,NUsers,NAttempted,NGood,Coverage,nDCG,MAE.ByUser,MAE.ByRating
alg,ml-100k/u.data,2,44290,141,0.974266296032232,1.0194733873032704,189,1890,1890,1.0,0.9460076275693661,0.7939449562203922,0.7939449562203923
alg,ml-100k/u.data,4,44364,151,0.8476628459286475,0.8867601583758762,188,1880,1880,1.0,0.9571611209389579,0.6876591262468238,0.6876591262468233
alg,ml-100k/u.data,0,44503,119,0.8978830744941321,0.9348565877057379,189,1890,1890,1.0,0.9534466775464776,0.7289080423213316,0.7289080423213314
alg,ml-100k/u.data,1,44521,117,0.9015665869334152,0.9368557938198218,189,1890,1890,1.0,0.9512718529193203,0.7394225532044273,0.7394225532044272
alg,ml-100k/u.data,3,44544,117,0.8960844039455558,0.9362736585614103,188,1880,1880,1.0,0.9526054948165539,0.7367313224896757,0.7367313224896757
