Algorithm,DataSet,Partition,BuildTime,TestTime,RMSE.ByUser,RMSE.ByRating,NUsers,NAttempted,NGood,Coverage,nDCG,MAE.ByUser,MAE.ByRating
alg,ml-100k/u.data,1,43885,145,0.8987192864636891,0.9338465802115271,189,1890,1890,1.0,0.9517727593326128,0.7367306243885429,0.7367306243885424
alg,ml-100k/u.data,4,44063,144,0.8475766864065497,0.8864023229940371,188,1880,1880,1.0,0.9561903233568222,0.6876619294059501,0.6876619294059502
alg,ml-100k/u.data,0,44140,139,0.8925607079409468,0.9294824537453501,189,1890,1890,1.0,0.9538829986982952,0.7250216423457201,0.7250216423457201
alg,ml-100k/u.data,2,44296,115,0.9691219583934451,1.0134419436864712,189,1890,1890,1.0,0.9462901149786805,0.7900070145337701,0.7900070145337704
alg,ml-100k/u.data,3,44297,117,0.8921107425133671,0.9326205995039406,188,1880,1880,1.0,0.952305877645231,0.7326941934215383,0.7326941934215387
