Algorithm,DataSet,Partition,BuildTime,TestTime,RMSE.ByUser,RMSE.ByRating,NUsers,NAttempted,NGood,Coverage,nDCG,MAE.ByUser,MAE.ByRating
alg,ml-100k/u.data,1,47890,156,0.9125455637921527,0.9488476997761075,189,1890,1890,1.0,0.9489835846260832,0.7497906814414307,0.7497906814414309
alg,ml-100k/u.data,0,48104,145,0.9068068584357311,0.9430560328356574,189,1890,1890,1.0,0.9525728074753589,0.7397131693980038,0.7397131693980039
alg,ml-100k/u.data,2,48106,149,0.9852294967774734,1.0278588414390823,189,1890,1890,1.0,0.9428561098203015,0.8020724084106781,0.8020724084106782
alg,ml-100k/u.data,3,48152,126,0.9114474385785425,0.9535418684071706,188,1880,1880,1.0,0.9495104439580484,0.743976652774506,0.7439766527745061
alg,ml-100k/u.data,4,48227,113,0.8620527067244693,0.9023459969565946,188,1880,1880,1.0,0.953005832847072,0.7042386811942319,0.704238681194232
