Algorithm,DataSet,Partition,BuildTime,TestTime,RMSE.ByUser,RMSE.ByRating,NUsers,NAttempted,NGood,Coverage,nDCG,MAE.ByUser,MAE.ByRating
alg,ml-100k/u.data,1,49015,177,0.8995788628334321,0.935152013479331,189,1890,1890,1.0,0.9503575296805203,0.7387516764444898,0.7387516764444896
alg,ml-100k/u.data,4,49251,127,0.8481815487608968,0.887258147091201,188,1880,1880,1.0,0.9559795557105167,0.6867947366825273,0.6867947366825272
alg,ml-100k/u.data,0,49379,129,0.8929323011958159,0.9296360422747431,189,1890,1890,1.0,0.9540424127536302,0.7252460240974433,0.7252460240974439
alg,ml-100k/u.data,2,49409,127,0.9679624553332136,1.0119668523755532,189,1890,1890,1.0,0.9459047344852761,0.7895617064620245,0.789561706462025
alg,ml-100k/u.data,3,49531,122,0.8945963309139076,0.9349008640794849,188,1880,1880,1.0,0.9528395337256609,0.7344563635022886,0.7344563635022885
