Algorithm,DataSet,Partition,BuildTime,TestTime,RMSE.ByUser,RMSE.ByRating,NUsers,NAttempted,NGood,Coverage,nDCG,MAE.ByUser,MAE.ByRating
alg,ml-100k/u.data,1,44329,155,0.8993921985214739,0.9351926619041495,189,1890,1890,1.0,0.9498768919429699,0.7386455407322213,0.7386455407322218
alg,ml-100k/u.data,4,44399,129,0.8481412626244913,0.8873325768345689,188,1880,1880,1.0,0.9561961083899724,0.6867392963207746,0.6867392963207738
alg,ml-100k/u.data,3,44396,132,0.8945472467142362,0.9350468134921509,188,1880,1880,1.0,0.9539801086713942,0.7338916176868646,0.7338916176868643
alg,ml-100k/u.data,0,44492,114,0.894130348258398,0.9307013942043162,189,1890,1890,1.0,0.953719846432588,0.7262151971756179,0.7262151971756184
alg,ml-100k/u.data,2,44654,108,0.9684605716674821,1.012474619725071,189,1890,1890,1.0,0.9455651043106404,0.7902632859325515,0.7902632859325512
