Algorithm,DataSet,Partition,BuildTime,TestTime,RMSE.ByUser,RMSE.ByRating,NUsers,NAttempted,NGood,Coverage,nDCG,MAE.ByUser,MAE.ByRating
alg,ml-100k/u.data,2,43338,131,0.968840775616701,1.0124439838061947,189,1890,1890,1.0,0.9461240919804613,0.7906648746564042,0.7906648746564046
alg,ml-100k/u.data,1,43475,132,0.9004422499183505,0.9362431677037617,189,1890,1890,1.0,0.9485903273219076,0.7395957180219004,0.7395957180219003
alg,ml-100k/u.data,4,43553,119,0.8491076928696704,0.8883607984289031,188,1880,1880,1.0,0.9555527961169273,0.6873736140139148,0.687373614013914
alg,ml-100k/u.data,3,43623,110,0.8955510161380345,0.9360676931756261,188,1880,1880,1.0,0.9540459095020218,0.7341311546620205,0.7341311546620203
alg,ml-100k/u.data,0,43680,109,0.8947890114116327,0.9313749268564184,189,1890,1890,1.0,0.9539778093187499,0.7262820405236301,0.72628204052363
