Algorithm,DataSet,Partition,BuildTime,TestTime,RMSE.ByUser,RMSE.ByRating,NUsers,NAttempted,NGood,Coverage,nDCG,MAE.ByUser,MAE.ByRating
alg,ml-100k/u.data,3,43268,166,0.895823478782034,0.9360444820392632,188,1880,1880,1.0,0.9530294543023623,0.7363968120394907,0.7363968120394913
alg,ml-100k/u.data,4,43352,131,0.8476444819678849,0.8868063988619596,188,1880,1880,1.0,0.9569503786325473,0.6873149602683899,0.6873149602683907
alg,ml-100k/u.data,1,43354,131,0.9006760789301962,0.936059736461848,189,1890,1890,1.0,0.95159963868713,0.7385667930421755,0.7385667930421757
alg,ml-100k/u.data,0,43434,121,0.8975573285331695,0.9345515491337043,189,1890,1890,1.0,0.9538962299462664,0.7285335292268154,0.7285335292268157
alg,ml-100k/u.data,2,43554,115,0.9739942189075717,1.0190484799564778,189,1890,1890,1.0,0.9456384868022166,0.7936476706864436,0.7936476706864438
