Algorithm,DataSet,Partition,BuildTime,TestTime,RMSE.ByUser,RMSE.ByRating,NUsers,NAttempted,NGood,Coverage,nDCG,MAE.ByUser,MAE.ByRating
alg,ml-100k/u.data,1,52856,170,0.9009459760810877,0.9354827286396351,189,1890,1890,1.0,0.9512736173871126,0.7405877238845876,0.7405877238845875
alg,ml-100k/u.data,4,52950,147,0.8530366145949156,0.8925466289611717,188,1880,1880,1.0,0.9556543939132839,0.6945330019099881,0.6945330019099877
alg,ml-100k/u.data,2,53088,136,0.9701028296866887,1.012761563759481,189,1890,1890,1.0,0.9445131113203157,0.7919215372447015,0.7919215372447015
alg,ml-100k/u.data,0,53113,124,0.898710713783921,0.9364657293352561,189,1890,1890,1.0,0.9544787507853799,0.7288977675895487,0.7288977675895487
alg,ml-100k/u.data,3,53397,118,0.9029919156121174,0.9434566766002419,188,1880,1880,1.0,0.9513108735499641,0.737785151241691,0.73778515124169
