Algorithm,DataSet,Partition,BuildTime,TestTime,RMSE.ByUser,RMSE.ByRating,NUsers,NAttempted,NGood,Coverage,nDCG,MAE.ByUser,MAE.ByRating
alg,ml-100k/u.data,2,48971,161,0.9677681545598451,1.0108926935415756,189,1890,1890,1.0,0.9443399012214819,0.789891679069474,0.7898916790694744
alg,ml-100k/u.data,0,49071,133,0.8960819009837225,0.9332680053229129,189,1890,1890,1.0,0.9536960559479287,0.7267822346803224,0.7267822346803223
alg,ml-100k/u.data,1,49089,148,0.8994822130683334,0.9339013787253334,189,1890,1890,1.0,0.9516668871965119,0.7386877406785461,0.7386877406785466
alg,ml-100k/u.data,3,49141,123,0.8980503412775596,0.9383082814414814,188,1880,1880,1.0,0.951830321554364,0.7346734223589626,0.7346734223589618
alg,ml-100k/u.data,4,49144,124,0.8516029886575316,0.8904912781555012,188,1880,1880,1.0,0.9563931632589872,0.6921806643355608,0.6921806643355609
