Algorithm,DataSet,Partition,BuildTime,TestTime,RMSE.ByUser,RMSE.ByRating,NUsers,NAttempted,NGood,Coverage,nDCG,MAE.ByUser,MAE.ByRating
alg,ml-100k/u.data,1,48073,180,0.9098754909986011,0.94591095141548,189,1890,1890,1.0,0.949943385758371,0.7474597611849338,0.747459761184934
alg,ml-100k/u.data,4,48119,169,0.8597626062305531,0.8996225417942052,188,1880,1880,1.0,0.9543578300804098,0.7015612328520164,0.7015612328520163
alg,ml-100k/u.data,2,48167,164,0.9821081132201137,1.0249007699993586,189,1890,1890,1.0,0.9437826773657823,0.7996021131904203,0.7996021131904208
alg,ml-100k/u.data,0,48297,127,0.903314823730542,0.9395377516084357,189,1890,1890,1.0,0.9522051153999352,0.7362884786512384,0.7362884786512386
alg,ml-100k/u.data,3,48516,120,0.9081594383907404,0.9500497498912335,188,1880,1880,1.0,0.9500912728780742,0.7415104802314959,0.741510480231496
