Algorithm,DataSet,Partition,BuildTime,TestTime,RMSE.ByUser,RMSE.ByRating,NUsers,NAttempted,NGood,Coverage,nDCG,MAE.ByUser,MAE.ByRating
alg,ml-100k/u.data,0,42910,159,0.8990105017176322,0.9361568377380687,189,1890,1890,1.0,0.9534356470504454,0.7298133147128598,0.7298133147128595
alg,ml-100k/u.data,1,43115,139,0.9017485994171403,0.9371400294799755,189,1890,1890,1.0,0.9516387569362909,0.7395315826590474,0.7395315826590474
alg,ml-100k/u.data,3,43134,134,0.8969308028101144,0.9369554516993288,188,1880,1880,1.0,0.9531902722028313,0.7376762356340719,0.7376762356340723
alg,ml-100k/u.data,4,43156,132,0.8475524218319096,0.8867233566905773,188,1880,1880,1.0,0.9561194398362486,0.6876461745251699,0.6876461745251701
alg,ml-100k/u.data,2,43173,131,0.9753955452314836,1.0206795036941254,189,1890,1890,1.0,0.9468868193946842,0.7948203955631943,0.7948203955631951
