Algorithm,DataSet,Partition,BuildTime,TestTime,RMSE.ByUser,RMSE.ByRating,NUsers,NAttempted,NGood,Coverage,nDCG,MAE.ByUser,MAE.ByRating
alg,ml-100k/u.data,0,48262,166,0.8927462208420889,0.9295004199957223,189,1890,1890,1.0,0.9544612227868706,0.724895806604699,0.7248958066046993
alg,ml-100k/u.data,4,48350,159,0.8480813997097033,0.887027140779595,188,1880,1880,1.0,0.9561636261061607,0.6876461871616433,0.6876461871616434
alg,ml-100k/u.data,3,48411,144,0.891965410327324,0.932181790585876,188,1880,1880,1.0,0.952806539627885,0.732520788538886,0.7325207885388856
alg,ml-100k/u.data,1,48416,140,0.8989376260843315,0.9340977746380118,189,1890,1890,1.0,0.9509295209251352,0.7374618735485216,0.7374618735485214
alg,ml-100k/u.data,2,48682,124,0.9682734209548575,1.0123400352979293,189,1890,1890,1.0,0.9460126864492424,0.7895458238295036,0.7895458238295039
