Algorithm,DataSet,Partition,BuildTime,TestTime,RMSE.ByUser,RMSE.ByRating,NUsers,NAttempted,NGood,Coverage,nDCG,MAE.ByUser,MAE.ByRating
alg,ml-100k/u.data,3,53377,165,0.8941778652723859,0.9344940146454418,188,1880,1880,1.0,0.9529621317559606,0.734238153506086,0.7342381535060862
alg,ml-100k/u.data,1,53601,150,0.9005992423664562,0.9360132665261363,189,1890,1890,1.0,0.9501418443356829,0.7384733733560616,0.7384733733560614
alg,ml-100k/u.data,4,53593,163,0.8477685910751158,0.8868038312694481,188,1880,1880,1.0,0.9565404851677549,0.6873973123516707,0.6873973123516708
alg,ml-100k/u.data,0,53654,136,0.893699463870018,0.9302828191213963,189,1890,1890,1.0,0.9536242277854537,0.725869586573486,0.7258695865734865
alg,ml-100k/u.data,2,53842,114,0.9692049292785527,1.0138501065096757,189,1890,1890,1.0,0.945910381292535,0.7900788256022593,0.7900788256022588
