Algorithm,DataSet,Partition,BuildTime,TestTime,RMSE.ByUser,RMSE.ByRating,NUsers,NAttempted,NGood,Coverage,nDCG,MAE.ByUser,MAE.ByRating
regular_cosine_similarity,ml-100k/u.data,1,461,2114,0.9137210082756725,0.9161743697111441,189,4215,4215,1.0,0.9525142001336674,0.7426879940302352,0.7086276868568634
diffusion_norm_algo_trainonpartitions,ml-100k/u.data,1,253,8528,0.914348183969646,0.9181920398676965,189,4215,4215,1.0,0.9533229616684534,0.7463258683855586,0.7138307838596301
regular_cosine_similarity,ml-100k/u.data,0,209,1700,0.914227907511881,0.9102981497129194,189,4027,4027,1.0,0.9546300541633659,0.7439711089808588,0.7070411581370712
regular_cosine_similarity,ml-100k/u.data,4,184,1691,0.9300526084531079,0.9280773441583317,188,4101,4101,1.0,0.9532137782999512,0.7608633485282974,0.7273768021493113
regular_cosine_similarity,ml-100k/u.data,3,176,1601,0.8897392279857972,0.8916354325250159,188,3586,3586,1.0,0.9574259856999706,0.7263053109544247,0.6978414922432775
diffusion_norm_algo_trainonpartitions,ml-100k/u.data,3,163,7821,0.8912761796278118,0.8945499441883995,188,3586,3586,1.0,0.955194893576308,0.7259283127910415,0.6987270642901028
diffusion_norm_algo_trainonpartitions,ml-100k/u.data,4,156,8233,0.9394561304477701,0.9352486762105953,188,4101,4101,1.0,0.9511597092969293,0.7671100773005904,0.7314939448795442
regular_cosine_similarity,ml-100k/u.data,2,167,1662,0.9553599225616319,0.9502751170671234,189,4071,4071,1.0,0.94808869341913,0.7811892153485486,0.747741983020177
