threshold,RMSE.ByUser,RMSE.ByRating,MAE.ByUser,MAE.ByRating
1.0,0.900993615944,0.940175892721,0.735208785971,0.735208785971
