threshold,RMSE.ByUser,RMSE.ByRating,MAE.ByUser,MAE.ByRating
1.0,0.90431261217,0.943750887916,0.738052937033,0.738052937033
