threshold,RMSE.ByUser,RMSE.ByRating,MAE.ByUser,MAE.ByRating
1.0,0.902883557316,0.94221360307,0.736653678162,0.736653678162
