threshold,RMSE.ByUser,RMSE.ByRating,MAE.ByUser,MAE.ByRating
1.0,0.901533661146,0.940854744994,0.735643596294,0.735643596294
