threshold,RMSE.ByUser,RMSE.ByRating,MAE.ByUser,MAE.ByRating
1.0,0.903614700062,0.942991729408,0.73743634916,0.73743634916
