threshold,RMSE.ByUser,RMSE.ByRating,MAE.ByUser,MAE.ByRating
1.0,0.901230255965,0.940477029951,0.735392511526,0.735392511526
