threshold,RMSE.ByUser,RMSE.ByRating,MAE.ByUser,MAE.ByRating
1.0,0.902025720541,0.941339095792,0.736104931664,0.736104931664
