threshold,RMSE.ByUser,RMSE.ByRating,MAE.ByUser,MAE.ByRating
1.0,0.90292402241,0.942058432802,0.736413473682,0.736413473682
