threshold,RMSE.ByUser,RMSE.ByRating,MAE.ByUser,MAE.ByRating
1.0,0.901334437476,0.940576588272,0.735443206253,0.735443206253
