threshold,RMSE.ByUser,RMSE.ByRating,MAE.ByUser,MAE.ByRating
1.0,0.902390281626,0.941488221542,0.735997585383,0.735997585383
