threshold,RMSE.ByUser,RMSE.ByRating,MAE.ByUser,MAE.ByRating
1.0,0.9009527064,0.940177070282,0.735259522712,0.735259522712
