threshold,RMSE.ByUser,RMSE.ByRating,MAE.ByUser,MAE.ByRating
1.0,0.901680725105,0.9408206416,0.735569409912,0.735569409912
