Algorithm,DataSet,Partition,BuildTime,TestTime,RMSE.ByUser,RMSE.ByRating,NUsers,NAttempted,NGood,Coverage,nDCG,MAE.ByUser,MAE.ByRating
alg,ml-100k/u.data,3,47060,152,0.8963007594221896,0.936446417414725,188,1880,1880,1.0,0.9525614065260462,0.7368941285793834,0.7368941285793835
alg,ml-100k/u.data,1,47118,131,0.9017178992441086,0.9370369798044111,189,1890,1890,1.0,0.9510919918986267,0.7395688852404145,0.739568885240414
alg,ml-100k/u.data,2,47147,132,0.974309148419946,1.0195780873628213,189,1890,1890,1.0,0.9459470564059004,0.7940108840789128,0.7940108840789124
alg,ml-100k/u.data,0,47168,128,0.8981576177620415,0.9351620963184522,189,1890,1890,1.0,0.9537710272967578,0.7291330675152198,0.7291330675152198
alg,ml-100k/u.data,4,47252,108,0.8475880754639411,0.8867350661384029,188,1880,1880,1.0,0.957099981598904,0.6875747803841028,0.6875747803841021
