Algorithm,DataSet,Partition,BuildTime,TestTime,RMSE.ByUser,RMSE.ByRating,NUsers,NAttempted,NGood,Coverage,nDCG,MAE.ByUser,MAE.ByRating
alg,ml-100k/u.data,3,44412,149,0.8942731443025628,0.9345921080258167,188,1880,1880,1.0,0.9521163979742009,0.7344910764829503,0.7344910764829506
alg,ml-100k/u.data,0,44398,164,0.8943195566222883,0.9308372970884382,189,1890,1890,1.0,0.9538845609578441,0.7264905341030419,0.7264905341030419
alg,ml-100k/u.data,2,44502,135,0.9683288247594943,1.0129279232253794,189,1890,1890,1.0,0.9459559926499046,0.789666209524869,0.7896662095248693
alg,ml-100k/u.data,1,44549,122,0.9004296905919866,0.9359648866675793,189,1890,1890,1.0,0.9498844937401845,0.7385738297789957,0.7385738297789953
alg,ml-100k/u.data,4,44597,113,0.8476168634415465,0.8865572485990986,188,1880,1880,1.0,0.9562814317590225,0.6868222799645012,0.6868222799645016
