Algorithm,DataSet,Partition,BuildTime,TestTime,RMSE.ByUser,RMSE.ByRating,NUsers,NAttempted,NGood,Coverage,nDCG,MAE.ByUser,MAE.ByRating
alg,ml-100k/u.data,1,43068,148,0.9007901629039449,0.936313213401813,189,1890,1890,1.0,0.9489010927523042,0.73978441343785,0.7397844134378502
alg,ml-100k/u.data,0,43062,157,0.8960669154066552,0.9324671579725533,189,1890,1890,1.0,0.9537773384747168,0.7272048354134358,0.7272048354134365
alg,ml-100k/u.data,2,43180,884,0.9692952453266921,1.0128236100494243,189,1890,1890,1.0,0.9460319189542631,0.7906627590456922,0.7906627590456915
alg,ml-100k/u.data,4,43286,870,0.8496597522906505,0.8890246256907196,188,1880,1880,1.0,0.9542051644295056,0.6878656745590545,0.6878656745590545
alg,ml-100k/u.data,3,44119,108,0.8961393322016993,0.9368125005979557,188,1880,1880,1.0,0.9534308884832711,0.7344702444570016,0.734470244457001
