Algorithm,DataSet,Partition,BuildTime,TestTime,RMSE.ByUser,RMSE.ByRating,NUsers,NAttempted,NGood,Coverage,nDCG,MAE.ByUser,MAE.ByRating
alg,ml-100k/u.data,0,43287,157,0.8942129086486421,0.9307544195235671,189,1890,1890,1.0,0.9537635842014466,0.7261886047459333,0.7261886047459337
alg,ml-100k/u.data,2,43329,145,0.9696874674028578,1.0143949668487544,189,1890,1890,1.0,0.9456816827263379,0.7904940501138153,0.7904940501138161
alg,ml-100k/u.data,3,43436,121,0.8943622365664494,0.9348799282945998,188,1880,1880,1.0,0.9532231971270595,0.7345929077817934,0.7345929077817935
alg,ml-100k/u.data,4,43462,115,0.8476658632110955,0.8867426479633489,188,1880,1880,1.0,0.9562637815963703,0.6873702057737857,0.687370205773786
alg,ml-100k/u.data,1,43547,118,0.9007437115531426,0.9361109787290017,189,1890,1890,1.0,0.9502728144665539,0.7385702628521578,0.7385702628521577
