Algorithm,DataSet,Partition,BuildTime,TestTime,RMSE.ByUser,RMSE.ByRating,NUsers,NAttempted,NGood,Coverage,nDCG,MAE.ByUser,MAE.ByRating
alg,ml-100k/u.data,2,43250,155,0.9704899720245745,1.015450213645357,189,1890,1890,1.0,0.9459891046169,0.790570890747896,0.7905708907478959
alg,ml-100k/u.data,3,43392,128,0.8944300903904481,0.9349248779563154,188,1880,1880,1.0,0.9527424447931184,0.7349763806358112,0.7349763806358115
alg,ml-100k/u.data,4,43405,123,0.8475479346439501,0.8865763721223915,188,1880,1880,1.0,0.9564384133354134,0.6873530489249763,0.6873530489249762
alg,ml-100k/u.data,1,43453,119,0.9001479906206703,0.9355087890826855,189,1890,1890,1.0,0.9504265824715632,0.7380693930958792,0.7380693930958798
alg,ml-100k/u.data,0,43554,119,0.8950523180498015,0.9318134721618241,189,1890,1890,1.0,0.953698621048092,0.7272482680647893,0.727248268064789
