Algorithm,DataSet,Partition,BuildTime,TestTime,RMSE.ByUser,RMSE.ByRating,NUsers,NAttempted,NGood,Coverage,nDCG,MAE.ByUser,MAE.ByRating
alg,ml-100k/u.data,1,43379,154,0.9002663387673856,0.935639795137898,189,1890,1890,1.0,0.9510733398011878,0.7381143996853724,0.7381143996853715
alg,ml-100k/u.data,4,43552,122,0.8470701845571221,0.8860898635003019,188,1880,1880,1.0,0.9564125546269138,0.6872317397547283,0.6872317397547285
alg,ml-100k/u.data,3,43611,121,0.8945314053723947,0.9348470490057662,188,1880,1880,1.0,0.9530044613665793,0.7349888734145685,0.7349888734145688
alg,ml-100k/u.data,2,43632,118,0.9720168207491242,1.0170023000182769,189,1890,1890,1.0,0.9458550131297442,0.7920460202774089,0.7920460202774084
alg,ml-100k/u.data,0,43718,118,0.8962438532603614,0.9331164712962906,189,1890,1890,1.0,0.9540359483669418,0.7281436251880729,0.7281436251880724
