Algorithm,DataSet,Partition,BuildTime,TestTime,RMSE.ByUser,RMSE.ByRating,NUsers,NAttempted,NGood,Coverage,nDCG,MAE.ByUser,MAE.ByRating
alg,ml-100k/u.data,4,45696,157,0.8476180688543129,0.8868206150553625,188,1880,1880,1.0,0.9564001271077114,0.6877448648740517,0.6877448648740522
alg,ml-100k/u.data,1,45857,147,0.9018062032150189,0.937204994498374,189,1890,1890,1.0,0.9511924467619521,0.7395845034610641,0.7395845034610641
alg,ml-100k/u.data,3,45885,145,0.8971020187478983,0.9371185776932858,188,1880,1880,1.0,0.9530137231420368,0.7377598667969439,0.7377598667969448
alg,ml-100k/u.data,2,46105,116,0.9757625073818943,1.021159664684347,189,1890,1890,1.0,0.9461630234956527,0.7951577096023017,0.7951577096023019
alg,ml-100k/u.data,0,46175,120,0.8992742626529797,0.9364505876464019,189,1890,1890,1.0,0.9532299411716006,0.7300177404314155,0.7300177404314154
