Algorithm,DataSet,Partition,BuildTime,TestTime,RMSE.ByUser,RMSE.ByRating,NUsers,NAttempted,NGood,Coverage,nDCG,MAE.ByUser,MAE.ByRating
alg,ml-100k/u.data,3,43141,149,0.8962369656510595,0.93698839952385,188,1880,1880,1.0,0.9529114973016096,0.7346446453463614,0.7346446453463621
alg,ml-100k/u.data,1,43155,151,0.9016587104428367,0.9372618642800172,189,1890,1890,1.0,0.9491311475733598,0.7406066238949052,0.7406066238949055
alg,ml-100k/u.data,4,43165,148,0.8504403719552412,0.8897724410562748,188,1880,1880,1.0,0.9549115964414303,0.6885708860998032,0.6885708860998034
alg,ml-100k/u.data,0,43290,122,0.896647632759661,0.9331687842818913,189,1890,1890,1.0,0.9545182454993925,0.7276106575600597,0.72761065756006
alg,ml-100k/u.data,2,43335,116,0.969636431238984,1.0131006748702884,189,1890,1890,1.0,0.9451519849426278,0.7906345555064208,0.7906345555064206
