Algorithm,DataSet,Partition,BuildTime,TestTime,RMSE.ByUser,RMSE.ByRating,NUsers,NAttempted,NGood,Coverage,nDCG,MAE.ByUser,MAE.ByRating
alg,ml-100k/u.data,0,44399,153,0.8970270765098669,0.9339136706870529,189,1890,1890,1.0,0.9539117878427928,0.7281860526655402,0.7281860526655404
alg,ml-100k/u.data,1,44471,138,0.9010986598634819,0.9363991959103494,189,1890,1890,1.0,0.9513781957765393,0.7387975245569187,0.7387975245569187
alg,ml-100k/u.data,3,44547,128,0.895529840960947,0.9357828552701811,188,1880,1880,1.0,0.953033857860124,0.7360915613418747,0.736091561341875
alg,ml-100k/u.data,2,44564,124,0.9733567041607301,1.0184980048204368,189,1890,1890,1.0,0.9455948614704095,0.7929412967557872,0.7929412967557871
alg,ml-100k/u.data,4,44600,112,0.8474055050847702,0.8864742886635644,188,1880,1880,1.0,0.9561647798596361,0.6872519554894142,0.6872519554894143
