Algorithm,DataSet,Partition,BuildTime,TestTime,RMSE.ByUser,RMSE.ByRating,NUsers,NAttempted,NGood,Coverage,nDCG,MAE.ByUser,MAE.ByRating
alg,ml-100k/u.data,4,43825,149,0.8486842532171923,0.8879252278007048,188,1880,1880,1.0,0.9552850193919269,0.6872686256333058,0.687268625633307
alg,ml-100k/u.data,3,43980,125,0.8953118590531781,0.9358179182288745,188,1880,1880,1.0,0.9539870296205296,0.7340452833611137,0.7340452833611139
alg,ml-100k/u.data,1,44184,117,0.9003392838908996,0.9362110232905125,189,1890,1890,1.0,0.9485657186378438,0.7393903381931127,0.739390338193113
alg,ml-100k/u.data,2,44263,113,0.9690602639381755,1.0126832413493105,189,1890,1890,1.0,0.9460028067041236,0.7904539210062214,0.790453921006222
alg,ml-100k/u.data,0,44275,113,0.8950079654254671,0.9314657973292846,189,1890,1890,1.0,0.9535212208227609,0.7266888813658589,0.7266888813658592
