threshold,RMSE.ByUser,RMSE.ByRating,MAE.ByUser,MAE.ByRating
1.0,0.926508890173,0.965877966208,0.76296033563,0.76296033563
