threshold,RMSE.ByUser,RMSE.ByRating,MAE.ByUser,MAE.ByRating
1.0,0.926972942332,0.966258344969,0.763885395865,0.763885395865
