alpha,RMSE.ByUser,RMSE.ByRating,MAE.ByUser,MAE.ByRating
14.0,0.926468190547,0.965801873459,0.762875463435,0.762875463435
