threshold,RMSE.ByUser,RMSE.ByRating,MAE.ByUser,MAE.ByRating
1.0,0.92632908328,0.965664476044,0.76254824269,0.76254824269
