threshold,RMSE.ByUser,RMSE.ByRating,MAE.ByUser,MAE.ByRating
1.0,0.92660603358,0.965825671164,0.763273898284,0.763273898284
