threshold,RMSE.ByUser,RMSE.ByRating,MAE.ByUser,MAE.ByRating
1.0,0.926461855034,0.965690619705,0.76297133328,0.76297133328
