alpha,RMSE.ByUser,RMSE.ByRating,MAE.ByUser,MAE.ByRating
14.0,0.926891224386,0.966039564013,0.762997622077,0.762997622077
