threshold,RMSE.ByUser,RMSE.ByRating,MAE.ByUser,MAE.ByRating
1.0,0.926440997226,0.965674670572,0.76288433674,0.76288433674
