alpha,RMSE.ByUser,RMSE.ByRating,MAE.ByUser,MAE.ByRating
14.0,0.926332208683,0.965733989889,0.762675408942,0.762675408942
