alpha,RMSE.ByUser,RMSE.ByRating,MAE.ByUser,MAE.ByRating
14.0,0.927824692479,0.9669736201,0.763574899144,0.763574899144
