alpha,RMSE.ByUser,RMSE.ByRating,MAE.ByUser,MAE.ByRating
14.0,0.926651653467,0.965986504127,0.763009311152,0.763009311152
