threshold,RMSE.ByUser,RMSE.ByRating,MAE.ByUser,MAE.ByRating
1.0,0.926842583419,0.966100149681,0.763673614079,0.763673614079
