threshold,RMSE.ByUser,RMSE.ByRating,MAE.ByUser,MAE.ByRating
1.0,0.926498615989,0.965724452632,0.76312333015,0.76312333015
