threshold,RMSE.ByUser,RMSE.ByRating,MAE.ByUser,MAE.ByRating
1.0,0.926645521007,0.966025785733,0.76316164389,0.76316164389
