threshold,RMSE.ByUser,RMSE.ByRating,MAE.ByUser,MAE.ByRating
1.0,0.926326859712,0.965602121227,0.762491732974,0.762491732974
