threshold,RMSE.ByUser,RMSE.ByRating,MAE.ByUser,MAE.ByRating
1.0,0.926124752698,0.965384762876,0.762359401066,0.762359401066
