threshold,RMSE.ByUser,RMSE.ByRating,MAE.ByUser,MAE.ByRating
1.0,0.926641460529,0.965934188757,0.763419002599,0.763419002599
