threshold,RMSE.ByUser,RMSE.ByRating,MAE.ByUser,MAE.ByRating
1.0,0.926277304916,0.965496955909,0.762575799077,0.762575799077
