threshold,RMSE.ByUser,RMSE.ByRating,MAE.ByUser,MAE.ByRating
1.0,0.926255750638,0.965473062888,0.762642802113,0.762642802113
