threshold,RMSE.ByUser,RMSE.ByRating,MAE.ByUser,MAE.ByRating
1.0,0.926352334371,0.965724635027,0.762865483022,0.762865483022
