alpha,RMSE.ByUser,RMSE.ByRating,MAE.ByUser,MAE.ByRating
14.0,0.9262660921,0.965671049501,0.762677516764,0.762677516764
