Algorithm,DataSet,Partition,BuildTime,TestTime,RMSE.ByUser,RMSE.ByRating,NUsers,NAttempted,NGood,Coverage,nDCG,MAE.ByUser,MAE.ByRating
alg,ml-100k/u.data,4,294,49406,0.8687715835334255,0.9068903606652052,188,1880,1880,1.0,0.9494244442919031,0.716556587205196,0.7165565872051962
alg,ml-100k/u.data,3,297,49444,0.9301128049884214,0.9710213825824617,188,1880,1880,1.0,0.9446616581539691,0.7732014267239181,0.7732014267239183
alg,ml-100k/u.data,1,284,50818,0.9366193476122202,0.9724963927276584,189,1890,1890,1.0,0.9443814781178722,0.7801194631980345,0.7801194631980346
alg,ml-100k/u.data,0,288,52579,0.9164101738981861,0.9519353332601957,189,1890,1890,1.0,0.9493670807949749,0.7447397149774986,0.744739714977499
alg,ml-100k/u.data,2,291,52778,0.980395365139332,1.0261096292888892,189,1890,1890,1.0,0.9450020892066505,0.8002394742949657,0.800239474294966
