Algorithm,DataSet,Partition,BuildTime,TestTime,RMSE.ByUser,RMSE.ByRating,NUsers,NAttempted,NGood,Coverage,nDCG,MAE.ByUser,MAE.ByRating
alg,ml-100k/u.data,3,250,49825,0.9301128049884214,0.9710213825824617,188,1880,1880,1.0,0.9446616581539691,0.7732014267239181,0.7732014267239183
alg,ml-100k/u.data,1,249,50403,0.9366193476122202,0.9724963927276584,189,1890,1890,1.0,0.9443814781178722,0.7801194631980345,0.7801194631980346
alg,ml-100k/u.data,4,258,51158,0.8687715835334255,0.9068903606652052,188,1880,1880,1.0,0.9494244442919031,0.716556587205196,0.7165565872051962
alg,ml-100k/u.data,2,256,53318,0.9811305394997688,1.0268268943620578,189,1890,1890,1.0,0.9442248035299341,0.8011715155776405,0.8011715155776413
alg,ml-100k/u.data,0,252,53626,0.9163958922653122,0.9518933254806332,189,1890,1890,1.0,0.9487228578871093,0.7453204987176842,0.7453204987176837
