Algorithm,DataSet,Partition,BuildTime,TestTime,RMSE.ByUser,RMSE.ByRating,NUsers,NAttempted,NGood,Coverage,nDCG,MAE.ByUser,MAE.ByRating
alg,ml-100k/u.data,4,249,71292,0.8687715835334255,0.9068903606652052,188,1880,1880,1.0,0.9494244442919031,0.716556587205196,0.7165565872051962
alg,ml-100k/u.data,3,246,71375,0.9301128049884214,0.9710213825824617,188,1880,1880,1.0,0.9446616581539691,0.7732014267239181,0.7732014267239183
alg,ml-100k/u.data,1,227,71435,0.9366193476122202,0.9724963927276584,189,1890,1890,1.0,0.9443814781178722,0.7801194631980345,0.7801194631980346
alg,ml-100k/u.data,2,233,74421,0.9798954418176615,1.0258381208794756,189,1890,1890,1.0,0.944673958757951,0.7995538306586752,0.7995538306586756
alg,ml-100k/u.data,0,221,74655,0.9162618654645752,0.9524236925884371,189,1890,1890,1.0,0.9499018272401478,0.7439457369235478,0.7439457369235476
