Algorithm,DataSet,Partition,BuildTime,TestTime,RMSE.ByUser,RMSE.ByRating,NUsers,NAttempted,NGood,Coverage,nDCG,MAE.ByUser,MAE.ByRating
alg,ml-100k/u.data,3,269,47818,0.9301128049884214,0.9710213825824617,188,1880,1880,1.0,0.9446616581539691,0.7732014267239181,0.7732014267239183
alg,ml-100k/u.data,1,233,47852,0.9366193476122202,0.9724963927276584,189,1890,1890,1.0,0.9443814781178722,0.7801194631980345,0.7801194631980346
alg,ml-100k/u.data,4,261,47897,0.8687715835334255,0.9068903606652052,188,1880,1880,1.0,0.9494244442919031,0.716556587205196,0.7165565872051962
alg,ml-100k/u.data,0,233,50482,0.9161203364254276,0.9522465006531934,189,1890,1890,1.0,0.9500900608908703,0.7443093290830177,0.744309329083017
alg,ml-100k/u.data,2,271,50704,0.9801375992977128,1.0259685385049753,189,1890,1890,1.0,0.944583040138576,0.8001406088977125,0.8001406088977124
