Algorithm,DataSet,Partition,BuildTime,TestTime,RMSE.ByUser,RMSE.ByRating,NUsers,NAttempted,NGood,Coverage,nDCG,MAE.ByUser,MAE.ByRating
alg,ml-100k/u.data,1,236,45421,0.9366193476122202,0.9724963927276584,189,1890,1890,1.0,0.9443814781178722,0.7801194631980345,0.7801194631980346
alg,ml-100k/u.data,4,237,45501,0.8687715835334255,0.9068903606652052,188,1880,1880,1.0,0.9494244442919031,0.716556587205196,0.7165565872051962
alg,ml-100k/u.data,3,232,45617,0.9301128049884214,0.9710213825824617,188,1880,1880,1.0,0.9446616581539691,0.7732014267239181,0.7732014267239183
alg,ml-100k/u.data,0,222,48560,0.9161428173741278,0.9523496578180857,189,1890,1890,1.0,0.9498608894614523,0.7444179880690215,0.7444179880690209
alg,ml-100k/u.data,2,233,48612,0.9806943992274197,1.026251573501452,189,1890,1890,1.0,0.9443001156543587,0.8000818519797805,0.8000818519797803
