Algorithm,DataSet,Partition,BuildTime,TestTime,RMSE.ByUser,RMSE.ByRating,NUsers,NAttempted,NGood,Coverage,nDCG,MAE.ByUser,MAE.ByRating
alg,ml-100k/u.data,1,247,53708,0.9366193476122202,0.9724963927276584,189,1890,1890,1.0,0.9443814781178722,0.7801194631980345,0.7801194631980346
alg,ml-100k/u.data,4,291,54308,0.8687715835334255,0.9068903606652052,188,1880,1880,1.0,0.9494244442919031,0.716556587205196,0.7165565872051962
alg,ml-100k/u.data,3,255,54419,0.9301128049884214,0.9710213825824617,188,1880,1880,1.0,0.9446616581539691,0.7732014267239181,0.7732014267239183
alg,ml-100k/u.data,0,248,57250,0.9156396270413608,0.9513489207351562,189,1890,1890,1.0,0.9498356698054029,0.743032363164448,0.743032363164448
alg,ml-100k/u.data,2,253,57409,0.9794804003145675,1.0251667576680876,189,1890,1890,1.0,0.9445283596841942,0.7988871650407764,0.7988871650407763
