Algorithm,DataSet,Partition,BuildTime,TestTime,RMSE.ByUser,RMSE.ByRating,NUsers,NAttempted,NGood,Coverage,nDCG,MAE.ByUser,MAE.ByRating
alg,ml-100k/u.data,1,242,44158,0.9366193476122202,0.9724963927276584,189,1890,1890,1.0,0.9443814781178722,0.7801194631980345,0.7801194631980346
alg,ml-100k/u.data,4,238,44371,0.8687715835334255,0.9068903606652052,188,1880,1880,1.0,0.9494244442919031,0.716556587205196,0.7165565872051962
alg,ml-100k/u.data,3,242,44381,0.9301128049884214,0.9710213825824617,188,1880,1880,1.0,0.9446616581539691,0.7732014267239181,0.7732014267239183
alg,ml-100k/u.data,2,239,47244,0.9800695667667189,1.0260484342327094,189,1890,1890,1.0,0.9445860609298972,0.7999510751781114,0.7999510751781114
alg,ml-100k/u.data,0,228,47354,0.915757157599611,0.9518986772972737,189,1890,1890,1.0,0.9502811380534323,0.7435590315151682,0.7435590315151678
