Algorithm,DataSet,Partition,BuildTime,TestTime,RMSE.ByUser,RMSE.ByRating,NUsers,NAttempted,NGood,Coverage,nDCG,MAE.ByUser,MAE.ByRating
alg,ml-100k/u.data,1,243,51916,0.9366193476122202,0.9724963927276584,189,1890,1890,1.0,0.9443814781178722,0.7801194631980345,0.7801194631980346
alg,ml-100k/u.data,4,244,52031,0.8687715835334255,0.9068903606652052,188,1880,1880,1.0,0.9494244442919031,0.716556587205196,0.7165565872051962
alg,ml-100k/u.data,3,257,52023,0.9301128049884214,0.9710213825824617,188,1880,1880,1.0,0.9446616581539691,0.7732014267239181,0.7732014267239183
alg,ml-100k/u.data,0,215,54847,0.9166127835792722,0.9520052052923645,189,1890,1890,1.0,0.9498799310418257,0.743983351538153,0.7439833515381534
alg,ml-100k/u.data,2,245,55025,0.9792700048655297,1.0250714382749142,189,1890,1890,1.0,0.9449881624968313,0.7990181667194375,0.7990181667194374
