Algorithm,DataSet,Partition,BuildTime,TestTime,RMSE.ByUser,RMSE.ByRating,NUsers,NAttempted,NGood,Coverage,nDCG,MAE.ByUser,MAE.ByRating
alg,ml-100k/u.data,1,215,44077,0.9366193476122202,0.9724963927276584,189,1890,1890,1.0,0.9443814781178722,0.7801194631980345,0.7801194631980346
alg,ml-100k/u.data,3,240,44085,0.9301128049884214,0.9710213825824617,188,1880,1880,1.0,0.9446616581539691,0.7732014267239181,0.7732014267239183
alg,ml-100k/u.data,4,233,44188,0.8687715835334255,0.9068903606652052,188,1880,1880,1.0,0.9494244442919031,0.716556587205196,0.7165565872051962
alg,ml-100k/u.data,0,245,47166,0.9163564468491835,0.9526752852939783,189,1890,1890,1.0,0.9496225045090483,0.744480106569616,0.7444801065696163
alg,ml-100k/u.data,2,232,47369,0.9813980843503087,1.0268490993650554,189,1890,1890,1.0,0.9437646207040323,0.8006889720647503,0.8006889720647502
