Algorithm,DataSet,Partition,BuildTime,TestTime,RMSE.ByUser,RMSE.ByRating,NUsers,NAttempted,NGood,Coverage,nDCG,MAE.ByUser,MAE.ByRating
alg,ml-100k/u.data,1,264,57336,0.9366193476122202,0.9724963927276584,189,1890,1890,1.0,0.9443814781178722,0.7801194631980345,0.7801194631980346
alg,ml-100k/u.data,3,274,57373,0.9301128049884214,0.9710213825824617,188,1880,1880,1.0,0.9446616581539691,0.7732014267239181,0.7732014267239183
alg,ml-100k/u.data,4,274,57710,0.8687715835334255,0.9068903606652052,188,1880,1880,1.0,0.9494244442919031,0.716556587205196,0.7165565872051962
alg,ml-100k/u.data,0,260,60308,0.9162826915667729,0.9525202932133698,189,1890,1890,1.0,0.9502051271836306,0.7445533711797558,0.7445533711797558
alg,ml-100k/u.data,2,257,60337,0.9814411773327489,1.0272004994768078,189,1890,1890,1.0,0.9442950506939709,0.801377371143656,0.8013773711436554
