Algorithm,DataSet,Partition,BuildTime,TestTime,RMSE.ByUser,RMSE.ByRating,NUsers,NAttempted,NGood,Coverage,nDCG,MAE.ByUser,MAE.ByRating
alg,ml-100k/u.data,3,304,44309,0.9301128049884214,0.9710213825824617,188,1880,1880,1.0,0.9446616581539691,0.7732014267239181,0.7732014267239183
alg,ml-100k/u.data,4,296,44352,0.8687715835334255,0.9068903606652052,188,1880,1880,1.0,0.9494244442919031,0.716556587205196,0.7165565872051962
alg,ml-100k/u.data,1,297,44424,0.9366193476122202,0.9724963927276584,189,1890,1890,1.0,0.9443814781178722,0.7801194631980345,0.7801194631980346
alg,ml-100k/u.data,0,266,47412,0.9187300326338829,0.9549654290546898,189,1890,1890,1.0,0.9489056208845857,0.7456998576909412,0.7456998576909407
alg,ml-100k/u.data,2,300,47559,0.9848896936269975,1.0294945354703926,189,1890,1890,1.0,0.9443081677668276,0.8022971609001671,0.8022971609001672
