Algorithm,DataSet,Partition,BuildTime,TestTime,RMSE.ByUser,RMSE.ByRating,NUsers,NAttempted,NGood,Coverage,nDCG,MAE.ByUser,MAE.ByRating
alg,ml-100k/u.data,1,260,48406,0.9366193476122202,0.9724963927276584,189,1890,1890,1.0,0.9443814781178722,0.7801194631980345,0.7801194631980346
alg,ml-100k/u.data,4,239,48568,0.8687715835334255,0.9068903606652052,188,1880,1880,1.0,0.9494244442919031,0.716556587205196,0.7165565872051962
alg,ml-100k/u.data,3,253,48811,0.9301128049884214,0.9710213825824617,188,1880,1880,1.0,0.9446616581539691,0.7732014267239181,0.7732014267239183
alg,ml-100k/u.data,0,212,51512,0.9159454215159968,0.9519149089336464,189,1890,1890,1.0,0.9497314327412578,0.7433065317518649,0.7433065317518653
alg,ml-100k/u.data,2,234,51618,0.9801962587483611,1.0259993353119998,189,1890,1890,1.0,0.9449588300218419,0.7995572045688474,0.7995572045688477
