Algorithm,DataSet,Partition,BuildTime,TestTime,RMSE.ByUser,RMSE.ByRating,NUsers,NAttempted,NGood,Coverage,nDCG,MAE.ByUser,MAE.ByRating
alg,ml-100k/u.data,3,276,51002,0.9301128049884214,0.9710213825824617,188,1880,1880,1.0,0.9446616581539691,0.7732014267239181,0.7732014267239183
alg,ml-100k/u.data,1,262,51020,0.9366193476122202,0.9724963927276584,189,1890,1890,1.0,0.9443814781178722,0.7801194631980345,0.7801194631980346
alg,ml-100k/u.data,4,285,51203,0.8687715835334255,0.9068903606652052,188,1880,1880,1.0,0.9494244442919031,0.716556587205196,0.7165565872051962
alg,ml-100k/u.data,2,266,54104,0.9801327237463978,1.0258618453530706,189,1890,1890,1.0,0.944863747680726,0.7992197929720631,0.7992197929720625
alg,ml-100k/u.data,0,258,54143,0.9159978386801982,0.9517406248089842,189,1890,1890,1.0,0.9498201096838567,0.7433613947730077,0.7433613947730074
