Algorithm,DataSet,Partition,BuildTime,TestTime,RMSE.ByUser,RMSE.ByRating,NUsers,NAttempted,NGood,Coverage,nDCG,MAE.ByUser,MAE.ByRating
alg,ml-100k/u.data,4,263,50287,0.8687715835334255,0.9068903606652052,188,1880,1880,1.0,0.9494244442919031,0.716556587205196,0.7165565872051962
alg,ml-100k/u.data,1,263,50331,0.9366193476122202,0.9724963927276584,189,1890,1890,1.0,0.9443814781178722,0.7801194631980345,0.7801194631980346
alg,ml-100k/u.data,3,266,50455,0.9301128049884214,0.9710213825824617,188,1880,1880,1.0,0.9446616581539691,0.7732014267239181,0.7732014267239183
alg,ml-100k/u.data,0,249,53428,0.9161565498688717,0.9519704406693656,189,1890,1890,1.0,0.9488067640056012,0.7456815277913491,0.7456815277913489
alg,ml-100k/u.data,2,251,53527,0.9815470166436499,1.0272923671426442,189,1890,1890,1.0,0.9449513664996482,0.8015360080788866,0.8015360080788859
