Algorithm,DataSet,Partition,BuildTime,TestTime,RMSE.ByUser,RMSE.ByRating,NUsers,NAttempted,NGood,Coverage,nDCG,MAE.ByUser,MAE.ByRating
alg,ml-100k/u.data,4,255,87840,0.8687715835334255,0.9068903606652052,188,1880,1880,1.0,0.9494244442919031,0.716556587205196,0.7165565872051962
alg,ml-100k/u.data,1,247,87897,0.9366193476122202,0.9724963927276584,189,1890,1890,1.0,0.9443814781178722,0.7801194631980345,0.7801194631980346
alg,ml-100k/u.data,3,259,87947,0.9301128049884214,0.9710213825824617,188,1880,1880,1.0,0.9446616581539691,0.7732014267239181,0.7732014267239183
alg,ml-100k/u.data,0,244,91052,0.916762002529626,0.9524899458351794,189,1890,1890,1.0,0.9488446915410255,0.7464810555367601,0.74648105553676
alg,ml-100k/u.data,2,243,91062,0.9819471784297813,1.027602666592394,189,1890,1890,1.0,0.9442870712154072,0.8020095377290757,0.8020095377290767
