Algorithm,DataSet,Partition,BuildTime,TestTime,RMSE.ByUser,RMSE.ByRating,NUsers,NAttempted,NGood,Coverage,nDCG,MAE.ByUser,MAE.ByRating
alg,ml-100k/u.data,1,222,47036,0.9366193476122202,0.9724963927276584,189,1890,1890,1.0,0.9443814781178722,0.7801194631980345,0.7801194631980346
alg,ml-100k/u.data,3,239,47249,0.9301128049884214,0.9710213825824617,188,1880,1880,1.0,0.9446616581539691,0.7732014267239181,0.7732014267239183
alg,ml-100k/u.data,4,251,47412,0.8687715835334255,0.9068903606652052,188,1880,1880,1.0,0.9494244442919031,0.716556587205196,0.7165565872051962
alg,ml-100k/u.data,0,236,50135,0.916446019528635,0.9526072043889076,189,1890,1890,1.0,0.9499266178041154,0.7446502685308078,0.7446502685308077
alg,ml-100k/u.data,2,242,50182,0.9805946952038311,1.0263744906764736,189,1890,1890,1.0,0.9449790766452776,0.8002739324942348,0.8002739324942345
