Algorithm,DataSet,Partition,BuildTime,TestTime,RMSE.ByUser,RMSE.ByRating,NUsers,NAttempted,NGood,Coverage,nDCG,MAE.ByUser,MAE.ByRating
alg,ml-100k/u.data,4,303,63509,0.8687715835334255,0.9068903606652052,188,1880,1880,1.0,0.9494244442919031,0.716556587205196,0.7165565872051962
alg,ml-100k/u.data,3,275,63602,0.9301128049884214,0.9710213825824617,188,1880,1880,1.0,0.9446616581539691,0.7732014267239181,0.7732014267239183
alg,ml-100k/u.data,1,264,63627,0.9366193476122202,0.9724963927276584,189,1890,1890,1.0,0.9443814781178722,0.7801194631980345,0.7801194631980346
alg,ml-100k/u.data,0,261,66634,0.9172897377489546,0.9532110319205818,189,1890,1890,1.0,0.9484398892843376,0.7473132315501354,0.7473132315501356
alg,ml-100k/u.data,2,266,66729,0.9820712377766811,1.027672556949985,189,1890,1890,1.0,0.9442270988628527,0.8022362706484573,0.8022362706484577
