Algorithm,DataSet,Partition,BuildTime,TestTime,RMSE.ByUser,RMSE.ByRating,NUsers,NAttempted,NGood,Coverage,nDCG,MAE.ByUser,MAE.ByRating
alg,ml-100k/u.data,1,264,50526,0.9366193476122202,0.9724963927276584,189,1890,1890,1.0,0.9443814781178722,0.7801194631980345,0.7801194631980346
alg,ml-100k/u.data,4,267,50840,0.8687715835334255,0.9068903606652052,188,1880,1880,1.0,0.9494244442919031,0.716556587205196,0.7165565872051962
alg,ml-100k/u.data,3,251,50887,0.9301128049884214,0.9710213825824617,188,1880,1880,1.0,0.9446616581539691,0.7732014267239181,0.7732014267239183
alg,ml-100k/u.data,0,248,53621,0.9162717164234006,0.9515995226417303,189,1890,1890,1.0,0.9495241661294986,0.7439258891857228,0.7439258891857231
alg,ml-100k/u.data,2,253,53710,0.9795033006301551,1.0253576558235518,189,1890,1890,1.0,0.9451227184432706,0.7994106442534277,0.7994106442534279
