Algorithm,DataSet,Partition,BuildTime,TestTime,RMSE.ByUser,RMSE.ByRating,NUsers,NAttempted,NGood,Coverage,nDCG,MAE.ByUser,MAE.ByRating
alg,ml-100k/u.data,1,269,48019,0.9366193476122202,0.9724963927276584,189,1890,1890,1.0,0.9443814781178722,0.7801194631980345,0.7801194631980346
alg,ml-100k/u.data,4,250,48104,0.8687715835334255,0.9068903606652052,188,1880,1880,1.0,0.9494244442919031,0.716556587205196,0.7165565872051962
alg,ml-100k/u.data,3,280,48092,0.9301128049884214,0.9710213825824617,188,1880,1880,1.0,0.9446616581539691,0.7732014267239181,0.7732014267239183
alg,ml-100k/u.data,0,248,51028,0.926820670764167,0.9635544321511625,189,1890,1890,1.0,0.9487347123281135,0.7520520132271089,0.7520520132271089
alg,ml-100k/u.data,2,262,51315,0.9988038482763671,1.042893828270881,189,1890,1890,1.0,0.9410595875673831,0.8144819570183561,0.8144819570183568
