alpha,RMSE.ByUser,RMSE.ByRating,MAE.ByUser,MAE.ByRating
3.0,0.900908596479,0.940195442115,0.735169630195,0.735169630195
4.0,0.900864833801,0.940071541171,0.735279709367,0.735279709367
5.0,0.901278976088,0.940524933369,0.735500079912,0.735500079912
6.0,0.902202786475,0.941262231088,0.736167621202,0.736167621202
7.0,0.903680930126,0.942784336421,0.737436341839,0.737436341839
8.0,0.905029048346,0.944103444203,0.738620839592,0.738620839592
9.0,0.906880397598,0.945845010218,0.740096072871,0.740096072871
10.0,0.908422919158,0.947309935361,0.7415251904,0.7415251904
