alpha,RMSE.ByUser,RMSE.ByRating,MAE.ByUser,MAE.ByRating
3.0,0.906683379709,0.946275870484,0.739506706849,0.739506706849
4.0,0.910033376431,0.94951691252,0.742505052482,0.742505052482
5.0,0.913145107627,0.952718300428,0.745670279445,0.745670279445
6.0,0.915653876359,0.955112330458,0.748176264869,0.748176264869
7.0,0.9184790424,0.958009522584,0.750685650714,0.750685650714
8.0,0.920155713225,0.959593306666,0.752291771675,0.752291771675
9.0,0.921721180056,0.961200478524,0.753662046503,0.753662046503
10.0,0.923107553818,0.962527217841,0.755056607488,0.755056607488
