alpha,RMSE.ByUser,RMSE.ByRating,MAE.ByUser,MAE.ByRating
3.0,0.901429464362,0.940728832217,0.735587126097,0.735587126097
4.0,0.901134013291,0.940349088648,0.735426520356,0.735426520356
5.0,0.901172934107,0.940392650688,0.735656109287,0.735656109287
6.0,0.901842331379,0.940946915298,0.73580432307,0.73580432307
7.0,0.902890593984,0.941963697944,0.73652547435,0.73652547435
8.0,0.903770512672,0.942817073251,0.737364886909,0.737364886909
9.0,0.905346468755,0.944397230902,0.738752590022,0.738752590022
10.0,0.906772459209,0.945669843688,0.739999440537,0.739999440537
