alpha,RMSE.ByUser,RMSE.ByRating,MAE.ByUser,MAE.ByRating
3.0,0.90022541954,0.939416890607,0.734377226955,0.734377226955
4.0,0.900537484902,0.9397388742,0.734680295504,0.734680295504
5.0,0.901732038025,0.940818379189,0.735824287551,0.735824287551
6.0,0.903517555452,0.942492496967,0.737339892133,0.737339892133
7.0,0.905574248811,0.944546864268,0.739117019839,0.739117019839
8.0,0.907738147194,0.946651418665,0.741064087576,0.741064087576
9.0,0.909895950367,0.948748589237,0.742861502976,0.742861502976
10.0,0.912013571934,0.950923692688,0.74480335775,0.74480335775
