alpha,RMSE.ByUser,RMSE.ByRating,MAE.ByUser,MAE.ByRating
3.0,0.902115523086,0.941469596042,0.736154528431,0.736154528431
4.0,0.901735739274,0.941039984301,0.735902712414,0.735902712414
5.0,0.901525604197,0.940792453981,0.735864922903,0.735864922903
6.0,0.901355972389,0.940611204083,0.735724177135,0.735724177135
7.0,0.901994841711,0.941158479413,0.735957741584,0.735957741584
8.0,0.902897346065,0.942048175956,0.736481011346,0.736481011346
9.0,0.903652763284,0.942831330761,0.737267696523,0.737267696523
10.0,0.904570935334,0.943674602249,0.738019304888,0.738019304888
