alpha,RMSE.ByUser,RMSE.ByRating,MAE.ByUser,MAE.ByRating
3.0,0.901930441283,0.94124333457,0.736011885694,0.736011885694
4.0,0.901541295607,0.94081458113,0.735660603687,0.735660603687
5.0,0.901154025603,0.940428800225,0.735493915904,0.735493915904
6.0,0.90148575639,0.940714558647,0.735547862779,0.735547862779
7.0,0.902557496141,0.941691686289,0.736264408981,0.736264408981
8.0,0.903379763975,0.942536088284,0.737014941218,0.737014941218
9.0,0.904395491715,0.943524565706,0.737758617456,0.737758617456
10.0,0.90566075767,0.944693288734,0.738861915947,0.738861915947
