alpha,RMSE.ByUser,RMSE.ByRating,MAE.ByUser,MAE.ByRating
3.0,0.902411785378,0.941735362378,0.736376413745,0.736376413745
4.0,0.901836999737,0.941126078391,0.736062076856,0.736062076856
5.0,0.901595865482,0.940791037199,0.735858009525,0.735858009525
6.0,0.901202288463,0.94046749612,0.735507549693,0.735507549693
7.0,0.901522440363,0.940758934393,0.735644592982,0.735644592982
8.0,0.902255068962,0.941380839496,0.736063177827,0.736063177827
9.0,0.903046281448,0.942195696879,0.736673992047,0.736673992047
10.0,0.903738700485,0.942886609904,0.737320454661,0.737320454661
