alpha,RMSE.ByUser,RMSE.ByRating,MAE.ByUser,MAE.ByRating
3.0,0.902310826334,0.941637973061,0.736336577613,0.736336577613
4.0,0.901655161087,0.940955722905,0.735916553453,0.735916553453
5.0,0.901383882836,0.94061720687,0.735628846925,0.735628846925
6.0,0.901365616081,0.940601518775,0.735706006726,0.735706006726
7.0,0.901624681936,0.940837545167,0.735752492393,0.735752492393
8.0,0.902531576162,0.941627228074,0.736255562603,0.736255562603
9.0,0.903216677123,0.942337452884,0.736823833882,0.736823833882
10.0,0.904115075474,0.943284795119,0.73751510206,0.73751510206
