Algorithm,DataSet,Partition,BuildTime,TestTime,RMSE.ByUser,RMSE.ByRating,NUsers,NAttempted,NGood,Coverage,nDCG,MAE.ByUser,MAE.ByRating
alg,ml-100k/u.data,1,49569,142,0.9014309142373342,0.9368892190065617,189,1890,1890,1.0,0.9482409042985632,0.740413035640244,0.7404130356402437
alg,ml-100k/u.data,4,49748,113,0.8506790567065429,0.8901383518428564,188,1880,1880,1.0,0.9554123846531949,0.6893769318758739,0.6893769318758741
alg,ml-100k/u.data,0,49816,112,0.8992537715610134,0.9358130754182354,189,1890,1890,1.0,0.95379939788546,0.7302731152259229,0.7302731152259229
alg,ml-100k/u.data,3,49904,114,0.8988205566843991,0.9396046542487919,188,1880,1880,1.0,0.9521803630507666,0.7360557975734964,0.7360557975734967
alg,ml-100k/u.data,2,49978,105,0.9703910781795461,1.0139786750788269,189,1890,1890,1.0,0.9449415213634302,0.7914566299848099,0.7914566299848105
