Algorithm,DataSet,Partition,BuildTime,TestTime,RMSE.ByUser,RMSE.ByRating,NUsers,NAttempted,NGood,Coverage,nDCG,MAE.ByUser,MAE.ByRating
alg,ml-100k/u.data,3,54681,153,0.9005717465783986,0.9413890702700659,188,1880,1880,1.0,0.9517375613795911,0.7372764411667311,0.7372764411667313
alg,ml-100k/u.data,2,54891,137,0.9724004350802937,1.0157068577494417,189,1890,1890,1.0,0.9445426301961144,0.7932806291996654,0.7932806291996652
alg,ml-100k/u.data,1,54918,139,0.9027735895601525,0.9381951054821813,189,1890,1890,1.0,0.9494821184975968,0.7417185666899219,0.7417185666899221
alg,ml-100k/u.data,4,55039,115,0.8513335498261766,0.8907140349378919,188,1880,1880,1.0,0.9554750349994927,0.6902255684103379,0.6902255684103377
alg,ml-100k/u.data,0,55116,117,0.901224467303904,0.9374613752324964,189,1890,1890,1.0,0.9556672892836291,0.7318083742687195,0.7318083742687191
