Algorithm,DataSet,Partition,BuildTime,TestTime,RMSE.ByUser,RMSE.ByRating,NUsers,NAttempted,NGood,Coverage,nDCG,MAE.ByUser,MAE.ByRating
alg,ml-100k/u.data,3,49643,163,0.9028833800017657,0.9450986992471491,188,1880,1880,1.0,0.9504010478114423,0.7407869276160266,0.7407869276160269
alg,ml-100k/u.data,0,49840,140,0.9018814561549877,0.9393460231409622,189,1890,1890,1.0,0.9538774254516287,0.7314594182746565,0.7314594182746569
alg,ml-100k/u.data,4,49976,113,0.851532005459333,0.8897589032899195,188,1880,1880,1.0,0.9552727903319422,0.6875110243396362,0.6875110243396357
alg,ml-100k/u.data,1,50110,110,0.903350713716709,0.9395022976751091,189,1890,1890,1.0,0.9498154141016464,0.7433625296826862,0.7433625296826863
alg,ml-100k/u.data,2,50162,109,0.9737693432128455,1.0176734290691904,189,1890,1890,1.0,0.9445699987881913,0.7944136343317469,0.7944136343317475
