Algorithm,DataSet,Partition,BuildTime,TestTime,RMSE.ByUser,RMSE.ByRating,NUsers,NAttempted,NGood,Coverage,nDCG,MAE.ByUser,MAE.ByRating
alg,ml-100k/u.data,1,50044,142,0.9010129158547492,0.9365239772143592,189,1890,1890,1.0,0.9487102733175887,0.7404574189956282,0.7404574189956278
alg,ml-100k/u.data,0,50071,144,0.8979875980576049,0.9345383581103727,189,1890,1890,1.0,0.9544874674835043,0.7292733059307253,0.7292733059307249
alg,ml-100k/u.data,3,50173,121,0.897496074455076,0.9381258245284293,188,1880,1880,1.0,0.9521822392220433,0.7350946045168031,0.7350946045168035
alg,ml-100k/u.data,4,50374,105,0.8508763017091274,0.8900844684759105,188,1880,1880,1.0,0.9554364864456157,0.6896688552637946,0.6896688552637943
alg,ml-100k/u.data,2,50420,105,0.9695259297991023,1.013407813091634,189,1890,1890,1.0,0.9449935349685945,0.790580521385455,0.7905805213854545
