Algorithm,DataSet,Partition,BuildTime,TestTime,RMSE.ByUser,RMSE.ByRating,NUsers,NAttempted,NGood,Coverage,nDCG,MAE.ByUser,MAE.ByRating
alg,ml-100k/u.data,4,49871,876,0.8482762251895744,0.8874385008813082,188,1880,1880,1.0,0.956224547754084,0.6875301571910999,0.6875301571911003
alg,ml-100k/u.data,2,50697,114,0.9685326382020364,1.0130338632473457,189,1890,1890,1.0,0.9463315620288313,0.7904213521029373,0.7904213521029383
alg,ml-100k/u.data,0,51037,105,0.8954404555650546,0.9320554552023033,189,1890,1890,1.0,0.954194250981652,0.7272960594869838,0.7272960594869835
alg,ml-100k/u.data,1,51042,104,0.8998914716204147,0.9354622511463749,189,1890,1890,1.0,0.9499751027707598,0.7391667709329846,0.7391667709329841
alg,ml-100k/u.data,3,51170,99,0.8946390713695841,0.9350659499399482,188,1880,1880,1.0,0.9534346615112504,0.734206545962938,0.7342065459629381
