Algorithm,DataSet,Partition,BuildTime,TestTime,RMSE.ByUser,RMSE.ByRating,NUsers,NAttempted,NGood,Coverage,nDCG,MAE.ByUser,MAE.ByRating
alg,ml-100k/u.data,4,49936,158,0.8502240994529223,0.8893583315529322,188,1880,1880,1.0,0.9558433094265887,0.6884943178655101,0.6884943178655105
alg,ml-100k/u.data,2,49947,160,0.9697529497500214,1.013727956472287,189,1890,1890,1.0,0.9461451993694353,0.7908427694712672,0.7908427694712679
alg,ml-100k/u.data,0,50018,145,0.8967675245795412,0.9332090613875167,189,1890,1890,1.0,0.9544420412841023,0.7282152720112566,0.7282152720112567
alg,ml-100k/u.data,3,50048,133,0.8967334715725541,0.937309534000179,188,1880,1880,1.0,0.9533421744693572,0.7342666750930305,0.7342666750930307
alg,ml-100k/u.data,1,50322,112,0.9010086849714444,0.9366359963668786,189,1890,1890,1.0,0.9488721595905086,0.7405860222909052,0.740586022290905
