Algorithm,DataSet,Partition,BuildTime,TestTime,RMSE.ByUser,RMSE.ByRating,NUsers,NAttempted,NGood,Coverage,nDCG,MAE.ByUser,MAE.ByRating
alg,ml-100k/u.data,4,47171,140,0.8519267296148652,0.8905031275866618,188,1880,1880,1.0,0.9537455553941406,0.6885315108787446,0.6885315108787448
alg,ml-100k/u.data,1,47343,128,0.9074059903276447,0.9438387236460226,189,1890,1890,1.0,0.9503545761149662,0.74774035282013,0.7477403528201297
alg,ml-100k/u.data,2,47390,123,0.9769491820904483,1.0203653825022825,189,1890,1890,1.0,0.9431523165405576,0.7966563092673729,0.7966563092673732
alg,ml-100k/u.data,3,47399,124,0.906777369232467,0.9490536279660039,188,1880,1880,1.0,0.95023199206298,0.7440580852656716,0.7440580852656715
alg,ml-100k/u.data,0,47639,108,0.9071076108918216,0.9438237008979822,189,1890,1890,1.0,0.9534637990640822,0.7355390041782072,0.7355390041782073
