Algorithm,DataSet,Partition,BuildTime,TestTime,RMSE.ByUser,RMSE.ByRating,NUsers,NAttempted,NGood,Coverage,nDCG,MAE.ByUser,MAE.ByRating
alg,ml-100k/u.data,2,50920,137,0.968999922513188,1.013276493614097,189,1890,1890,1.0,0.9459218731849423,0.7907851226155282,0.7907851226155284
alg,ml-100k/u.data,4,50986,133,0.8484560069336097,0.8876246615289324,188,1880,1880,1.0,0.955225643490042,0.6870842222141191,0.6870842222141194
alg,ml-100k/u.data,1,50982,140,0.8998426961241786,0.9354659929775799,189,1890,1890,1.0,0.9496388798874994,0.7391145010197435,0.7391145010197431
alg,ml-100k/u.data,3,51049,121,0.8948934886149235,0.9354845115105711,188,1880,1880,1.0,0.9532311313390124,0.7340873025607826,0.7340873025607826
alg,ml-100k/u.data,0,51116,124,0.895420087626873,0.9319430123346858,189,1890,1890,1.0,0.9537288682559191,0.7271518164995959,0.7271518164995957
