Algorithm,DataSet,Partition,BuildTime,TestTime,RMSE.ByUser,RMSE.ByRating,NUsers,NAttempted,NGood,Coverage,nDCG,MAE.ByUser,MAE.ByRating
alg,ml-100k/u.data,1,49987,171,0.9004197165895343,0.9358939716444228,189,1890,1890,1.0,0.9496461961782504,0.7398408162697038,0.7398408162697041
alg,ml-100k/u.data,4,50100,171,0.8506157982032065,0.8896115006149193,188,1880,1880,1.0,0.9557971617534784,0.6890153889818548,0.6890153889818545
alg,ml-100k/u.data,2,50165,149,0.9697603703397873,1.0135740488582856,189,1890,1890,1.0,0.944417941299498,0.7909978277205052,0.7909978277205054
alg,ml-100k/u.data,0,50231,126,0.8970548920120299,0.933425328321612,189,1890,1890,1.0,0.9544824138532274,0.7285065286112195,0.72850652861122
alg,ml-100k/u.data,3,50276,115,0.8966021927750145,0.9373136402788455,188,1880,1880,1.0,0.9524773198823859,0.7342668101653395,0.7342668101653396
