Algorithm,DataSet,Partition,BuildTime,TestTime,RMSE.ByUser,RMSE.ByRating,NUsers,NAttempted,NGood,Coverage,nDCG,MAE.ByUser,MAE.ByRating
alg,ml-100k/u.data,4,46178,127,0.847886350909518,0.8868891157285265,188,1880,1880,1.0,0.9565880185732659,0.6869372282576206,0.686937228257621
alg,ml-100k/u.data,3,46298,119,0.8944983518562699,0.9350643229806019,188,1880,1880,1.0,0.9536253528445165,0.7340735458907217,0.7340735458907222
alg,ml-100k/u.data,0,46581,119,0.8954382115820706,0.9320879603501112,189,1890,1890,1.0,0.9541462846398443,0.7276197301124071,0.7276197301124071
alg,ml-100k/u.data,1,46623,119,0.8993357544165286,0.9348136513455005,189,1890,1890,1.0,0.9503329560695395,0.7389621772043407,0.7389621772043398
alg,ml-100k/u.data,2,46733,114,0.9687060017705096,1.0131082030361744,189,1890,1890,1.0,0.9460225921676113,0.7906878649700966,0.7906878649700974
