Algorithm,DataSet,Partition,BuildTime,TestTime,RMSE.ByUser,RMSE.ByRating,NUsers,NAttempted,NGood,Coverage,nDCG,MAE.ByUser,MAE.ByRating
alg,ml-100k/u.data,4,50357,140,0.8525782866824759,0.8918441563425423,188,1880,1880,1.0,0.9552085555013375,0.6922744340760184,0.6922744340760183
alg,ml-100k/u.data,1,50382,139,0.9048641988553561,0.9404253264561694,189,1890,1890,1.0,0.9493164491406179,0.7443097023515464,0.744309702351546
alg,ml-100k/u.data,0,50608,123,0.9035142455479238,0.9395282240519588,189,1890,1890,1.0,0.9559431124919988,0.7345055411329479,0.7345055411329482
alg,ml-100k/u.data,2,50689,112,0.9746088293252296,1.0172830244321998,189,1890,1890,1.0,0.9431032942002475,0.7953193444663094,0.7953193444663085
alg,ml-100k/u.data,3,50694,111,0.903125175557028,0.9441763620415682,188,1880,1880,1.0,0.9521667852337501,0.7389114158555105,0.7389114158555111
