Algorithm,DataSet,Partition,BuildTime,TestTime,RMSE.ByUser,RMSE.ByRating,NUsers,NAttempted,NGood,Coverage,nDCG,MAE.ByUser,MAE.ByRating
alg,ml-100k/u.data,1,46173,133,0.9002352898170788,0.9357612647911786,189,1890,1890,1.0,0.9497939392292427,0.7388062492786085,0.7388062492786088
alg,ml-100k/u.data,4,46221,126,0.8480389601170043,0.8870354418478156,188,1880,1880,1.0,0.9562245109911582,0.687236193426346,0.6872361934263457
alg,ml-100k/u.data,3,46363,114,0.8948319663100486,0.9354058703198046,188,1880,1880,1.0,0.9536403436912455,0.7347736413223289,0.7347736413223294
alg,ml-100k/u.data,0,46583,105,0.8947772166702618,0.9313185527024557,189,1890,1890,1.0,0.9540574704229259,0.7269746947481761,0.7269746947481759
alg,ml-100k/u.data,2,46616,113,0.968128009398613,1.0128163509377623,189,1890,1890,1.0,0.9458641106501697,0.7897469696907878,0.7897469696907874
