Algorithm,DataSet,Partition,BuildTime,TestTime,RMSE.ByUser,RMSE.ByRating,NUsers,NAttempted,NGood,Coverage,nDCG,MAE.ByUser,MAE.ByRating
alg,ml-100k/u.data,0,49354,160,0.8962767310108973,0.9328922852705104,189,1890,1890,1.0,0.9540527994681199,0.727762964121534,0.7277629641215342
alg,ml-100k/u.data,1,49451,149,0.8999470754197281,0.9355847976900441,189,1890,1890,1.0,0.9500241649832476,0.7395698471989918,0.7395698471989918
alg,ml-100k/u.data,4,49555,129,0.8487138024855052,0.8876424614933249,188,1880,1880,1.0,0.9559200027827642,0.6871326010212312,0.6871326010212311
alg,ml-100k/u.data,3,49632,123,0.8961720623693794,0.9366697726786215,188,1880,1880,1.0,0.9528652022652578,0.73459172794597,0.7345917279459703
alg,ml-100k/u.data,2,49673,133,0.9688645372675492,1.0130030799325076,189,1890,1890,1.0,0.9460256333730033,0.7907315676298582,0.790731567629858
