Algorithm,DataSet,Partition,BuildTime,TestTime,RMSE.ByUser,RMSE.ByRating,NUsers,NAttempted,NGood,Coverage,nDCG,MAE.ByUser,MAE.ByRating
alg,ml-100k/u.data,2,51664,163,0.9771916365244979,1.0195129515826402,189,1890,1890,1.0,0.943912999003893,0.7973600040425738,0.7973600040425737
alg,ml-100k/u.data,1,51810,137,0.9067069454381381,0.9423660123067806,189,1890,1890,1.0,0.9489547442871221,0.745982766330773,0.7459827663307731
alg,ml-100k/u.data,4,51838,131,0.8531961387589921,0.8926476603854188,188,1880,1880,1.0,0.955792033295161,0.692805234231135,0.6928052342311344
alg,ml-100k/u.data,3,51896,120,0.9055190989449116,0.9464719341808241,188,1880,1880,1.0,0.9512203683479111,0.7407565518096215,0.7407565518096212
alg,ml-100k/u.data,0,51911,119,0.9068659321662229,0.9427443877291644,189,1890,1890,1.0,0.9554264899710765,0.7374029584676853,0.7374029584676858
