Algorithm,DataSet,Partition,BuildTime,TestTime,RMSE.ByUser,RMSE.ByRating,NUsers,NAttempted,NGood,Coverage,nDCG,MAE.ByUser,MAE.ByRating
alg,ml-100k/u.data,4,49977,143,0.8486675079221393,0.8876092120725986,188,1880,1880,1.0,0.9554934086536531,0.6871950278007734,0.6871950278007732
alg,ml-100k/u.data,3,50052,138,0.8954682512333655,0.9360588492576716,188,1880,1880,1.0,0.9531209719439458,0.7343817109286428,0.7343817109286419
alg,ml-100k/u.data,1,50239,110,0.8999543466474632,0.9356104686097951,189,1890,1890,1.0,0.9498077119778985,0.7394888441029799,0.7394888441029802
alg,ml-100k/u.data,2,50335,105,0.9686498760590728,1.0129292092803943,189,1890,1890,1.0,0.9458542332122145,0.7905707918344933,0.7905707918344937
alg,ml-100k/u.data,0,50378,114,0.8953834278203187,0.931979986615098,189,1890,1890,1.0,0.9536565636876649,0.7271260872995624,0.7271260872995617
