Algorithm,DataSet,Partition,BuildTime,TestTime,RMSE.ByUser,RMSE.ByRating,NUsers,NAttempted,NGood,Coverage,nDCG,MAE.ByUser,MAE.ByRating
alg,ml-100k/u.data,1,53054,172,0.9085357307719809,0.9445394717378173,189,1890,1890,1.0,0.9492303919939378,0.7477016338789402,0.74770163387894
alg,ml-100k/u.data,4,53206,146,0.8549682560212031,0.8947481239379598,188,1880,1880,1.0,0.9548937791403197,0.6950339613617654,0.6950339613617655
alg,ml-100k/u.data,0,53320,121,0.9098429408886247,0.9455377476574932,189,1890,1890,1.0,0.9549932686707031,0.7398670285005244,0.7398670285005252
alg,ml-100k/u.data,3,53387,116,0.9074163683763024,0.948518095166278,188,1880,1880,1.0,0.9496419320812435,0.742129287878917,0.7421292878789169
alg,ml-100k/u.data,2,53500,120,0.9793045636142194,1.0212750249386857,189,1890,1890,1.0,0.9436537327153317,0.7992848771318787,0.7992848771318792
