Algorithm,DataSet,Partition,BuildTime,TestTime,RMSE.ByUser,RMSE.ByRating,NUsers,NAttempted,NGood,Coverage,nDCG,MAE.ByUser,MAE.ByRating
alg,ml-100k/u.data,1,46484,145,0.9102045325949513,0.9469181892254317,189,1890,1890,1.0,0.9494683953237965,0.7511489147964366,0.7511489147964372
alg,ml-100k/u.data,0,46654,126,0.9114153348309869,0.948083058579247,189,1890,1890,1.0,0.953186839417662,0.7398234462389951,0.7398234462389944
alg,ml-100k/u.data,3,46696,125,0.9089436946821307,0.9514153869644983,188,1880,1880,1.0,0.949551507170282,0.7454683582871682,0.7454683582871681
alg,ml-100k/u.data,4,46867,105,0.8544207393902337,0.8931603242504124,188,1880,1880,1.0,0.9537207670549389,0.6918308407004378,0.691830840700438
alg,ml-100k/u.data,2,46926,109,0.980741236637225,1.0240145431188288,189,1890,1890,1.0,0.9425221198574237,0.8000798372003255,0.8000798372003248
