Algorithm,DataSet,Partition,BuildTime,TestTime,RMSE.ByUser,RMSE.ByRating,NUsers,NAttempted,NGood,Coverage,nDCG,MAE.ByUser,MAE.ByRating
alg,ml-100k/u.data,3,46458,137,0.8950067567967832,0.9355783740209264,188,1880,1880,1.0,0.9533453469662364,0.7338416801142454,0.7338416801142454
alg,ml-100k/u.data,4,46613,113,0.8481004764678479,0.8871064859389083,188,1880,1880,1.0,0.9562059338473019,0.6866692033687355,0.686669203368736
alg,ml-100k/u.data,1,46611,115,0.8996006541688799,0.9352511939057138,189,1890,1890,1.0,0.9505045632107,0.7390207980730417,0.7390207980730416
alg,ml-100k/u.data,2,46618,120,0.9691537448092176,1.0134867841145345,189,1890,1890,1.0,0.9458943827800943,0.791065276355425,0.7910652763554253
alg,ml-100k/u.data,0,46891,114,0.8955671497058603,0.9321499552573351,189,1890,1890,1.0,0.9536383059056421,0.7271423559837932,0.7271423559837936
