Algorithm,DataSet,Partition,BuildTime,TestTime,RMSE.ByUser,RMSE.ByRating,NUsers,NAttempted,NGood,Coverage,nDCG,MAE.ByUser,MAE.ByRating
alg,ml-100k/u.data,1,47422,151,0.8999399996846555,0.9353945205510715,189,1890,1890,1.0,0.9501366360487359,0.7396642156353934,0.7396642156353931
alg,ml-100k/u.data,3,47713,123,0.899141980707021,0.9402013196403637,188,1880,1880,1.0,0.9508472120271033,0.7363435482878239,0.736343548287824
alg,ml-100k/u.data,4,47741,119,0.8504543919013908,0.8894387246330114,188,1880,1880,1.0,0.9547068025731077,0.6890188917983282,0.689018891798328
alg,ml-100k/u.data,2,47866,123,0.9704277000863588,1.0140072764780297,189,1890,1890,1.0,0.9442015144862348,0.7920393467219053,0.7920393467219051
alg,ml-100k/u.data,0,47978,110,0.8984405782518496,0.9348798408017371,189,1890,1890,1.0,0.9546546191209947,0.7301157067534958,0.7301157067534955
