Algorithm,DataSet,Partition,BuildTime,TestTime,RMSE.ByUser,RMSE.ByRating,NUsers,NAttempted,NGood,Coverage,nDCG,MAE.ByUser,MAE.ByRating
alg,ml-100k/u.data,2,48689,141,0.9685238099134894,1.0122226451045815,189,1890,1890,1.0,0.944153142386153,0.79003790257033,0.7900379025703295
alg,ml-100k/u.data,0,48886,130,0.8964974557765119,0.9327979048968775,189,1890,1890,1.0,0.9535840504113547,0.7287636402955834,0.7287636402955835
alg,ml-100k/u.data,1,48920,123,0.8985500675532795,0.9342821641645466,189,1890,1890,1.0,0.9502351639665841,0.7392718812495956,0.739271881249596
alg,ml-100k/u.data,3,49239,105,0.8966155918340991,0.9375545652335684,188,1880,1880,1.0,0.9519859247626331,0.7335613265128436,0.7335613265128431
alg,ml-100k/u.data,4,49413,98,0.8484732650479354,0.8872346165459196,188,1880,1880,1.0,0.9558154285108332,0.6874866871243622,0.6874866871243618
