Algorithm,DataSet,Partition,BuildTime,TestTime,RMSE.ByUser,RMSE.ByRating,NUsers,NAttempted,NGood,Coverage,nDCG,MAE.ByUser,MAE.ByRating
alg,ml-100k/u.data,0,48096,134,0.8952840451861286,0.9320475122714992,189,1890,1890,1.0,0.9541150276082355,0.7275870432806197,0.7275870432806196
alg,ml-100k/u.data,3,48220,138,0.894608325836675,0.9350288917860635,188,1880,1880,1.0,0.9536346867998575,0.7349588837698063,0.734958883769806
alg,ml-100k/u.data,2,48286,129,0.9705551761502674,1.0154846476832442,189,1890,1890,1.0,0.9458451713822515,0.7910360454708331,0.7910360454708336
alg,ml-100k/u.data,4,48353,106,0.8479640536280103,0.8869747576628453,188,1880,1880,1.0,0.9563664687572287,0.6880374324861316,0.688037432486131
alg,ml-100k/u.data,1,48385,108,0.8998642046327798,0.9352428051235789,189,1890,1890,1.0,0.9504165623991383,0.7379633622573075,0.7379633622573074
