Algorithm,DataSet,Partition,BuildTime,TestTime,RMSE.ByUser,RMSE.ByRating,NUsers,NAttempted,NGood,Coverage,nDCG,MAE.ByUser,MAE.ByRating
alg,ml-100k/u.data,4,46266,136,0.84984359586138,0.8885504871694112,188,1880,1880,1.0,0.9559205410100552,0.6885515811507734,0.6885515811507736
alg,ml-100k/u.data,0,46285,135,0.8984070042933361,0.9345412835694841,189,1890,1890,1.0,0.9544482030277524,0.730224901718121,0.7302249017181209
alg,ml-100k/u.data,3,46370,111,0.8981365758962752,0.9393946195387997,188,1880,1880,1.0,0.9525878683622391,0.7353835981281023,0.7353835981281023
alg,ml-100k/u.data,1,46494,103,0.9007789686775569,0.9361854537988634,189,1890,1890,1.0,0.9507903763627567,0.7407949097792951,0.7407949097792951
alg,ml-100k/u.data,2,46584,102,0.9704216325323332,1.0137906407561503,189,1890,1890,1.0,0.943478939237813,0.7917444698877166,0.7917444698877166
