Algorithm,DataSet,Partition,BuildTime,TestTime,RMSE.ByUser,RMSE.ByRating,NUsers,NAttempted,NGood,Coverage,nDCG,MAE.ByUser,MAE.ByRating
alg,ml-100k/u.data,0,52885,152,0.895682384228027,0.9322425122918766,189,1890,1890,1.0,0.9539842651539783,0.7275932683778756,0.7275932683778754
alg,ml-100k/u.data,1,52922,138,0.8998172370389548,0.9352287916621793,189,1890,1890,1.0,0.9504079296835876,0.7379375201912576,0.7379375201912579
alg,ml-100k/u.data,3,53006,132,0.8943525231066645,0.9348327730355203,188,1880,1880,1.0,0.9535492874451503,0.7344906901277051,0.7344906901277046
alg,ml-100k/u.data,4,53164,106,0.8482443738502221,0.8872894053029162,188,1880,1880,1.0,0.9567289322463586,0.68777142361961,0.6877714236196102
alg,ml-100k/u.data,2,53365,106,0.9696099598134296,1.014479423359255,189,1890,1890,1.0,0.9460578269236796,0.7905101161197153,0.7905101161197148
