Algorithm,DataSet,Partition,BuildTime,TestTime,RMSE.ByUser,RMSE.ByRating,NUsers,NAttempted,NGood,Coverage,nDCG,MAE.ByUser,MAE.ByRating
alg,ml-100k/u.data,1,50475,148,0.9005780587486714,0.9359643013108331,189,1890,1890,1.0,0.9511523898818577,0.7385418714108684,0.738541871410868
alg,ml-100k/u.data,0,50646,129,0.8963895029106512,0.933206175422736,189,1890,1890,1.0,0.9538824944486608,0.7281632231749186,0.7281632231749193
alg,ml-100k/u.data,4,50676,125,0.8475216060799181,0.886574775989185,188,1880,1880,1.0,0.9566193992282558,0.6876790039799336,0.6876790039799342
alg,ml-100k/u.data,3,50703,124,0.894231439528189,0.9345895833616769,188,1880,1880,1.0,0.9533931998180566,0.7346592168191918,0.7346592168191923
alg,ml-100k/u.data,2,50736,118,0.971857008163078,1.0170131441266603,189,1890,1890,1.0,0.9458931687845444,0.7917293267717103,0.7917293267717104
