Algorithm,DataSet,Partition,BuildTime,TestTime,RMSE.ByUser,RMSE.ByRating,NUsers,NAttempted,NGood,Coverage,nDCG,MAE.ByUser,MAE.ByRating
alg,ml-100k/u.data,3,47932,126,0.8945123200285287,0.9350142105777561,188,1880,1880,1.0,0.9533217153977173,0.7347857874010121,0.7347857874010126
alg,ml-100k/u.data,0,48080,127,0.8951488617822352,0.9316472867819436,189,1890,1890,1.0,0.9536400152677317,0.7273955698454077,0.7273955698454078
alg,ml-100k/u.data,1,48178,116,0.9001201665238443,0.935439664490667,189,1890,1890,1.0,0.9499253186229036,0.7382116876740266,0.7382116876740267
alg,ml-100k/u.data,2,48372,103,0.9699699431890989,1.0147226003477536,189,1890,1890,1.0,0.9460631733458783,0.7910676089691651,0.7910676089691645
alg,ml-100k/u.data,4,48432,103,0.8482280358853739,0.8871314237978326,188,1880,1880,1.0,0.9564206828879028,0.6878293937363719,0.6878293937363715
