Algorithm,DataSet,Partition,BuildTime,TestTime,RMSE.ByUser,RMSE.ByRating,NUsers,NAttempted,NGood,Coverage,nDCG,MAE.ByUser,MAE.ByRating
alg,ml-100k/u.data,4,50513,141,0.8478838209364671,0.8867180285691499,188,1880,1880,1.0,0.9563845817087835,0.6875253382306634,0.6875253382306632
alg,ml-100k/u.data,1,50575,138,0.8988290411680762,0.9341509083017842,189,1890,1890,1.0,0.9509118894965318,0.73746593921529,0.7374659392152894
alg,ml-100k/u.data,0,50724,121,0.8949318062467595,0.9316354648995103,189,1890,1890,1.0,0.9534206554163724,0.7269144492059605,0.7269144492059609
alg,ml-100k/u.data,2,50750,120,0.9693041152390968,1.0143331156891506,189,1890,1890,1.0,0.9461007257375752,0.7901820293312996,0.7901820293312996
alg,ml-100k/u.data,3,50807,119,0.8935941988048968,0.9341396931173683,188,1880,1880,1.0,0.9540819381183301,0.7337603949936145,0.7337603949936145
