Algorithm,DataSet,Partition,BuildTime,TestTime,RMSE.ByUser,RMSE.ByRating,NUsers,NAttempted,NGood,Coverage,nDCG,MAE.ByUser,MAE.ByRating
alg,ml-100k/u.data,2,48210,132,0.9711742748968432,1.0161135779853856,189,1890,1890,1.0,0.9461242712417873,0.7914696333126281,0.791469633312628
alg,ml-100k/u.data,1,48434,120,0.9000427931752244,0.9354602415660228,189,1890,1890,1.0,0.9503873636414165,0.7381518370748179,0.7381518370748177
alg,ml-100k/u.data,0,48583,118,0.8955464898677422,0.9322330514709823,189,1890,1890,1.0,0.9538238362408609,0.7278700283622339,0.7278700283622336
alg,ml-100k/u.data,3,48671,108,0.894412641251934,0.9348305268664024,188,1880,1880,1.0,0.9535436815866359,0.7348088358387875,0.7348088358387875
alg,ml-100k/u.data,4,48732,105,0.8480087994932118,0.8869929940660177,188,1880,1880,1.0,0.9564795026229661,0.6880100496902712,0.6880100496902714
