Algorithm,DataSet,Partition,BuildTime,TestTime,RMSE.ByUser,RMSE.ByRating,NUsers,NAttempted,NGood,Coverage,nDCG,MAE.ByUser,MAE.ByRating
alg,ml-100k/u.data,4,49155,148,0.8475910664224672,0.8865785297394226,188,1880,1880,1.0,0.9566922088366742,0.6875881757963033,0.6875881757963034
alg,ml-100k/u.data,2,49392,128,0.9725276390523949,1.0177550227937409,189,1890,1890,1.0,0.946069279827552,0.7922977895884277,0.792297789588428
alg,ml-100k/u.data,1,49663,114,0.9004760184362537,0.9359117875322398,189,1890,1890,1.0,0.9511790765823401,0.7385125377410605,0.7385125377410606
alg,ml-100k/u.data,0,49754,111,0.8968836631159924,0.933648556467804,189,1890,1890,1.0,0.9538747077551671,0.7283822384948828,0.7283822384948825
alg,ml-100k/u.data,3,49798,109,0.8945805398607074,0.9347829153551661,188,1880,1880,1.0,0.953202562801717,0.735101327104725,0.7351013271047244
