Algorithm,DataSet,Partition,BuildTime,TestTime,RMSE.ByUser,RMSE.ByRating,NUsers,NAttempted,NGood,Coverage,nDCG,MAE.ByUser,MAE.ByRating
alg,ml-100k/u.data,4,49375,140,0.847526023239054,0.8864447340365592,188,1880,1880,1.0,0.9565065979776727,0.6875904292495789,0.6875904292495797
alg,ml-100k/u.data,2,49426,1018,0.9703259157444913,1.0154420402142212,189,1890,1890,1.0,0.9460149248185872,0.7906381454061736,0.7906381454061746
alg,ml-100k/u.data,1,49419,1025,0.8997000967158375,0.9349695276150914,189,1890,1890,1.0,0.9507078798153691,0.7377366334984342,0.7377366334984342
alg,ml-100k/u.data,0,49451,1012,0.8953217458294523,0.9321713899427186,189,1890,1890,1.0,0.9540609835129502,0.7274869100196252,0.7274869100196254
alg,ml-100k/u.data,3,49472,1013,0.8942735402810414,0.9346164692773293,188,1880,1880,1.0,0.953965834195492,0.7344835123102701,0.7344835123102693
