Algorithm,DataSet,Partition,BuildTime,TestTime,RMSE.ByUser,RMSE.ByRating,NUsers,NAttempted,NGood,Coverage,nDCG,MAE.ByUser,MAE.ByRating
alg,ml-100k/u.data,4,50031,154,0.8519212100322017,0.8913260105657028,188,1880,1880,1.0,0.9550469452413252,0.6911697867849941,0.6911697867849935
alg,ml-100k/u.data,0,50254,129,0.9024642768818487,0.9385200975318012,189,1890,1890,1.0,0.9555447450935473,0.7333822040755498,0.7333822040755501
alg,ml-100k/u.data,2,50266,132,0.9738859330804355,1.016730873916781,189,1890,1890,1.0,0.9447269964989076,0.7948496865990662,0.7948496865990662
alg,ml-100k/u.data,3,50309,125,0.9012568747268336,0.9420411439361738,188,1880,1880,1.0,0.9518948810566644,0.737857767253768,0.7378577672537685
alg,ml-100k/u.data,1,50320,128,0.9043340013216817,0.9397310924899359,189,1890,1890,1.0,0.9483694290044528,0.7427377579714105,0.7427377579714103
