Algorithm,DataSet,Partition,BuildTime,TestTime,RMSE.ByUser,RMSE.ByRating,NUsers,NAttempted,NGood,Coverage,nDCG,MAE.ByUser,MAE.ByRating
alg,ml-100k/u.data,3,49826,156,0.8943406849296907,0.9348589110267004,188,1880,1880,1.0,0.9529237515168035,0.7344369166994882,0.7344369166994877
alg,ml-100k/u.data,0,49892,148,0.8949371520955095,0.9314504216810543,189,1890,1890,1.0,0.9534758329857177,0.7273532019488625,0.7273532019488615
alg,ml-100k/u.data,2,49972,131,0.969189661529908,1.0139821138334884,189,1890,1890,1.0,0.9457845772135811,0.7903918842046604,0.7903918842046611
alg,ml-100k/u.data,1,50083,112,0.9001893685369086,0.9356016945130181,189,1890,1890,1.0,0.9500517104054612,0.738316657729998,0.7383166577299981
alg,ml-100k/u.data,4,50300,108,0.8482625470870618,0.8871928932968525,188,1880,1880,1.0,0.9561336045410149,0.6876455740395515,0.6876455740395512
