Algorithm,DataSet,Partition,BuildTime,TestTime,RMSE.ByUser,RMSE.ByRating,NUsers,NAttempted,NGood,Coverage,nDCG,MAE.ByUser,MAE.ByRating
alg,ml-100k/u.data,2,51047,162,0.9716862766708563,1.0150536722691477,189,1890,1890,1.0,0.9443117484619821,0.7933590946656968,0.7933590946656967
alg,ml-100k/u.data,1,51059,157,0.9021631179229228,0.9376897904404072,189,1890,1890,1.0,0.949577258384253,0.7413031652294985,0.7413031652294987
alg,ml-100k/u.data,4,51112,133,0.8509822174957585,0.8902426627230287,188,1880,1880,1.0,0.9550924374776745,0.6899136991143634,0.6899136991143636
alg,ml-100k/u.data,0,51317,122,0.9003326799249587,0.9366144549078784,189,1890,1890,1.0,0.9548185089856879,0.7317343418996952,0.7317343418996954
alg,ml-100k/u.data,3,51334,119,0.8999809497130984,0.9409166406759315,188,1880,1880,1.0,0.9519959051389276,0.7367938970491701,0.7367938970491703
