Algorithm,DataSet,Partition,BuildTime,TestTime,RMSE.ByUser,RMSE.ByRating,NUsers,NAttempted,NGood,Coverage,nDCG,MAE.ByUser,MAE.ByRating
alg,ml-100k/u.data,1,46913,136,0.8984137004632182,0.933754341146403,189,1890,1890,1.0,0.9508075509537103,0.737818056493556,0.737818056493556
alg,ml-100k/u.data,2,47214,112,0.9688054852138283,1.0134046161418118,189,1890,1890,1.0,0.9458398134625261,0.7903980168757503,0.7903980168757496
alg,ml-100k/u.data,4,47227,108,0.8483062042825474,0.8872401795266666,188,1880,1880,1.0,0.9571857815235998,0.6875545239339121,0.6875545239339121
alg,ml-100k/u.data,3,47232,111,0.8943772467839735,0.9349742838628508,188,1880,1880,1.0,0.9547498289630519,0.734090806120055,0.7340908061200545
alg,ml-100k/u.data,0,47276,109,0.8944215322616658,0.9309842851752776,189,1890,1890,1.0,0.9540789595465945,0.7265371434094193,0.7265371434094199
