Algorithm,DataSet,Partition,BuildTime,TestTime,RMSE.ByUser,RMSE.ByRating,NUsers,NAttempted,NGood,Coverage,nDCG,MAE.ByUser,MAE.ByRating
alg,ml-100k/u.data,3,50640,148,0.9000013247443305,0.9408746228508877,188,1880,1880,1.0,0.9518871001407866,0.7365235435730508,0.736523543573051
alg,ml-100k/u.data,4,50730,139,0.8509735893455692,0.8902956823317326,188,1880,1880,1.0,0.9551419721670646,0.6901506786873112,0.6901506786873112
alg,ml-100k/u.data,0,50776,133,0.9009900359097902,0.9372516386068724,189,1890,1890,1.0,0.9557954266112224,0.7321342935309272,0.7321342935309271
alg,ml-100k/u.data,2,50874,111,0.9721213730114658,1.0154612904465274,189,1890,1890,1.0,0.9447068016212115,0.7931963650744416,0.7931963650744426
alg,ml-100k/u.data,1,50879,109,0.9026460207638805,0.938102920274874,189,1890,1890,1.0,0.9489397332796631,0.7417580692424469,0.7417580692424466
