Algorithm,DataSet,Partition,BuildTime,TestTime,RMSE.ByUser,RMSE.ByRating,NUsers,NAttempted,NGood,Coverage,nDCG,MAE.ByUser,MAE.ByRating
alg,ml-100k/u.data,2,46505,133,0.9685099289708717,1.0131400411990077,189,1890,1890,1.0,0.9460796643340184,0.7900709427457422,0.790070942745743
alg,ml-100k/u.data,3,46524,134,0.8948999002071462,0.9354487408669383,188,1880,1880,1.0,0.9536461553886076,0.7348679807224721,0.7348679807224727
alg,ml-100k/u.data,1,46633,110,0.8996437559889473,0.9352093736550409,189,1890,1890,1.0,0.9502509455711243,0.7385087486333102,0.7385087486333103
alg,ml-100k/u.data,0,46688,113,0.8947644772946819,0.9313099949258428,189,1890,1890,1.0,0.953937841768254,0.7268606778844653,0.7268606778844652
alg,ml-100k/u.data,4,46824,103,0.8479520655548322,0.8870358504772995,188,1880,1880,1.0,0.9569013333538612,0.6871612295326165,0.6871612295326167
