Algorithm,DataSet,Partition,BuildTime,TestTime,RMSE.ByUser,RMSE.ByRating,NUsers,NAttempted,NGood,Coverage,nDCG,MAE.ByUser,MAE.ByRating
alg,ml-100k/u.data,4,51756,139,0.8505050893185393,0.889901276466123,188,1880,1880,1.0,0.9556027643050916,0.6894477691460005,0.6894477691460006
alg,ml-100k/u.data,0,51759,154,0.898324548476151,0.9348676056130172,189,1890,1890,1.0,0.9539778677419893,0.7295960716279385,0.7295960716279379
alg,ml-100k/u.data,2,51877,120,0.9699627494357409,1.013606523223585,189,1890,1890,1.0,0.9448938734707155,0.7910504358873104,0.7910504358873097
alg,ml-100k/u.data,1,51891,118,0.9010318011537095,0.9366623796345294,189,1890,1890,1.0,0.9485520736990074,0.7405553259724641,0.7405553259724649
alg,ml-100k/u.data,3,51963,125,0.8984396280343628,0.9391188688664213,188,1880,1880,1.0,0.9517029366693209,0.7356888799802376,0.7356888799802384
