Algorithm,DataSet,Partition,BuildTime,TestTime,RMSE.ByUser,RMSE.ByRating,NUsers,NAttempted,NGood,Coverage,nDCG,MAE.ByUser,MAE.ByRating
alg,ml-100k/u.data,4,46402,136,0.8492349472862678,0.8882563674077419,188,1880,1880,1.0,0.9561613107266559,0.6883110874432308,0.6883110874432308
alg,ml-100k/u.data,2,46447,127,0.968834311294023,1.0127395385212423,189,1890,1890,1.0,0.9445067668682118,0.7902467321748133,0.7902467321748136
alg,ml-100k/u.data,0,46470,121,0.8966858263431812,0.9329614527463514,189,1890,1890,1.0,0.9540043909409571,0.7283568743171088,0.7283568743171086
alg,ml-100k/u.data,1,46621,116,0.8996564103620628,0.9350293648984357,189,1890,1890,1.0,0.9499910672768748,0.7396746308458644,0.7396746308458643
alg,ml-100k/u.data,3,46638,105,0.8966024370875814,0.9373244318683525,188,1880,1880,1.0,0.951959967645004,0.7342487812313658,0.734248781231365
