Algorithm,DataSet,Partition,BuildTime,TestTime,RMSE.ByUser,RMSE.ByRating,NUsers,NAttempted,NGood,Coverage,nDCG,MAE.ByUser,MAE.ByRating
alg,ml-100k/u.data,1,46556,137,0.9119497243147838,0.9489652865271143,189,1890,1890,1.0,0.9496478676216588,0.7526689974650879,0.7526689974650881
alg,ml-100k/u.data,2,46562,137,0.9833661880989789,1.0266960858877576,189,1890,1890,1.0,0.9423679644189769,0.802763667385017,0.8027636673850164
alg,ml-100k/u.data,4,46695,106,0.856089504960834,0.8948622947195245,188,1880,1880,1.0,0.9535617061260052,0.6942089683057023,0.6942089683057023
alg,ml-100k/u.data,3,47024,104,0.91188762391078,0.9538397060224855,188,1880,1880,1.0,0.9495785753862525,0.7481774684242439,0.748177468424244
alg,ml-100k/u.data,0,47082,110,0.9149763405092611,0.9511982791341138,189,1890,1890,1.0,0.9521033699816822,0.7430622227631505,0.7430622227631516
