Algorithm,DataSet,Partition,BuildTime,TestTime,RMSE.ByUser,RMSE.ByRating,NUsers,NAttempted,NGood,Coverage,nDCG,MAE.ByUser,MAE.ByRating
alg,ml-100k/u.data,1,50279,142,0.9003358252932643,0.9359358781110824,189,1890,1890,1.0,0.9492606074621195,0.7399208687492722,0.7399208687492721
alg,ml-100k/u.data,2,50278,149,0.9694249541112552,1.0133384821716303,189,1890,1890,1.0,0.9457860844242019,0.7909838879900642,0.7909838879900644
alg,ml-100k/u.data,4,50336,134,0.8492931864991741,0.8883482501901314,188,1880,1880,1.0,0.9553267015402331,0.6875435059695817,0.6875435059695815
alg,ml-100k/u.data,0,50398,119,0.8960672212795406,0.9326125572361755,189,1890,1890,1.0,0.9545791299359636,0.7275738048531744,0.7275738048531741
alg,ml-100k/u.data,3,50427,111,0.8961541576263469,0.9366690297700467,188,1880,1880,1.0,0.95300361083279,0.734293821570955,0.7342938215709556
