Algorithm,DataSet,Partition,BuildTime,TestTime,RMSE.ByUser,RMSE.ByRating,NUsers,NAttempted,NGood,Coverage,nDCG,MAE.ByUser,MAE.ByRating
alg,ml-100k/u.data,1,50215,134,0.8973161357498726,0.9327631083844214,189,1890,1890,1.0,0.9507572141632207,0.737181251444894,0.7371812514448939
alg,ml-100k/u.data,2,50239,139,0.9687403481072956,1.0135497712070258,189,1890,1890,1.0,0.9457571229924955,0.7893982872958955,0.789398287295895
alg,ml-100k/u.data,3,50498,115,0.8928961101448882,0.9331107995427896,188,1880,1880,1.0,0.9543094014533275,0.7326075434976067,0.7326075434976073
alg,ml-100k/u.data,0,50500,113,0.8941659211366946,0.9309662952157024,189,1890,1890,1.0,0.9534013223715998,0.7255406129875609,0.725540612987561
alg,ml-100k/u.data,4,50705,103,0.8480085825612819,0.8866944786853057,188,1880,1880,1.0,0.9568349385253943,0.6871584395492815,0.6871584395492814
