Algorithm,DataSet,Partition,BuildTime,TestTime,RMSE.ByUser,RMSE.ByRating,NUsers,NAttempted,NGood,Coverage,nDCG,MAE.ByUser,MAE.ByRating
alg,ml-100k/u.data,2,51800,133,0.9703818407718553,1.015332282741762,189,1890,1890,1.0,0.9455538122942405,0.7909323010082903,0.7909323010082903
alg,ml-100k/u.data,1,51894,132,0.900144482369837,0.9355101670408549,189,1890,1890,1.0,0.9502301132998836,0.7382457480197706,0.7382457480197713
alg,ml-100k/u.data,0,51954,120,0.8954880007137632,0.9322162278871096,189,1890,1890,1.0,0.9540423405256481,0.7275937220167069,0.7275937220167067
alg,ml-100k/u.data,3,51993,110,0.8945506011002773,0.9349412367027131,188,1880,1880,1.0,0.9532248717307484,0.7347817178926849,0.7347817178926846
alg,ml-100k/u.data,4,52146,99,0.8481137714152589,0.8872000071339794,188,1880,1880,1.0,0.9564091284971697,0.6879600731329338,0.6879600731329335
