Algorithm,DataSet,Partition,BuildTime,TestTime,RMSE.ByUser,RMSE.ByRating,NUsers,NAttempted,NGood,Coverage,nDCG,MAE.ByUser,MAE.ByRating
alg,ml-100k/u.data,4,52185,161,0.8497449198588625,0.888823395695788,188,1880,1880,1.0,0.955766697131515,0.6880554448463958,0.6880554448463951
alg,ml-100k/u.data,1,52447,137,0.9004886002521685,0.9360820710234489,189,1890,1890,1.0,0.9498527158871829,0.740036356068163,0.7400363560681629
alg,ml-100k/u.data,2,52555,125,0.9694791052180857,1.013308292373671,189,1890,1890,1.0,0.9469844753138998,0.7909223156820688,0.7909223156820694
alg,ml-100k/u.data,0,52604,116,0.8961490265343618,0.932596687703021,189,1890,1890,1.0,0.9544530212513944,0.727750051792767,0.7277500517927671
alg,ml-100k/u.data,3,52832,118,0.8967962289451088,0.9373256935723633,188,1880,1880,1.0,0.9525891239344715,0.7345136446241892,0.7345136446241894
