Algorithm,DataSet,Partition,BuildTime,TestTime,RMSE.ByUser,RMSE.ByRating,NUsers,NAttempted,NGood,Coverage,nDCG,MAE.ByUser,MAE.ByRating
alg,ml-100k/u.data,4,49254,151,0.8485233364462851,0.8872907230768371,188,1880,1880,1.0,0.9566071762963909,0.6878826461541335,0.6878826461541331
alg,ml-100k/u.data,3,49449,134,0.8940577885253242,0.9346071474057278,188,1880,1880,1.0,0.9531016926244733,0.7342462932285392,0.7342462932285397
alg,ml-100k/u.data,2,49558,128,0.9691300288973536,1.0139599566151347,189,1890,1890,1.0,0.9462360631045516,0.7905736699140327,0.7905736699140321
alg,ml-100k/u.data,0,49685,136,0.8947076694549703,0.9312182773879222,189,1890,1890,1.0,0.9537306228978213,0.7268033108119287,0.7268033108119291
alg,ml-100k/u.data,1,49721,133,0.89925124312956,0.934669338755194,189,1890,1890,1.0,0.9509103449152787,0.7376266816735939,0.7376266816735938
