Algorithm,DataSet,Partition,BuildTime,TestTime,RMSE.ByUser,RMSE.ByRating,NUsers,NAttempted,NGood,Coverage,nDCG,MAE.ByUser,MAE.ByRating
alg,ml-100k/u.data,4,51070,149,0.8477475831678174,0.8867386625168913,188,1880,1880,1.0,0.9567380488889724,0.687711144205329,0.687711144205329
alg,ml-100k/u.data,1,51266,134,0.900453232488764,0.9358390477853225,189,1890,1890,1.0,0.9514002788843943,0.7386022341308104,0.7386022341308107
alg,ml-100k/u.data,3,51465,115,0.8944132104500727,0.9347517880175734,188,1880,1880,1.0,0.952810387017006,0.7349615561385895,0.7349615561385897
alg,ml-100k/u.data,2,51525,120,0.9723210769891228,1.0174735712987297,189,1890,1890,1.0,0.9458520070493615,0.7921049987612532,0.7921049987612533
alg,ml-100k/u.data,0,51655,114,0.8966190285744121,0.9333867956874061,189,1890,1890,1.0,0.9541271650712614,0.7283029548268155,0.728302954826816
