Algorithm,DataSet,Partition,BuildTime,TestTime,RMSE.ByUser,RMSE.ByRating,NUsers,NAttempted,NGood,Coverage,nDCG,MAE.ByUser,MAE.ByRating
alg,ml-100k/u.data,3,50438,158,0.8986058785646024,0.9393841562894205,188,1880,1880,1.0,0.9515266060048491,0.7356261507132021,0.7356261507132015
alg,ml-100k/u.data,1,50787,125,0.9007153739189494,0.9360755783868595,189,1890,1890,1.0,0.949482344552351,0.7401309897802076,0.7401309897802083
alg,ml-100k/u.data,2,50809,120,0.9703616534179494,1.0139175529908706,189,1890,1890,1.0,0.9447577394673984,0.7918392089738849,0.7918392089738855
alg,ml-100k/u.data,4,50820,117,0.8505740923507771,0.8896042644619869,188,1880,1880,1.0,0.9557704541870276,0.689359101873049,0.6893591018730487
alg,ml-100k/u.data,0,50900,114,0.898595565109424,0.9351038141258494,189,1890,1890,1.0,0.9547264479374488,0.7298689832050297,0.7298689832050296
