Algorithm,DataSet,Partition,BuildTime,TestTime,RMSE.ByUser,RMSE.ByRating,NUsers,NAttempted,NGood,Coverage,nDCG,MAE.ByUser,MAE.ByRating
alg,ml-100k/u.data,1,51477,162,0.9010543554348,0.9366276036940961,189,1890,1890,1.0,0.9486447145243622,0.7403811737890829,0.7403811737890823
alg,ml-100k/u.data,4,51901,137,0.8510841118510765,0.8904607538304206,188,1880,1880,1.0,0.955429014675845,0.6899846106811706,0.6899846106811701
alg,ml-100k/u.data,3,52140,125,0.8981528100779197,0.9388204437121058,188,1880,1880,1.0,0.952835177990103,0.7355493360863116,0.7355493360863111
alg,ml-100k/u.data,2,52172,114,0.9700738526637227,1.0136864988090368,189,1890,1890,1.0,0.9449834408189969,0.7911066220085002,0.7911066220084993
alg,ml-100k/u.data,0,52281,108,0.8983283723995251,0.9348377494753511,189,1890,1890,1.0,0.954477201137965,0.7295805307403722,0.7295805307403727
