Algorithm,DataSet,Partition,BuildTime,TestTime,RMSE.ByUser,RMSE.ByRating,NUsers,NAttempted,NGood,Coverage,nDCG,MAE.ByUser,MAE.ByRating
alg,ml-100k/u.data,1,46037,139,0.9023790990284366,0.9378171556270885,189,1890,1890,1.0,0.9491447890769027,0.7418927380831225,0.7418927380831225
alg,ml-100k/u.data,0,46119,130,0.9006078327940003,0.9366778341895334,189,1890,1890,1.0,0.955541191724086,0.7320867287000714,0.7320867287000711
alg,ml-100k/u.data,3,46214,122,0.9005674897926593,0.941693924101793,188,1880,1880,1.0,0.9524631493955739,0.7372994301479163,0.7372994301479157
alg,ml-100k/u.data,4,46317,105,0.8512381821674684,0.89029111012095,188,1880,1880,1.0,0.9550647824957083,0.6902162257508905,0.6902162257508907
alg,ml-100k/u.data,2,46325,109,0.973078640270958,1.016254297301793,189,1890,1890,1.0,0.9437945662839325,0.7940899765140393,0.7940899765140396
