Algorithm,DataSet,Partition,BuildTime,TestTime,RMSE.ByUser,RMSE.ByRating,NUsers,NAttempted,NGood,Coverage,nDCG,MAE.ByUser,MAE.ByRating
alg,ml-100k/u.data,0,52402,157,0.9028412458900339,0.9388603181524795,189,1890,1890,1.0,0.955386698153207,0.7338512716408574,0.7338512716408573
alg,ml-100k/u.data,4,52580,138,0.8522729783511507,0.8915870769558255,188,1880,1880,1.0,0.9552856494020326,0.6914283938221532,0.691428393822153
alg,ml-100k/u.data,2,52638,120,0.9739605488520935,1.017005258945153,189,1890,1890,1.0,0.9433499858724507,0.7949451103619005,0.794945110361901
alg,ml-100k/u.data,1,52647,120,0.9038106430251037,0.9392751804800958,189,1890,1890,1.0,0.9483343101889158,0.742409667109622,0.7424096671096221
alg,ml-100k/u.data,3,52714,113,0.901516571872548,0.9424972165553093,188,1880,1880,1.0,0.9528050702115319,0.7378459214211112,0.7378459214211112
