Algorithm,DataSet,Partition,BuildTime,TestTime,RMSE.ByUser,RMSE.ByRating,NUsers,NAttempted,NGood,Coverage,nDCG,MAE.ByUser,MAE.ByRating
alg,ml-100k/u.data,4,46627,120,0.8476967705754404,0.8864425410321098,188,1880,1880,1.0,0.9558128683174095,0.6870506514715105,0.6870506514715097
alg,ml-100k/u.data,2,46691,132,0.9683611532175648,1.012667846601876,189,1890,1890,1.0,0.9453793780655768,0.7894408137550097,0.7894408137550097
alg,ml-100k/u.data,0,46774,112,0.894304034534261,0.9310369885178021,189,1890,1890,1.0,0.9537818601885978,0.7260722579399502,0.726072257939951
alg,ml-100k/u.data,1,46891,107,0.8976510570296923,0.933247006257128,189,1890,1890,1.0,0.9507695076904256,0.7376617162259325,0.7376617162259325
alg,ml-100k/u.data,3,46901,110,0.8946744091541396,0.935299988589894,188,1880,1880,1.0,0.9532757051693509,0.733176038126228,0.7331760381262279
