Algorithm,DataSet,Partition,BuildTime,TestTime,RMSE.ByUser,RMSE.ByRating,NUsers,NAttempted,NGood,Coverage,nDCG,MAE.ByUser,MAE.ByRating
alg,ml-100k/u.data,0,52171,169,0.8967284144400098,0.9331019656551311,189,1890,1890,1.0,0.9544195868834487,0.7281827908071878,0.7281827908071877
alg,ml-100k/u.data,2,52225,154,0.9701244544298653,1.0139839109940019,189,1890,1890,1.0,0.9451384337713307,0.7911486343934376,0.7911486343934374
alg,ml-100k/u.data,4,52349,123,0.8500539548640561,0.8892106460760587,188,1880,1880,1.0,0.9555907890576475,0.6884186824399462,0.6884186824399458
alg,ml-100k/u.data,1,52415,118,0.9013846164636881,0.9371194582027302,189,1890,1890,1.0,0.949690912829819,0.7407538689633705,0.7407538689633705
alg,ml-100k/u.data,3,52415,119,0.8969399670409343,0.9375625034666879,188,1880,1880,1.0,0.9531858396467775,0.7348659836289233,0.7348659836289232
