Algorithm,DataSet,Partition,BuildTime,TestTime,RMSE.ByUser,RMSE.ByRating,NUsers,NAttempted,NGood,Coverage,nDCG,MAE.ByUser,MAE.ByRating
alg,ml-100k/u.data,3,52118,910,0.9208477376496714,0.9622371675674993,188,1880,1880,1.0,0.9467951556200631,0.7561089310965599,0.7561089310965599
alg,ml-100k/u.data,4,53086,119,0.8603394563338812,0.9003122062083339,188,1880,1880,1.0,0.9533960248112774,0.6992435323907588,0.6992435323907584
alg,ml-100k/u.data,0,53130,117,0.9213803904236719,0.9568580464290334,189,1890,1890,1.0,0.9526521988115348,0.7481554492906946,0.748155449290695
alg,ml-100k/u.data,2,53149,113,0.993151445567934,1.03591740567211,189,1890,1890,1.0,0.9417033060577128,0.8121976631603894,0.8121976631603892
alg,ml-100k/u.data,1,53151,113,0.9198187391172894,0.9573112633270094,189,1890,1890,1.0,0.9473926501882762,0.7595774615038648,0.7595774615038645
