Algorithm,DataSet,Partition,BuildTime,TestTime,RMSE.ByUser,RMSE.ByRating,NUsers,NAttempted,NGood,Coverage,nDCG,MAE.ByUser,MAE.ByRating
alg,ml-100k/u.data,1,54201,153,0.9176041952472459,0.9551352284533287,189,1890,1890,1.0,0.9482158807896572,0.7575225077317939,0.7575225077317941
alg,ml-100k/u.data,0,54255,137,0.9209378111734966,0.9565105313312585,189,1890,1890,1.0,0.9515892839202731,0.7479871858181715,0.7479871858181708
alg,ml-100k/u.data,4,54290,135,0.859647459297899,0.8994657482322689,188,1880,1880,1.0,0.9530859509664265,0.698278975184548,0.6982789751845474
alg,ml-100k/u.data,2,54347,119,0.9910105492310918,1.0337986332740503,189,1890,1890,1.0,0.9420539017543952,0.8099696724442296,0.8099696724442295
alg,ml-100k/u.data,3,54403,111,0.9194058853281787,0.9610922513279784,188,1880,1880,1.0,0.9471646949140275,0.7545518913384879,0.7545518913384881
