Algorithm,DataSet,Partition,BuildTime,TestTime,RMSE.ByUser,RMSE.ByRating,NUsers,NAttempted,NGood,Coverage,nDCG,MAE.ByUser,MAE.ByRating
alg,ml-100k/u.data,4,46454,128,0.8484437099924709,0.8874671587991373,188,1880,1880,1.0,0.9562180791403986,0.687695405132003,0.6876954051320029
alg,ml-100k/u.data,0,46605,116,0.8954677294690829,0.931943844327629,189,1890,1890,1.0,0.9535591311921924,0.7278125140407576,0.7278125140407578
alg,ml-100k/u.data,2,46620,117,0.9688767499398714,1.0136602313789254,189,1890,1890,1.0,0.9456577463651885,0.7902663549729085,0.7902663549729079
alg,ml-100k/u.data,3,46652,116,0.8946915644790571,0.9351882706727929,188,1880,1880,1.0,0.9528395720964591,0.7348292221078586,0.7348292221078585
alg,ml-100k/u.data,1,46687,110,0.9001482671067385,0.9357027647270927,189,1890,1890,1.0,0.9496227400149133,0.7387211182601146,0.738721118260114
