Algorithm,DataSet,Partition,BuildTime,TestTime,RMSE.ByUser,RMSE.ByRating,NUsers,NAttempted,NGood,Coverage,nDCG,MAE.ByUser,MAE.ByRating
alg,ml-100k/u.data,3,45928,136,0.9152915166839674,0.9572759202918458,188,1880,1880,1.0,0.9476619393933664,0.7508787591077772,0.7508787591077776
alg,ml-100k/u.data,4,46113,124,0.8581273968628627,0.8974809984491912,188,1880,1880,1.0,0.9536380793561158,0.6963580357492569,0.6963580357492576
alg,ml-100k/u.data,1,46125,127,0.9141732107598948,0.9514171441208401,189,1890,1890,1.0,0.9492364831319002,0.7544456575693379,0.754445657569338
alg,ml-100k/u.data,2,46129,126,0.9866527431275489,1.0296946153524147,189,1890,1890,1.0,0.9423743471328616,0.8059732222935304,0.8059732222935307
alg,ml-100k/u.data,0,46469,105,0.9181503445674722,0.954178934705458,189,1890,1890,1.0,0.9508120320951676,0.7457725788522188,0.7457725788522189
