Algorithm,DataSet,Partition,BuildTime,TestTime,RMSE.ByUser,RMSE.ByRating,NUsers,NAttempted,NGood,Coverage,nDCG,MAE.ByUser,MAE.ByRating
alg,ml-100k/u.data,1,46212,132,0.9001656829359287,0.9357434957074678,189,1890,1890,1.0,0.9497246421608676,0.7397416943827769,0.7397416943827768
alg,ml-100k/u.data,4,46378,114,0.8485496743785237,0.8874878082263388,188,1880,1880,1.0,0.9560047711565302,0.6872011754177892,0.6872011754177891
alg,ml-100k/u.data,2,46576,105,0.9687380978097282,1.012707671837108,189,1890,1890,1.0,0.9453942900634186,0.7904578060983981,0.7904578060983981
alg,ml-100k/u.data,3,46647,103,0.8960174238182239,0.9366476985562034,188,1880,1880,1.0,0.953031407114834,0.7342693887629724,0.7342693887629721
alg,ml-100k/u.data,0,46682,104,0.8957407779537664,0.9321479021649768,189,1890,1890,1.0,0.9543914594862897,0.7273515506883864,0.7273515506883862
