Algorithm,DataSet,Partition,BuildTime,TestTime,RMSE.ByUser,RMSE.ByRating,NUsers,NAttempted,NGood,Coverage,nDCG,MAE.ByUser,MAE.ByRating
alg,ml-100k/u.data,3,51397,159,0.9165594213914177,0.9583725311088874,188,1880,1880,1.0,0.9477709224654414,0.7521381122990614,0.7521381122990612
alg,ml-100k/u.data,4,51519,136,0.8591273418160108,0.8986084578426571,188,1880,1880,1.0,0.9530105147095451,0.6976174333161588,0.6976174333161589
alg,ml-100k/u.data,2,51651,123,0.9883129835253448,1.031251230933141,189,1890,1890,1.0,0.9423916115298091,0.8075455020326247,0.8075455020326245
alg,ml-100k/u.data,1,51661,126,0.9168976760845834,0.9541616826893129,189,1890,1890,1.0,0.9483324085573952,0.756764622026044,0.7567646220260447
alg,ml-100k/u.data,0,51748,114,0.919881143309481,0.9555726307537373,189,1890,1890,1.0,0.9514115911202623,0.7473931887031117,0.7473931887031114
