Algorithm,DataSet,Partition,BuildTime,TestTime,RMSE.ByUser,RMSE.ByRating,NUsers,NAttempted,NGood,Coverage,nDCG,MAE.ByUser,MAE.ByRating
alg,ml-100k/u.data,4,50632,138,0.8509426177940648,0.8902994232017771,188,1880,1880,1.0,0.9556888912863342,0.6897817650005313,0.6897817650005318
alg,ml-100k/u.data,0,50699,149,0.8997538098038401,0.9361825762353032,189,1890,1890,1.0,0.9550015571491901,0.7309902123089289,0.730990212308929
alg,ml-100k/u.data,1,50765,136,0.901951411810944,0.9373376930383359,189,1890,1890,1.0,0.948382702151698,0.7411588350408613,0.7411588350408611
alg,ml-100k/u.data,2,50935,112,0.9708287762322102,1.0141966767460195,189,1890,1890,1.0,0.9448039997179125,0.7919971774085908,0.7919971774085909
alg,ml-100k/u.data,3,51024,113,0.899378061028115,0.9403566420224838,188,1880,1880,1.0,0.9520603488406385,0.7361685346825267,0.7361685346825273
