Algorithm,DataSet,Partition,BuildTime,TestTime,RMSE.ByUser,RMSE.ByRating,NUsers,NAttempted,NGood,Coverage,nDCG,MAE.ByUser,MAE.ByRating
alg,ml-100k/u.data,4,51079,150,0.8478206160479378,0.8867883615540892,188,1880,1880,1.0,0.9567078040708331,0.6878392123754864,0.6878392123754864
alg,ml-100k/u.data,2,51106,159,0.9709440994192893,1.0160990331400142,189,1890,1890,1.0,0.9457443032289975,0.7910415311532442,0.7910415311532444
alg,ml-100k/u.data,1,51240,120,0.9000000755440194,0.9353173282757058,189,1890,1890,1.0,0.9516227576741119,0.7380419320714704,0.7380419320714704
alg,ml-100k/u.data,0,51289,118,0.896341066039253,0.9331813360466288,189,1890,1890,1.0,0.9537716801600413,0.7283614006991926,0.7283614006991923
alg,ml-100k/u.data,3,51302,119,0.8945463493628184,0.9348306138334697,188,1880,1880,1.0,0.9538209380354417,0.7347753521717724,0.734775352171772
