Algorithm,DataSet,Partition,BuildTime,TestTime,RMSE.ByUser,RMSE.ByRating,NUsers,NAttempted,NGood,Coverage,nDCG,MAE.ByUser,MAE.ByRating
alg,ml-100k/u.data,4,52395,172,0.8505450308990133,0.8897587024297663,188,1880,1880,1.0,0.9554839598181195,0.688984630597323,0.6889846305973222
alg,ml-100k/u.data,2,52446,158,0.9699845904994715,1.0137950098774078,189,1890,1890,1.0,0.9451432289637651,0.7910624967751144,0.7910624967751155
alg,ml-100k/u.data,1,52507,171,0.90104886372935,0.936529215664244,189,1890,1890,1.0,0.948468107123913,0.7406676888202203,0.7406676888202197
alg,ml-100k/u.data,0,52581,158,0.8976046496322895,0.9340937292616737,189,1890,1890,1.0,0.9544066249972565,0.7289395157745421,0.7289395157745422
alg,ml-100k/u.data,3,52624,144,0.896900250853903,0.9375106071856799,188,1880,1880,1.0,0.9530479857427582,0.7344648374436699,0.7344648374436703
