Algorithm,DataSet,Partition,BuildTime,TestTime,RMSE.ByUser,RMSE.ByRating,NUsers,NAttempted,NGood,Coverage,nDCG,MAE.ByUser,MAE.ByRating
alg,ml-100k/u.data,0,46551,131,0.895333324505214,0.9318524703691698,189,1890,1890,1.0,0.9538242430908929,0.7273065149685676,0.7273065149685671
alg,ml-100k/u.data,3,46780,116,0.8950567070322176,0.9358687750818419,188,1880,1880,1.0,0.9531884593581109,0.7337821099887952,0.7337821099887955
alg,ml-100k/u.data,4,46861,111,0.8485140969142896,0.887584202959046,188,1880,1880,1.0,0.9560343209879932,0.6873717558222425,0.6873717558222427
alg,ml-100k/u.data,1,46878,114,0.8988215371369627,0.9344602056514291,189,1890,1890,1.0,0.949780154935133,0.7386070523402523,0.7386070523402516
alg,ml-100k/u.data,2,46888,116,0.9686692148530198,1.0128590127834058,189,1890,1890,1.0,0.945472109894707,0.7904329664398824,0.7904329664398827
