Algorithm,DataSet,Partition,BuildTime,TestTime,RMSE.ByUser,RMSE.ByRating,NUsers,NAttempted,NGood,Coverage,nDCG,MAE.ByUser,MAE.ByRating
alg,ml-100k/u.data,4,51100,145,0.8533325270273878,0.8927759542197926,188,1880,1880,1.0,0.9549614409777931,0.6927293298388812,0.6927293298388811
alg,ml-100k/u.data,1,51213,123,0.9060250882195268,0.9416682297929017,189,1890,1890,1.0,0.948764430544584,0.7444332755107944,0.7444332755107941
alg,ml-100k/u.data,0,51243,120,0.9044294886181574,0.9402401745732251,189,1890,1890,1.0,0.9549220722467648,0.7353641191478981,0.7353641191478976
alg,ml-100k/u.data,2,51343,113,0.9754564839784527,1.0180233454025578,189,1890,1890,1.0,0.9440292408015138,0.7962637109996364,0.796263710999636
alg,ml-100k/u.data,3,51456,107,0.9028710079459263,0.9438419728178226,188,1880,1880,1.0,0.9508458743630007,0.7388355165010397,0.7388355165010392
