Algorithm,DataSet,Partition,BuildTime,TestTime,RMSE.ByUser,RMSE.ByRating,NUsers,NAttempted,NGood,Coverage,nDCG,MAE.ByUser,MAE.ByRating
alg,ml-100k/u.data,1,49410,148,0.9010112726405484,0.9365663428517927,189,1890,1890,1.0,0.9492979099730523,0.7402431228676243,0.7402431228676248
alg,ml-100k/u.data,4,49501,129,0.8497061917459572,0.8887460975912774,188,1880,1880,1.0,0.956310777770368,0.6880490481254398,0.6880490481254401
alg,ml-100k/u.data,3,49546,124,0.8965267540493125,0.9371320516343441,188,1880,1880,1.0,0.9526052853269515,0.7345082561220587,0.7345082561220583
alg,ml-100k/u.data,0,49586,119,0.896347198379588,0.932803533604251,189,1890,1890,1.0,0.9544660787959894,0.7276732178764542,0.7276732178764544
alg,ml-100k/u.data,2,49751,121,0.9691960638896062,1.0132104057657991,189,1890,1890,1.0,0.9459080401247084,0.7908483999122063,0.7908483999122062
