threshold,RMSE.ByUser,RMSE.ByRating,MAE.ByUser,MAE.ByRating
1.0,0.901927426654,0.941067598045,0.735855538514,0.735855538514
