threshold,RMSE.ByUser,RMSE.ByRating,MAE.ByUser,MAE.ByRating
1.0,0.90144499734,0.940674336608,0.735586114707,0.735586114707
