threshold,RMSE.ByUser,RMSE.ByRating,MAE.ByUser,MAE.ByRating
1.0,0.902619928257,0.94193643227,0.73655830798,0.73655830798
