threshold,RMSE.ByUser,RMSE.ByRating,MAE.ByUser,MAE.ByRating
1.0,0.903419246317,0.942544970784,0.736995933498,0.736995933498
