threshold,RMSE.ByUser,RMSE.ByRating,MAE.ByUser,MAE.ByRating
1.0,0.876070440835,0.913935046202,0.710631691515,0.710631691515
