threshold,RMSE.ByUser,RMSE.ByRating,MAE.ByUser,MAE.ByRating
1.0,0.901965155222,0.941301538944,0.736155302809,0.736155302809
