threshold,RMSE.ByUser,RMSE.ByRating,MAE.ByUser,MAE.ByRating
1.0,0.903607621357,0.942988553104,0.737380326524,0.737380326524
