threshold,RMSE.ByUser,RMSE.ByRating,MAE.ByUser,MAE.ByRating
1.0,0.902636666741,0.941780000308,0.736274327112,0.736274327112
