threshold,RMSE.ByUser,RMSE.ByRating,MAE.ByUser,MAE.ByRating
1.0,0.90138071812,0.940629253272,0.735724448238,0.735724448238
