threshold,RMSE.ByUser,RMSE.ByRating,MAE.ByUser,MAE.ByRating
1.0,0.904260732775,0.943705483415,0.738012233756,0.738012233756
