threshold,RMSE.ByUser,RMSE.ByRating,MAE.ByUser,MAE.ByRating
1.0,0.904071183758,0.943289268944,0.73759740111,0.73759740111
