threshold,RMSE.ByUser,RMSE.ByRating,MAE.ByUser,MAE.ByRating
1.0,0.901403428023,0.940669066783,0.735612179594,0.735612179594
