Algorithm,DataSet,Partition,BuildTime,TestTime,RMSE.ByUser,RMSE.ByRating,NUsers,NAttempted,NGood,Coverage,nDCG,MAE.ByUser,MAE.ByRating
alg,ml-100k/u.data,2,56239,226,0.9684731102306897,1.0131584021738387,189,1890,1890,1.0,0.9458112074256012,0.7901493450535079,0.7901493450535071
alg,ml-100k/u.data,1,56618,223,0.9004145653822878,0.9359266825484699,189,1890,1890,1.0,0.9499158552873063,0.7389820795028432,0.7389820795028439
alg,ml-100k/u.data,3,56818,178,0.8948181156411884,0.9353569141689603,188,1880,1880,1.0,0.9533398473186323,0.734881506359462,0.7348815063594618
alg,ml-100k/u.data,4,56883,170,0.8481690817481891,0.8871712187632651,188,1880,1880,1.0,0.9565664975589553,0.6873767194088978,0.6873767194088979
alg,ml-100k/u.data,0,57155,130,0.8950287175986145,0.9315330487059242,189,1890,1890,1.0,0.9540553334707341,0.7272325908647107,0.7272325908647104
