Algorithm,DataSet,Partition,BuildTime,TestTime,RMSE.ByUser,RMSE.ByRating,NUsers,NAttempted,NGood,Coverage,nDCG,MAE.ByUser,MAE.ByRating
alg,ml-100k/u.data,4,48455,130,0.8519124247816692,0.8913376002734791,188,1880,1880,1.0,0.9551835808471896,0.6904326610624195,0.6904326610624201
alg,ml-100k/u.data,0,48485,134,0.9002284568883475,0.936532492130498,189,1890,1890,1.0,0.955082113011645,0.7308307219683625,0.7308307219683624
