Algorithm,DataSet,Partition,BuildTime,TestTime,RMSE.ByUser,RMSE.ByRating,NUsers,NAttempted,NGood,Coverage,nDCG,MAE.ByUser,MAE.ByRating
alg,ml-100k/u.data,1,51753,159,0.9001616866444879,0.9358209784200124,189,1890,1890,1.0,0.9498031848827795,0.7395476939460337,0.7395476939460341
alg,ml-100k/u.data,0,51876,143,0.8956112288774255,0.9321382644744473,189,1890,1890,1.0,0.9539618497636784,0.7271972285708063,0.7271972285708067
alg,ml-100k/u.data,3,51887,136,0.8957272778359425,0.9361656243843096,188,1880,1880,1.0,0.9528704183028105,0.7342871976784123,0.7342871976784119
alg,ml-100k/u.data,2,51949,124,0.969194543973749,1.0133106023501468,189,1890,1890,1.0,0.9455626873770958,0.7907741575129392,0.7907741575129393
alg,ml-100k/u.data,4,52033,106,0.8489423959373988,0.8879025205965283,188,1880,1880,1.0,0.955360704893777,0.6874714148630966,0.6874714148630963
