Algorithm,DataSet,Partition,BuildTime,TestTime,RMSE.ByUser,RMSE.ByRating,NUsers,NAttempted,NGood,Coverage,nDCG,MAE.ByUser,MAE.ByRating
alg,ml-100k/u.data,0,49330,141,0.8971969265294779,0.9339114442501275,189,1890,1890,1.0,0.9536499456003619,0.7287134189549507,0.7287134189549507
alg,ml-100k/u.data,2,49346,136,0.9727827390582914,1.018072845491793,189,1890,1890,1.0,0.9461013835825477,0.7922981805985471,0.7922981805985471
alg,ml-100k/u.data,3,49328,154,0.8947193117353485,0.9348813302087224,188,1880,1880,1.0,0.953281972071664,0.7353470065431881,0.7353470065431887
alg,ml-100k/u.data,4,49316,169,0.8476758482869261,0.8867389611700834,188,1880,1880,1.0,0.9567049111093648,0.6877858715757319,0.6877858715757322
alg,ml-100k/u.data,1,49496,110,0.9007248156753372,0.936077580229849,189,1890,1890,1.0,0.9514068443695871,0.7386470622282008,0.7386470622282013
