Algorithm,DataSet,Partition,BuildTime,TestTime,RMSE.ByUser,RMSE.ByRating,NUsers,NAttempted,NGood,Coverage,nDCG,MAE.ByUser,MAE.ByRating
alg,ml-100k/u.data,2,51410,164,0.9701371181017402,1.01371976772506,189,1890,1890,1.0,0.9449843816689372,0.7915398108668125,0.7915398108668122
alg,ml-100k/u.data,1,51515,141,0.9016979947871571,0.9371842745378336,189,1890,1890,1.0,0.9486107834282557,0.7406678391364353,0.7406678391364354
alg,ml-100k/u.data,4,51687,123,0.8505393557670972,0.890040695636805,188,1880,1880,1.0,0.9557362136390646,0.6892448306601351,0.6892448306601351
alg,ml-100k/u.data,3,51725,123,0.8989644575957697,0.9397965481027601,188,1880,1880,1.0,0.9519935071078373,0.7365372363468965,0.7365372363468958
alg,ml-100k/u.data,0,51774,119,0.8990169925392009,0.9357050587183646,189,1890,1890,1.0,0.9544691890299242,0.7299972885400337,0.7299972885400333
