Algorithm,DataSet,Partition,BuildTime,TestTime,RMSE.ByUser,RMSE.ByRating,NUsers,NAttempted,NGood,Coverage,nDCG,MAE.ByUser,MAE.ByRating
alg,ml-100k/u.data,4,53149,128,0.8475225442552887,0.8867310969038028,188,1880,1880,1.0,0.9557175010930908,0.6876427976031632,0.6876427976031633
alg,ml-100k/u.data,2,53342,115,0.9756852433092862,1.021241380694322,189,1890,1890,1.0,0.9457209897101664,0.7950615213411663,0.7950615213411664
alg,ml-100k/u.data,1,53359,113,0.9019107038569365,0.9373208847103858,189,1890,1890,1.0,0.9511539304831033,0.7396817891321712,0.7396817891321712
alg,ml-100k/u.data,0,53364,113,0.8995279505745272,0.9365909822967676,189,1890,1890,1.0,0.9531995203650603,0.730277062580742,0.7302770625807415
alg,ml-100k/u.data,3,53427,108,0.8966572218784843,0.9366430724700391,188,1880,1880,1.0,0.9528676411087397,0.7373979981229604,0.7373979981229604
