Algorithm,DataSet,Partition,BuildTime,TestTime,RMSE.ByUser,RMSE.ByRating,NUsers,NAttempted,NGood,Coverage,nDCG,MAE.ByUser,MAE.ByRating
alg,ml-100k/u.data,3,53309,161,0.8949020868423658,0.9354587919612416,188,1880,1880,1.0,0.9531833816574344,0.7341837933499787,0.7341837933499789
alg,ml-100k/u.data,2,53457,134,0.9686606076882437,1.0130080774540233,189,1890,1890,1.0,0.9460554912595447,0.7903813749345062,0.7903813749345061
alg,ml-100k/u.data,0,53460,137,0.8951840109056068,0.9318245243696035,189,1890,1890,1.0,0.9541435088081178,0.72727185831671,0.7272718583167106
alg,ml-100k/u.data,4,53467,133,0.8484722797534345,0.8876507664555423,188,1880,1880,1.0,0.9557444851084146,0.687345588710308,0.6873455887103082
alg,ml-100k/u.data,1,53686,107,0.8997981549245356,0.9354031736727383,189,1890,1890,1.0,0.9493800566730481,0.7388782826603674,0.7388782826603669
