Algorithm,DataSet,Partition,BuildTime,TestTime,RMSE.ByUser,RMSE.ByRating,NUsers,NAttempted,NGood,Coverage,nDCG,MAE.ByUser,MAE.ByRating
alg,ml-100k/u.data,1,52697,161,0.9008654609734218,0.936527354461899,189,1890,1890,1.0,0.9489359297849982,0.7402243576546192,0.740224357654619
alg,ml-100k/u.data,4,52848,133,0.8495638368617048,0.8886565557478817,188,1880,1880,1.0,0.95577588958344,0.6878223388594592,0.6878223388594585
alg,ml-100k/u.data,0,52854,137,0.8961509127042311,0.9326375057193906,189,1890,1890,1.0,0.9550636887371163,0.7278429445114606,0.7278429445114609
alg,ml-100k/u.data,2,52892,135,0.9698322304931528,1.0137281930134896,189,1890,1890,1.0,0.9466166859022954,0.7909815214361919,0.790981521436192
alg,ml-100k/u.data,3,53055,122,0.896770892672411,0.9373503925956905,188,1880,1880,1.0,0.9528356361547792,0.7345004730973912,0.7345004730973906
