Algorithm,DataSet,Partition,BuildTime,TestTime,RMSE.ByUser,RMSE.ByRating,NUsers,NAttempted,NGood,Coverage,nDCG,MAE.ByUser,MAE.ByRating
alg,ml-100k/u.data,2,52165,142,0.9698145206082287,1.0134955359151905,189,1890,1890,1.0,0.945636305784589,0.7909693769697609,0.7909693769697609
alg,ml-100k/u.data,4,52178,147,0.8505099741636734,0.8897215099866616,188,1880,1880,1.0,0.9552358020918023,0.6890122551054784,0.6890122551054788
alg,ml-100k/u.data,1,52223,147,0.9015791064749149,0.9370759435741792,189,1890,1890,1.0,0.948686298415831,0.7407765431953732,0.7407765431953728
alg,ml-100k/u.data,0,52319,127,0.8978368633525675,0.934332075101114,189,1890,1890,1.0,0.9548619529091921,0.7292799424992983,0.7292799424992984
alg,ml-100k/u.data,3,52421,112,0.8973557669867651,0.9380997893413144,188,1880,1880,1.0,0.9530658123133878,0.7349415497198777,0.7349415497198786
