Algorithm,DataSet,Partition,BuildTime,TestTime,RMSE.ByUser,RMSE.ByRating,NUsers,NAttempted,NGood,Coverage,nDCG,MAE.ByUser,MAE.ByRating
alg,ml-100k/u.data,4,54574,176,0.8478700122610153,0.8869530254751057,188,1880,1880,1.0,0.9566562987265452,0.6874957382642417,0.6874957382642417
alg,ml-100k/u.data,1,54759,150,0.9003726240261506,0.9357293696366226,189,1890,1890,1.0,0.9501926925491894,0.738349045069676,0.7383490450696759
alg,ml-100k/u.data,2,54768,144,0.9696905169952776,1.0144320787091736,189,1890,1890,1.0,0.9460916971220293,0.7906409903202243,0.7906409903202245
alg,ml-100k/u.data,3,54922,139,0.8946261170488146,0.9350829945124582,188,1880,1880,1.0,0.9534250260432787,0.7348146999163574,0.7348146999163571
alg,ml-100k/u.data,0,54941,126,0.8946657163706009,0.9311742147082738,189,1890,1890,1.0,0.9539416343166259,0.7266300999664218,0.7266300999664216
