Algorithm,DataSet,Partition,BuildTime,TestTime,RMSE.ByUser,RMSE.ByRating,NUsers,NAttempted,NGood,Coverage,nDCG,MAE.ByUser,MAE.ByRating
alg,ml-100k/u.data,1,48667,138,0.9003281676258987,0.9357955789888602,189,1890,1890,1.0,0.9505253456222685,0.7382385957823017,0.7382385957823022
alg,ml-100k/u.data,2,48725,121,0.9710857875804705,1.0161501281966456,189,1890,1890,1.0,0.946090750676387,0.7912955022862476,0.7912955022862473
alg,ml-100k/u.data,0,48724,129,0.8961642110992604,0.932878423377774,189,1890,1890,1.0,0.9536690529845661,0.7282334426489157,0.7282334426489154
alg,ml-100k/u.data,4,48817,111,0.8477900154020069,0.8868371810359085,188,1880,1880,1.0,0.9568764526353092,0.6879549042013485,0.687954904201349
alg,ml-100k/u.data,3,48925,108,0.8944575944020501,0.9348463831196614,188,1880,1880,1.0,0.9534668724415905,0.7350540691252186,0.735054069125219
