threshold,RMSE.ByUser,RMSE.ByRating,MAE.ByUser,MAE.ByRating
1.0,0.90162016505,0.940927609576,0.735602616491,0.735602616491
