threshold,RMSE.ByUser,RMSE.ByRating,MAE.ByUser,MAE.ByRating
1.0,0.900687302135,0.939926107285,0.734839306059,0.734839306059
