threshold,RMSE.ByUser,RMSE.ByRating,MAE.ByUser,MAE.ByRating
1.0,0.902101683767,0.94119469864,0.73573140405,0.73573140405
