threshold,RMSE.ByUser,RMSE.ByRating,MAE.ByUser,MAE.ByRating
1.0,0.901388416651,0.940536487526,0.735387466816,0.735387466816
