threshold,RMSE.ByUser,RMSE.ByRating,MAE.ByUser,MAE.ByRating
1.0,0.900579974916,0.939743194914,0.734845506753,0.734845506753
