threshold,RMSE.ByUser,RMSE.ByRating,MAE.ByUser,MAE.ByRating
1.0,0.904008330133,0.943437668519,0.737703966444,0.737703966444
