threshold,RMSE.ByUser,RMSE.ByRating,MAE.ByUser,MAE.ByRating
1.0,0.900404897286,0.939580017851,0.734643112047,0.734643112047
