threshold,RMSE.ByUser,RMSE.ByRating,MAE.ByUser,MAE.ByRating
1.0,0.902697408103,0.941817776427,0.736204142763,0.736204142763
