threshold,RMSE.ByUser,RMSE.ByRating,MAE.ByUser,MAE.ByRating
1.0,0.902570488068,0.94190128055,0.736363950955,0.736363950955
