threshold,RMSE.ByUser,RMSE.ByRating,MAE.ByUser,MAE.ByRating
1.0,0.90328208925,0.942652947742,0.737020701677,0.737020701677
