threshold,RMSE.ByUser,RMSE.ByRating,MAE.ByUser,MAE.ByRating
1.0,0.900713111397,0.939910973208,0.734943732339,0.734943732339
