threshold,RMSE.ByUser,RMSE.ByRating,MAE.ByUser,MAE.ByRating
1.0,0.900995481569,0.940309132171,0.735020556372,0.735020556372
