Algorithm,DataSet,Partition,BuildTime,TestTime,RMSE.ByUser,RMSE.ByRating,NUsers,NAttempted,NGood,Coverage,nDCG,MAE.ByUser,MAE.ByRating
alg,ml-100k/u.data,3,56365,158,0.8957333704264581,0.9362564966964529,188,1880,1880,1.0,0.9529936194053753,0.7340674216819226,0.7340674216819223
alg,ml-100k/u.data,1,56386,147,0.9008077219330872,0.9364409172395017,189,1890,1890,1.0,0.9487538940755573,0.7400053493634534,0.7400053493634537
alg,ml-100k/u.data,2,56446,132,0.9691027018916823,1.0126541022047664,189,1890,1890,1.0,0.9456677568595281,0.7902846098289114,0.7902846098289118
alg,ml-100k/u.data,4,56555,111,0.8496171034042704,0.8889731051072104,188,1880,1880,1.0,0.954603654577045,0.6877950739328833,0.6877950739328833
alg,ml-100k/u.data,0,56596,115,0.89524752117985,0.9316488719512691,189,1890,1890,1.0,0.9539917273467048,0.7265045654419146,0.7265045654419137
