Algorithm,DataSet,Partition,BuildTime,TestTime,RMSE.ByUser,RMSE.ByRating,NUsers,NAttempted,NGood,Coverage,nDCG,MAE.ByUser,MAE.ByRating
alg,ml-100k/u.data,4,55649,151,0.8472060038421786,0.8862841755533886,188,1880,1880,1.0,0.9564906316504412,0.6868979576333242,0.6868979576333243
alg,ml-100k/u.data,0,55730,134,0.8968992894100632,0.9338471614448746,189,1890,1890,1.0,0.9533450083775273,0.7281254032643295,0.7281254032643298
alg,ml-100k/u.data,2,55788,121,0.97319434585006,1.0183151479880161,189,1890,1890,1.0,0.945462393622911,0.7929490082838073,0.7929490082838078
alg,ml-100k/u.data,1,55793,120,0.9006775381057419,0.9359952954879718,189,1890,1890,1.0,0.9516407737467173,0.7384016422515133,0.7384016422515132
alg,ml-100k/u.data,3,55811,115,0.8948752631342405,0.9350646222738731,188,1880,1880,1.0,0.9531343811347939,0.7354457433430344,0.735445743343034
