Algorithm,DataSet,Partition,BuildTime,TestTime,RMSE.ByUser,RMSE.ByRating,NUsers,NAttempted,NGood,Coverage,nDCG,MAE.ByUser,MAE.ByRating
alg,ml-100k/u.data,1,56474,151,0.8999179126457495,0.9352293270474128,189,1890,1890,1.0,0.9509573894944485,0.7376485975145908,0.737648597514591
alg,ml-100k/u.data,4,56571,137,0.8472586457230181,0.8861391349101855,188,1880,1880,1.0,0.9564784366777411,0.686975426310891,0.6869754263108909
alg,ml-100k/u.data,3,56743,118,0.894090851893356,0.9346110549909008,188,1880,1880,1.0,0.9522564818656541,0.7342065298023662,0.7342065298023663
alg,ml-100k/u.data,0,56769,115,0.8937865944996682,0.9306742439815664,189,1890,1890,1.0,0.9537207759133927,0.7261145706177914,0.7261145706177924
alg,ml-100k/u.data,2,56828,110,0.9699234030845315,1.0148918999240266,189,1890,1890,1.0,0.9468619901413468,0.7901576576151523,0.7901576576151524
