Algorithm,DataSet,Partition,BuildTime,TestTime,RMSE.ByUser,RMSE.ByRating,NUsers,NAttempted,NGood,Coverage,nDCG,MAE.ByUser,MAE.ByRating
alg,ml-100k/u.data,3,58026,148,0.8948094801755393,0.9352331073858002,188,1880,1880,1.0,0.9539735510370424,0.7337273241095369,0.7337273241095372
alg,ml-100k/u.data,4,58031,154,0.8488483698789877,0.8881174010614058,188,1880,1880,1.0,0.9552824283607572,0.6874302455008758,0.6874302455008761
alg,ml-100k/u.data,0,58049,144,0.8945243705542019,0.9310102747891481,189,1890,1890,1.0,0.9538853331063861,0.7262940953821201,0.72629409538212
alg,ml-100k/u.data,2,58044,152,0.968530670380019,1.0122493098545955,189,1890,1890,1.0,0.9461347315719894,0.7899483098853588,0.7899483098853587
alg,ml-100k/u.data,1,58128,126,0.9002291922656187,0.9360723445378788,189,1890,1890,1.0,0.9493323303635994,0.7395373592039207,0.7395373592039199
