Algorithm,DataSet,Partition,BuildTime,TestTime,RMSE.ByUser,RMSE.ByRating,NUsers,NAttempted,NGood,Coverage,nDCG,MAE.ByUser,MAE.ByRating
alg,ml-100k/u.data,4,55438,154,0.8476835009044111,0.8868257088946753,188,1880,1880,1.0,0.9559491079607262,0.6875529913276527,0.687552991327652
alg,ml-100k/u.data,0,55439,160,0.8990102997292245,0.936254707805782,189,1890,1890,1.0,0.9530189294600523,0.729833832009915,0.7298338320099143
alg,ml-100k/u.data,1,55453,160,0.9015246079409241,0.9369239886716234,189,1890,1890,1.0,0.9517627308215574,0.7393081233876114,0.7393081233876123
alg,ml-100k/u.data,3,55581,121,0.8965848467299015,0.9366365916986451,188,1880,1880,1.0,0.9528483787373143,0.7372704847144897,0.7372704847144896
alg,ml-100k/u.data,2,55630,113,0.9752383953597699,1.0205473455223615,189,1890,1890,1.0,0.9463780358997782,0.7945544007794555,0.7945544007794553
