Algorithm,DataSet,Partition,BuildTime,TestTime,RMSE.ByUser,RMSE.ByRating,NUsers,NAttempted,NGood,Coverage,nDCG,MAE.ByUser,MAE.ByRating
alg,ml-100k/u.data,4,54494,154,0.8467851108264562,0.885796220161692,188,1880,1880,1.0,0.9567206841148289,0.6869014733819475,0.6869014733819472
alg,ml-100k/u.data,3,54583,141,0.894534441850717,0.9348600454607363,188,1880,1880,1.0,0.9524684681956628,0.7345441655014375,0.7345441655014375
alg,ml-100k/u.data,2,54608,137,0.9714500508450171,1.0164185804259167,189,1890,1890,1.0,0.9459160826643143,0.7916126585028336,0.7916126585028345
alg,ml-100k/u.data,1,54663,117,0.8999380680937284,0.9352588616109246,189,1890,1890,1.0,0.951163501546774,0.7375880046616545,0.737588004661654
alg,ml-100k/u.data,0,54817,115,0.895393153631982,0.9323043402185655,189,1890,1890,1.0,0.953955448375817,0.7273667804059069,0.7273667804059072
