Algorithm,DataSet,Partition,BuildTime,TestTime,RMSE.ByUser,RMSE.ByRating,NUsers,NAttempted,NGood,Coverage,nDCG,MAE.ByUser,MAE.ByRating
alg,ml-100k/u.data,3,56006,170,0.8957656973255456,0.9359271017153544,188,1880,1880,1.0,0.952589909462242,0.7362936550257692,0.7362936550257689
alg,ml-100k/u.data,2,56174,139,0.9744530000201858,1.019537670268846,189,1890,1890,1.0,0.9462017318403614,0.7940081499964239,0.7940081499964234
alg,ml-100k/u.data,0,56238,134,0.8976120832861078,0.9346743444855088,189,1890,1890,1.0,0.9535540354515005,0.7287268203754934,0.7287268203754937
alg,ml-100k/u.data,1,56314,120,0.9007566961203617,0.9361379961384594,189,1890,1890,1.0,0.951858946903184,0.7386939496461107,0.7386939496461107
alg,ml-100k/u.data,4,56378,115,0.8478229694975059,0.8869876261009662,188,1880,1880,1.0,0.9561758512768501,0.6873809333390818,0.6873809333390818
