Algorithm,DataSet,Partition,BuildTime,TestTime,RMSE.ByUser,RMSE.ByRating,NUsers,NAttempted,NGood,Coverage,nDCG,MAE.ByUser,MAE.ByRating
alg,ml-100k/u.data,1,55095,135,0.8997700388915868,0.9355335952642811,189,1890,1890,1.0,0.9501748408521372,0.739067198042951,0.7390671980429511
alg,ml-100k/u.data,4,55102,142,0.8481477798651909,0.8873240449092918,188,1880,1880,1.0,0.9557664204328485,0.6867178373107905,0.6867178373107906
alg,ml-100k/u.data,2,55137,148,0.9682611643804547,1.0123009167030366,189,1890,1890,1.0,0.9457995051466535,0.7897094776870696,0.78970947768707
alg,ml-100k/u.data,0,55153,139,0.8933870422219674,0.9299935109556348,189,1890,1890,1.0,0.9542498500298324,0.7257455409450105,0.7257455409450105
alg,ml-100k/u.data,3,55150,144,0.8939995316279266,0.9344027982102108,188,1880,1880,1.0,0.9537957981119575,0.7334786077077753,0.733478607707775
