Algorithm,DataSet,Partition,BuildTime,TestTime,RMSE.ByUser,RMSE.ByRating,NUsers,NAttempted,NGood,Coverage,nDCG,MAE.ByUser,MAE.ByRating
alg,ml-100k/u.data,4,55006,160,0.8474760403444899,0.8863172201087167,188,1880,1880,1.0,0.9568564048345315,0.6864957233027904,0.6864957233027902
alg,ml-100k/u.data,1,55060,157,0.9000881563414939,0.935573286595196,189,1890,1890,1.0,0.9497550664660525,0.7386911354227409,0.7386911354227406
alg,ml-100k/u.data,0,55101,144,0.8931773629329194,0.9297429913387549,189,1890,1890,1.0,0.9540930369043713,0.7253266914966093,0.7253266914966089
alg,ml-100k/u.data,3,55203,116,0.8932926453153455,0.9336552828944389,188,1880,1880,1.0,0.9523995992216395,0.733654850837166,0.7336548508371659
alg,ml-100k/u.data,2,55344,109,0.9679902814941111,1.0126113083157582,189,1890,1890,1.0,0.9460101584010064,0.7890471591773441,0.7890471591773446
