Algorithm,DataSet,Partition,BuildTime,TestTime,RMSE.ByUser,RMSE.ByRating,NUsers,NAttempted,NGood,Coverage,nDCG,MAE.ByUser,MAE.ByRating
alg,ml-100k/u.data,3,54658,134,0.8958711638004733,0.9365408272899053,188,1880,1880,1.0,0.9535398591335141,0.7343264565750695,0.7343264565750696
alg,ml-100k/u.data,1,54678,140,0.901337684100735,0.9370117751647591,189,1890,1890,1.0,0.9494477065801851,0.7404372015366865,0.7404372015366859
alg,ml-100k/u.data,2,54700,137,0.9698211175873713,1.0132037791878765,189,1890,1890,1.0,0.9446301746275191,0.7906290504002114,0.790629050400212
alg,ml-100k/u.data,4,54835,118,0.8503583888484406,0.8896718896631134,188,1880,1880,1.0,0.9547680788984017,0.6886115895134463,0.6886115895134466
alg,ml-100k/u.data,0,55066,106,0.8960986861757718,0.9326606108297235,189,1890,1890,1.0,0.9543848855357292,0.7270164157915455,0.7270164157915452
