Algorithm,DataSet,Partition,BuildTime,TestTime,RMSE.ByUser,RMSE.ByRating,NUsers,NAttempted,NGood,Coverage,nDCG,MAE.ByUser,MAE.ByRating
alg,ml-100k/u.data,4,55772,146,0.847582613875549,0.8865448780248301,188,1880,1880,1.0,0.9563676424710863,0.6874022692660948,0.6874022692660948
alg,ml-100k/u.data,3,55801,145,0.8933578279503331,0.9337274080966192,188,1880,1880,1.0,0.9527464050288258,0.7336467650010576,0.7336467650010574
alg,ml-100k/u.data,1,55816,146,0.8999388960089979,0.9354247674644478,189,1890,1890,1.0,0.9506765227711617,0.7378950545141203,0.7378950545141203
alg,ml-100k/u.data,0,55866,139,0.8934247280867913,0.9300480889753342,189,1890,1890,1.0,0.9536797833815635,0.7257679824906118,0.7257679824906119
alg,ml-100k/u.data,2,56111,105,0.969132444754917,1.01388539386388,189,1890,1890,1.0,0.9457007520978146,0.7894844590249362,0.7894844590249356
