threshold,RMSE.ByUser,RMSE.ByRating,MAE.ByUser,MAE.ByRating
1.0,0.909918008112,0.948824096995,0.74416387537,0.74416387537
