threshold,RMSE.ByUser,RMSE.ByRating,MAE.ByUser,MAE.ByRating
1.0,0.909534718548,0.948390085925,0.743856306095,0.743856306095
