threshold,RMSE.ByUser,RMSE.ByRating,MAE.ByUser,MAE.ByRating
1.0,0.910492411386,0.949457489052,0.744837623639,0.744837623639
