alpha,RMSE.ByUser,RMSE.ByRating,MAE.ByUser,MAE.ByRating
4.0,0.910410572628,0.949382988256,0.744713684719,0.744713684719
14.0,0.909417528773,0.948234717141,0.743660967557,0.743660967557
