threshold,RMSE.ByUser,RMSE.ByRating,MAE.ByUser,MAE.ByRating
1.0,0.909427748482,0.948318766798,0.743705142408,0.743705142408
