threshold,RMSE.ByUser,RMSE.ByRating,MAE.ByUser,MAE.ByRating
1.0,0.90976789946,0.948676757659,0.744030744001,0.744030744001
