threshold,RMSE.ByUser,RMSE.ByRating,MAE.ByUser,MAE.ByRating
1.0,0.909496879742,0.948406039087,0.743880272379,0.743880272379
