threshold,RMSE.ByUser,RMSE.ByRating,MAE.ByUser,MAE.ByRating
1.0,0.909921552599,0.948847581753,0.74420333324,0.74420333324
