threshold,RMSE.ByUser,RMSE.ByRating,MAE.ByUser,MAE.ByRating
1.0,0.909601999039,0.948478116184,0.744080026757,0.744080026757
