threshold,RMSE.ByUser,RMSE.ByRating,MAE.ByUser,MAE.ByRating
1.0,0.9109903281,0.950058700735,0.745464718807,0.745464718807
