threshold,RMSE.ByUser,RMSE.ByRating,MAE.ByUser,MAE.ByRating
1.0,0.911953887088,0.950985979804,0.7463233674,0.7463233674
