alpha,RMSE.ByUser,RMSE.ByRating,MAE.ByUser,MAE.ByRating
4.0,0.91041618026,0.949392818947,0.744775297864,0.744775297864
14.0,0.909511592876,0.948335440272,0.743796877799,0.743796877799
