alpha,RMSE.ByUser,RMSE.ByRating,MAE.ByUser,MAE.ByRating
4.0,0.906913481651,0.945907764062,0.739704395314,0.739704395314
14.0,0.909855250537,0.948415199809,0.741801741232,0.741801741232
