threshold,RMSE.ByUser,RMSE.ByRating,MAE.ByUser,MAE.ByRating
1.0,0.9099028453,0.948780278781,0.744174049058,0.744174049058
