threshold,RMSE.ByUser,RMSE.ByRating,MAE.ByUser,MAE.ByRating
1.0,0.910432698297,0.94938745982,0.744655686291,0.744655686291
