threshold,RMSE.ByUser,RMSE.ByRating,MAE.ByUser,MAE.ByRating
1.0,0.910501927637,0.949610141217,0.744854575583,0.744854575583
