threshold,RMSE.ByUser,RMSE.ByRating,MAE.ByUser,MAE.ByRating
1.0,0.90992894702,0.948795241711,0.744169451309,0.744169451309
