threshold,RMSE.ByUser,RMSE.ByRating,MAE.ByUser,MAE.ByRating
1.0,0.9094804199,0.948347811858,0.74378779519,0.74378779519
