Algorithm,DataSet,Partition,BuildTime,TestTime,RMSE.ByUser,RMSE.ByRating,NUsers,NAttempted,NGood,Coverage,nDCG,MAE.ByUser,MAE.ByRating
alg,ml-100k/u.data,4,265,95312,0.8471641613558895,0.8858840250944437,188,1880,1880,1.0,0.9541659608211904,0.6894655086932268,0.6894655086932266
alg,ml-100k/u.data,1,255,95370,0.9112500084619481,0.9466513511507926,189,1890,1890,1.0,0.9486619898767664,0.7479044252403174,0.7479044252403176
alg,ml-100k/u.data,0,298,95383,0.914425084900484,0.950171127615869,189,1890,1890,1.0,0.9497932086213392,0.7445470552519974,0.7445470552519975
alg,ml-100k/u.data,3,275,95553,0.9022184701743469,0.9417725316613207,188,1880,1880,1.0,0.9513336513349502,0.745000394118913,0.7450003941189127
alg,ml-100k/u.data,2,267,95925,0.9798939156056489,1.025814468150351,189,1890,1890,1.0,0.9445541956568105,0.8004062107323118,0.8004062107323118
