Algorithm,DataSet,Partition,BuildTime,TestTime,RMSE.ByUser,RMSE.ByRating,NUsers,NAttempted,NGood,Coverage,nDCG,MAE.ByUser,MAE.ByRating
alg,ml-100k/u.data,0,266,77143,0.9128720718993336,0.9481561125346564,189,1890,1890,1.0,0.9503187960821157,0.7415364686795305,0.7415364686795303
alg,ml-100k/u.data,2,273,77188,0.9767993769738528,1.0227799565203664,189,1890,1890,1.0,0.9457497215985793,0.7973076501706242,0.7973076501706247
alg,ml-100k/u.data,3,283,77307,0.9001996422797318,0.9397423850678208,188,1880,1880,1.0,0.9514361452714041,0.7432085569632801,0.7432085569632801
alg,ml-100k/u.data,4,280,77658,0.8448982623020042,0.8827845224067645,188,1880,1880,1.0,0.9547296814168553,0.6878522689461144,0.6878522689461142
alg,ml-100k/u.data,1,281,77704,0.913240641742102,0.9489276043911402,189,1890,1890,1.0,0.9492196570537575,0.7504951890259443,0.7504951890259437
