Algorithm,DataSet,Partition,BuildTime,TestTime,RMSE.ByUser,RMSE.ByRating,NUsers,NAttempted,NGood,Coverage,nDCG,MAE.ByUser,MAE.ByRating
alg,ml-100k/u.data,3,270,70493,0.8998862881765943,0.9393456719646899,188,1880,1880,1.0,0.9514762588116717,0.7426959409948249,0.7426959409948253
alg,ml-100k/u.data,2,267,70654,0.9783896140715294,1.024403622848427,189,1890,1890,1.0,0.9444593664493083,0.7981179491401229,0.7981179491401231
alg,ml-100k/u.data,4,285,70727,0.846411450666075,0.8848292342706118,188,1880,1880,1.0,0.9542977801362803,0.6886804387111647,0.6886804387111642
alg,ml-100k/u.data,1,268,70895,0.9115287641379806,0.9467085074079594,189,1890,1890,1.0,0.9491845525388988,0.7483074854057425,0.7483074854057429
alg,ml-100k/u.data,0,259,71055,0.9133739235068096,0.9488334484847455,189,1890,1890,1.0,0.9503800017324755,0.7430175625989148,0.7430175625989149
