Algorithm,DataSet,Partition,BuildTime,TestTime,RMSE.ByUser,RMSE.ByRating,NUsers,NAttempted,NGood,Coverage,nDCG,MAE.ByUser,MAE.ByRating
alg,ml-100k/u.data,3,276,68188,0.8998309178335914,0.9392662154863938,188,1880,1880,1.0,0.9514429418738498,0.7425334963957875,0.7425334963957875
alg,ml-100k/u.data,2,255,68462,0.9784633632448917,1.0243870718928152,189,1890,1890,1.0,0.9442533414580332,0.798147650786187,0.7981476507861865
alg,ml-100k/u.data,4,268,68481,0.8461344275440296,0.8845378340043297,188,1880,1880,1.0,0.953999458813363,0.6885262706797737,0.6885262706797737
alg,ml-100k/u.data,1,261,68711,0.9119341318607834,0.9471043721327839,189,1890,1890,1.0,0.948929504993621,0.7487888827771202,0.7487888827771194
alg,ml-100k/u.data,0,267,68819,0.9131513860142949,0.9486059003868569,189,1890,1890,1.0,0.950862895438479,0.7428739446515138,0.7428739446515134
