Algorithm,DataSet,Partition,BuildTime,TestTime,RMSE.ByUser,RMSE.ByRating,NUsers,NAttempted,NGood,Coverage,nDCG,MAE.ByUser,MAE.ByRating
alg,ml-100k/u.data,3,235,71157,0.8995454530081656,0.9391765407457108,188,1880,1880,1.0,0.9516020257143718,0.7422228964444512,0.7422228964444517
alg,ml-100k/u.data,2,244,71385,0.9761177112265009,1.022084429507514,189,1890,1890,1.0,0.9461234880526265,0.7964023599891044,0.7964023599891047
alg,ml-100k/u.data,1,239,71665,0.9135727682860443,0.949108753618269,189,1890,1890,1.0,0.949104585085316,0.7503617946569673,0.7503617946569662
alg,ml-100k/u.data,4,265,71717,0.8447549931148969,0.8827110091345908,188,1880,1880,1.0,0.9546081584537601,0.6878573278700165,0.687857327870017
alg,ml-100k/u.data,0,262,71846,0.9131478167733157,0.9485131009860979,189,1890,1890,1.0,0.9500715312144964,0.7416813330798422,0.7416813330798416
