Algorithm,DataSet,Partition,BuildTime,TestTime,RMSE.ByUser,RMSE.ByRating,NUsers,NAttempted,NGood,Coverage,nDCG,MAE.ByUser,MAE.ByRating
alg,ml-100k/u.data,1,262,66368,0.9118159345241807,0.9469005915243703,189,1890,1890,1.0,0.9493890962415813,0.748427903691648,0.7484279036916478
alg,ml-100k/u.data,2,262,66501,0.9788047110338504,1.0249156704483424,189,1890,1890,1.0,0.9442504413078192,0.7984717010421202,0.7984717010421206
alg,ml-100k/u.data,0,259,66621,0.9137129699500002,0.9493851223595979,189,1890,1890,1.0,0.9498133475929853,0.7435920899200429,0.7435920899200432
alg,ml-100k/u.data,4,280,66716,0.8469387744553108,0.8854267852808719,188,1880,1880,1.0,0.9542927305695004,0.6889247077321192,0.6889247077321191
alg,ml-100k/u.data,3,268,66733,0.9008911015200901,0.9403091294878758,188,1880,1880,1.0,0.9513030307171336,0.7438620290674257,0.7438620290674256
