Algorithm,DataSet,Partition,BuildTime,TestTime,RMSE.ByUser,RMSE.ByRating,NUsers,NAttempted,NGood,Coverage,nDCG,MAE.ByUser,MAE.ByRating
alg,ml-100k/u.data,4,275,72782,0.8474074842010588,0.8859816264490099,188,1880,1880,1.0,0.9542300240144482,0.6900121005465675,0.6900121005465679
alg,ml-100k/u.data,0,277,73087,0.915303902058134,0.9511118075468398,189,1890,1890,1.0,0.9493223737241876,0.745446550729867,0.7454465507298681
alg,ml-100k/u.data,2,273,73175,0.981244334989247,1.0270267499830543,189,1890,1890,1.0,0.9441182204232619,0.8014019720707211,0.8014019720707214
alg,ml-100k/u.data,1,276,73185,0.9123799143431088,0.9479103967382836,189,1890,1890,1.0,0.948763265759857,0.7488013292119092,0.7488013292119089
alg,ml-100k/u.data,3,282,73353,0.9034337998477526,0.9428993183015582,188,1880,1880,1.0,0.9506948965947706,0.7459548844415571,0.7459548844415574
