Algorithm,DataSet,Partition,BuildTime,TestTime,RMSE.ByUser,RMSE.ByRating,NUsers,NAttempted,NGood,Coverage,nDCG,MAE.ByUser,MAE.ByRating
alg,ml-100k/u.data,1,237,73359,0.9136165800376023,0.9491657323222046,189,1890,1890,1.0,0.9489894680530817,0.7503407735244231,0.7503407735244231
alg,ml-100k/u.data,0,226,73717,0.9126695075426393,0.9480267567806989,189,1890,1890,1.0,0.950552540308347,0.7410593044856683,0.7410593044856691
alg,ml-100k/u.data,3,233,73740,0.9000386944258925,0.9396478606217082,188,1880,1880,1.0,0.9514637320880622,0.7429226552227648,0.7429226552227653
alg,ml-100k/u.data,2,256,73775,0.9761064809469892,1.0221603864874647,189,1890,1890,1.0,0.9452276248251558,0.7967110429931347,0.7967110429931352
alg,ml-100k/u.data,4,247,73808,0.8450531357588849,0.8830294592238137,188,1880,1880,1.0,0.9546405828629481,0.688367585668448,0.6883675856684479
