Algorithm,DataSet,Partition,BuildTime,TestTime,RMSE.ByUser,RMSE.ByRating,NUsers,NAttempted,NGood,Coverage,nDCG,MAE.ByUser,MAE.ByRating
alg,ml-100k/u.data,1,216,68400,0.9128445062544557,0.9480794085806201,189,1890,1890,1.0,0.9487710565258528,0.7495043305514024,0.7495043305514023
alg,ml-100k/u.data,2,233,68654,0.977856465902145,1.0237793470683636,189,1890,1890,1.0,0.9443412064293346,0.7980929487834505,0.7980929487834506
alg,ml-100k/u.data,0,247,68822,0.9127196841227141,0.9481708098596506,189,1890,1890,1.0,0.9513703392057209,0.7421643786619887,0.7421643786619888
alg,ml-100k/u.data,4,227,68869,0.8456658828275345,0.8837637709741359,188,1880,1880,1.0,0.9544608618876276,0.6881018870372122,0.6881018870372122
alg,ml-100k/u.data,3,246,69067,0.9005581959927128,0.9401828720742736,188,1880,1880,1.0,0.9510945074264205,0.7429837115126364,0.7429837115126371
