Algorithm,DataSet,Partition,BuildTime,TestTime,RMSE.ByUser,RMSE.ByRating,NUsers,NAttempted,NGood,Coverage,nDCG,MAE.ByUser,MAE.ByRating
alg,ml-100k/u.data,1,278,70334,0.9113266607558387,0.9465303366587948,189,1890,1890,1.0,0.949411966739722,0.7480206049696423,0.7480206049696423
alg,ml-100k/u.data,3,278,70678,0.9005141230954578,0.9399869710913159,188,1880,1880,1.0,0.9514333884591071,0.7433893850415488,0.7433893850415495
alg,ml-100k/u.data,2,279,70681,0.9781616700217737,1.024221280051361,189,1890,1890,1.0,0.9444178218085262,0.7980237637405506,0.7980237637405505
alg,ml-100k/u.data,0,271,70704,0.9134678725569094,0.948951520756087,189,1890,1890,1.0,0.9498619356734233,0.7432901810183842,0.743290181018384
alg,ml-100k/u.data,4,307,71171,0.846137436562969,0.8845478002057653,188,1880,1880,1.0,0.9545319761947146,0.6882927314291425,0.688292731429143
