Algorithm,DataSet,Partition,BuildTime,TestTime,RMSE.ByUser,RMSE.ByRating,NUsers,NAttempted,NGood,Coverage,nDCG,MAE.ByUser,MAE.ByRating
alg,ml-100k/u.data,4,481,65546,0.844960536019899,0.8833230406726695,188,1880,1880,1.0,0.9552915135976291,0.6862833930326164,0.6862833930326168
alg,ml-100k/u.data,0,406,65954,0.9090885353282819,0.9450000461274789,189,1890,1890,1.0,0.9515431665994517,0.7378422686600463,0.7378422686600455
alg,ml-100k/u.data,3,469,66036,0.8994592707352225,0.9380851910353226,188,1880,1880,1.0,0.9512559479379978,0.7417480217087761,0.7417480217087761
alg,ml-100k/u.data,1,434,66073,0.9087707101748917,0.9441383343707137,189,1890,1890,1.0,0.9490497901612591,0.7464987934290828,0.7464987934290831
alg,ml-100k/u.data,2,449,66325,0.9772307355580403,1.0228818223721114,189,1890,1890,1.0,0.9440207454069774,0.7964619947511817,0.7964619947511823
