Algorithm,DataSet,Partition,BuildTime,TestTime,RMSE.ByUser,RMSE.ByRating,NUsers,NAttempted,NGood,Coverage,nDCG,MAE.ByUser,MAE.ByRating
alg,ml-100k/u.data,2,260,69226,0.9760117813649313,1.0217444816531753,189,1890,1890,1.0,0.9456789796044736,0.7957596362531919,0.7957596362531915
alg,ml-100k/u.data,4,257,69556,0.8439352978195286,0.881737463953006,188,1880,1880,1.0,0.9558572610486259,0.686934700841387,0.6869347008413869
alg,ml-100k/u.data,0,249,69713,0.9111521782190393,0.9466005307023015,189,1890,1890,1.0,0.9502829646872297,0.7398360189209987,0.7398360189209983
alg,ml-100k/u.data,1,247,69759,0.9129146416882845,0.9485298234743331,189,1890,1890,1.0,0.9487329524928901,0.7499830463367873,0.7499830463367876
alg,ml-100k/u.data,3,250,69969,0.8995330363953709,0.9388526344115697,188,1880,1880,1.0,0.9508513140587449,0.7418191804523868,0.7418191804523867
