Algorithm,DataSet,Partition,BuildTime,TestTime,RMSE.ByUser,RMSE.ByRating,NUsers,NAttempted,NGood,Coverage,nDCG,MAE.ByUser,MAE.ByRating
alg,ml-100k/u.data,0,260,71764,0.9124511479810073,0.9479521501056879,189,1890,1890,1.0,0.9501893705766121,0.7410945820450963,0.7410945820450956
alg,ml-100k/u.data,3,242,71800,0.8998462446805845,0.9394988552582938,188,1880,1880,1.0,0.9515861466847638,0.7427643560001451,0.7427643560001453
alg,ml-100k/u.data,4,277,71811,0.844926874832681,0.8828876805978632,188,1880,1880,1.0,0.9544045038159154,0.6879862631381357,0.6879862631381363
alg,ml-100k/u.data,2,251,72219,0.9771114660015285,1.0229775024679204,189,1890,1890,1.0,0.94495218690819,0.797285457207989,0.7972854572079888
alg,ml-100k/u.data,1,264,72290,0.9130663660043203,0.9484228708580676,189,1890,1890,1.0,0.9490821984983575,0.7498083175605638,0.7498083175605634
