Algorithm,DataSet,Partition,BuildTime,TestTime,RMSE.ByUser,RMSE.ByRating,NUsers,NAttempted,NGood,Coverage,nDCG,MAE.ByUser,MAE.ByRating
alg,ml-100k/u.data,2,270,70680,0.9753410448505786,1.0210006499942006,189,1890,1890,1.0,0.9452084256092544,0.794973265514046,0.7949732655140457
alg,ml-100k/u.data,1,289,70976,0.9122815894352663,0.9479847532700615,189,1890,1890,1.0,0.9494145202870553,0.7494180505102966,0.7494180505102969
alg,ml-100k/u.data,4,290,71008,0.8433866715915389,0.8811164995165361,188,1880,1880,1.0,0.9561324578836677,0.6856917857549564,0.6856917857549566
alg,ml-100k/u.data,0,264,71077,0.9102968364232543,0.9456786547610956,189,1890,1890,1.0,0.9499480281354828,0.7385686898687089,0.7385686898687089
alg,ml-100k/u.data,3,278,71477,0.9000049360539619,0.9391884995006039,188,1880,1880,1.0,0.9506618650379939,0.7415990622493229,0.7415990622493226
