Algorithm,DataSet,Partition,BuildTime,TestTime,RMSE.ByUser,RMSE.ByRating,NUsers,NAttempted,NGood,Coverage,nDCG,MAE.ByUser,MAE.ByRating
alg,ml-100k/u.data,1,266,69181,0.9116027723975808,0.9468039688568997,189,1890,1890,1.0,0.9488447246110633,0.7479566415792543,0.7479566415792548
alg,ml-100k/u.data,4,264,69203,0.8469220095806721,0.8854199317659991,188,1880,1880,1.0,0.9540059364888203,0.6889855849893013,0.6889855849893013
alg,ml-100k/u.data,3,276,69334,0.900944822369629,0.9404159528752721,188,1880,1880,1.0,0.9517074481637774,0.744106946197983,0.7441069461979827
alg,ml-100k/u.data,2,281,69345,0.9790738669969071,1.0251043475280464,189,1890,1890,1.0,0.9441556745276776,0.799059303978046,0.7990593039780458
alg,ml-100k/u.data,0,268,69590,0.9135093917946967,0.9491707402516188,189,1890,1890,1.0,0.9495650518727945,0.7434599468528094,0.7434599468528091
