Algorithm,DataSet,Partition,BuildTime,TestTime,RMSE.ByUser,RMSE.ByRating,NUsers,NAttempted,NGood,Coverage,nDCG,MAE.ByUser,MAE.ByRating
alg,ml-100k/u.data,3,268,66617,0.9000546262222195,0.9392825539352427,188,1880,1880,1.0,0.9513629743370883,0.7426290065696708,0.7426290065696713
alg,ml-100k/u.data,4,273,66958,0.8446514921960064,0.8831895194125781,188,1880,1880,1.0,0.9553019833180435,0.686502656342735,0.6865026563427349
alg,ml-100k/u.data,2,257,67290,0.9783221912027135,1.0241806296205038,189,1890,1890,1.0,0.9443860066589822,0.797964464829753,0.7979644648297527
alg,ml-100k/u.data,1,257,67296,0.9099503481722694,0.9450424061313881,189,1890,1890,1.0,0.9483084414901524,0.746786347192024,0.7467863471920242
alg,ml-100k/u.data,0,274,67286,0.9109479099992802,0.946521638670939,189,1890,1890,1.0,0.9502150461902111,0.7409542506424646,0.7409542506424642
