Algorithm,DataSet,Partition,BuildTime,TestTime,RMSE.ByUser,RMSE.ByRating,NUsers,NAttempted,NGood,Coverage,nDCG,MAE.ByUser,MAE.ByRating
alg,ml-100k/u.data,4,223,69261,0.8448189956548602,0.882658928257146,188,1880,1880,1.0,0.9548119044305242,0.6879002599698872,0.6879002599698868
alg,ml-100k/u.data,1,228,69549,0.9134954382876415,0.948853817295571,189,1890,1890,1.0,0.94888907743817,0.750268206364051,0.7502682063640513
alg,ml-100k/u.data,0,242,69564,0.9125482243053874,0.9481053850128724,189,1890,1890,1.0,0.9503471342333446,0.7412994368931843,0.7412994368931847
alg,ml-100k/u.data,2,251,69754,0.9770401297227137,1.022815035606277,189,1890,1890,1.0,0.9456866289162077,0.7970614974408822,0.7970614974408821
alg,ml-100k/u.data,3,241,70090,0.8996551764078535,0.9392440351905358,188,1880,1880,1.0,0.9516273907101679,0.7424549883273449,0.7424549883273446
