Algorithm,DataSet,Partition,BuildTime,TestTime,RMSE.ByUser,RMSE.ByRating,NUsers,NAttempted,NGood,Coverage,nDCG,MAE.ByUser,MAE.ByRating
alg,ml-100k/u.data,0,237,68585,0.9124271330808955,0.9479307417741049,189,1890,1890,1.0,0.950797054782076,0.7410676302022782,0.741067630202279
alg,ml-100k/u.data,1,247,68577,0.9133229125625631,0.9487812599522034,189,1890,1890,1.0,0.9486351098131488,0.7501003026426165,0.750100302642616
alg,ml-100k/u.data,2,230,68721,0.9767010489960294,1.0224818686438748,189,1890,1890,1.0,0.9457661730865601,0.796722739976818,0.7967227399768181
alg,ml-100k/u.data,3,241,68748,0.8996261766312881,0.9392100788505908,188,1880,1880,1.0,0.9518691484467073,0.7426201319146639,0.742620131914664
alg,ml-100k/u.data,4,249,68813,0.8450103725945712,0.8827696364852521,188,1880,1880,1.0,0.9551468664798789,0.6877940330503066,0.6877940330503064
