Algorithm,DataSet,Partition,BuildTime,TestTime,RMSE.ByUser,RMSE.ByRating,NUsers,NAttempted,NGood,Coverage,nDCG,MAE.ByUser,MAE.ByRating
alg,ml-100k/u.data,4,237,72959,0.8439882310075195,0.8816969935881832,188,1880,1880,1.0,0.9554965306994984,0.6858872663116354,0.6858872663116362
alg,ml-100k/u.data,1,218,73181,0.9110579296732539,0.9466764922565857,189,1890,1890,1.0,0.9488501561001631,0.7474286614761297,0.7474286614761297
alg,ml-100k/u.data,3,245,73280,0.8999451969230619,0.9391431511126516,188,1880,1880,1.0,0.9511030425656132,0.7408743789272981,0.7408743789272976
alg,ml-100k/u.data,0,252,73371,0.9081817652484554,0.9436573099569696,189,1890,1890,1.0,0.9520440158783168,0.7356981559501884,0.7356981559501876
alg,ml-100k/u.data,2,231,73540,0.9755932307789629,1.0214293235462228,189,1890,1890,1.0,0.945827637192523,0.7952120632167473,0.7952120632167472
