Algorithm,DataSet,Partition,BuildTime,TestTime,RMSE.ByUser,RMSE.ByRating,NUsers,NAttempted,NGood,Coverage,nDCG,MAE.ByUser,MAE.ByRating
alg,ml-100k/u.data,1,233,69562,0.9122743049887538,0.9475958716280338,189,1890,1890,1.0,0.9486243631341609,0.7490433111639417,0.7490433111639417
alg,ml-100k/u.data,0,246,69795,0.9125573531280811,0.9480288138612167,189,1890,1890,1.0,0.9512160811817456,0.7423170882436204,0.7423170882436204
alg,ml-100k/u.data,3,248,69906,0.9001415699995546,0.9396313743497441,188,1880,1880,1.0,0.9509960173816042,0.7426759177645831,0.7426759177645829
alg,ml-100k/u.data,2,229,69986,0.9779522761110051,1.0240142670253776,189,1890,1890,1.0,0.9447163205590726,0.7978967284263405,0.7978967284263407
alg,ml-100k/u.data,4,253,69992,0.8459139930731225,0.884113461430618,188,1880,1880,1.0,0.9548087895296133,0.6882206744081011,0.6882206744081011
