Algorithm,DataSet,Partition,BuildTime,TestTime,RMSE.ByUser,RMSE.ByRating,NUsers,NAttempted,NGood,Coverage,nDCG,MAE.ByUser,MAE.ByRating
alg,ml-100k/u.data,0,250,66559,0.9139934856065679,0.9497064187024672,189,1890,1890,1.0,0.9496200950622893,0.7439673680664621,0.7439673680664622
alg,ml-100k/u.data,4,284,66665,0.8469487323503269,0.8853855750257458,188,1880,1880,1.0,0.9538548944133115,0.6890699813584367,0.6890699813584361
alg,ml-100k/u.data,1,258,66834,0.911797123256531,0.9469060946348018,189,1890,1890,1.0,0.9490795838233228,0.7481271564712213,0.7481271564712222
alg,ml-100k/u.data,2,254,66853,0.9786752668452433,1.024809997461628,189,1890,1890,1.0,0.9444378497792211,0.7988544020641121,0.7988544020641134
alg,ml-100k/u.data,3,292,66828,0.9010474488707528,0.9404793594367586,188,1880,1880,1.0,0.9512455370367857,0.7441692102325731,0.7441692102325728
