threshold,RMSE.ByUser,RMSE.ByRating,MAE.ByUser,MAE.ByRating
0.1,0.909855250537,0.948415199809,0.741801741232,0.741801741232
