alpha,RMSE.ByUser,RMSE.ByRating,MAE.ByUser,MAE.ByRating
4.0,0.910410572628,0.949382988256,0.744713684719,0.744713684719
