threshold,RMSE.ByUser,RMSE.ByRating,MAE.ByUser,MAE.ByRating
0.1,0.90986348154,0.948535441134,0.741864554375,0.741864554375
