alpha,RMSE.ByUser,RMSE.ByRating,MAE.ByUser,MAE.ByRating
4.0,0.907901957563,0.946685686916,0.741766894316,0.741766894316
