alpha,RMSE.ByUser,RMSE.ByRating,MAE.ByUser,MAE.ByRating
4.0,0.909744251227,0.948622362855,0.744084502635,0.744084502635
