threshold,RMSE.ByUser,RMSE.ByRating,MAE.ByUser,MAE.ByRating
0.1,0.910736791158,0.949385759141,0.742649280676,0.742649280676
