threshold,RMSE.ByUser,RMSE.ByRating,MAE.ByUser,MAE.ByRating
0.1,0.91098358631,0.949664184762,0.742758101822,0.742758101822
