alpha,RMSE.ByUser,RMSE.ByRating,MAE.ByUser,MAE.ByRating
4.0,0.91041618026,0.949392818947,0.744775297864,0.744775297864
