threshold,RMSE.ByUser,RMSE.ByRating,MAE.ByUser,MAE.ByRating
0.1,0.910376053754,0.94899513352,0.742174404573,0.742174404573
