Algorithm,DataSet,Partition,BuildTime,TestTime,RMSE.ByUser,RMSE.ByRating,NUsers,NAttempted,NGood,Coverage,nDCG,MAE.ByUser,MAE.ByRating
alg,ml-100k/u.data,1,226,70165,0.9085461093711765,0.9445713952354716,189,1890,1890,1.0,0.9499109233576628,0.7471821273117683,0.7471821273117688
alg,ml-100k/u.data,4,242,70151,0.8439633695615006,0.88271631061466,188,1880,1880,1.0,0.956537420571543,0.6840133719072303,0.6840133719072302
alg,ml-100k/u.data,0,200,70220,0.9074236516216114,0.9435803749241728,189,1890,1890,1.0,0.9518761888920771,0.7357470975027118,0.7357470975027122
alg,ml-100k/u.data,3,233,70306,0.9000121169156224,0.9395095774636862,188,1880,1880,1.0,0.9524970228664122,0.741891680387636,0.7418916803876362
alg,ml-100k/u.data,2,243,70388,0.9751579290284949,1.0204863203524912,189,1890,1890,1.0,0.944949495759356,0.7946812557034785,0.7946812557034777
