Algorithm,DataSet,Partition,BuildTime,TestTime,RMSE.ByUser,RMSE.ByRating,NUsers,NAttempted,NGood,Coverage,nDCG,MAE.ByUser,MAE.ByRating
alg,ml-100k/u.data,1,253,88287,0.9092986617489683,0.9450463599911192,189,1890,1890,1.0,0.9489510979081,0.7462661195546515,0.7462661195546515
alg,ml-100k/u.data,2,234,88513,0.9758071612547606,1.0211338433461694,189,1890,1890,1.0,0.9446321879644983,0.794420973912117,0.7944209739121165
alg,ml-100k/u.data,0,235,88664,0.9071505341194189,0.942938713041181,189,1890,1890,1.0,0.9519073517720938,0.734270975481384,0.7342709754813835
alg,ml-100k/u.data,4,242,88681,0.8448678475366115,0.8833096140906613,188,1880,1880,1.0,0.9552421094780086,0.6848271773825444,0.6848271773825445
alg,ml-100k/u.data,3,225,88736,0.8995285647885044,0.9387677957983157,188,1880,1880,1.0,0.951665374613655,0.7407322116671149,0.7407322116671152
