Algorithm,DataSet,Partition,BuildTime,TestTime,RMSE.ByUser,RMSE.ByRating,NUsers,NAttempted,NGood,Coverage,nDCG,MAE.ByUser,MAE.ByRating
alg,ml-100k/u.data,1,245,68128,0.910141377300205,0.9459727497942696,189,1890,1890,1.0,0.9484938221211511,0.7471649352309461,0.747164935230946
alg,ml-100k/u.data,0,251,68153,0.9072889251582982,0.943068308179621,189,1890,1890,1.0,0.9518073957870405,0.7344040490612975,0.7344040490612973
alg,ml-100k/u.data,3,254,68405,0.8988951114439697,0.9380046507556838,188,1880,1880,1.0,0.9518971032640455,0.7397954278300954,0.7397954278300951
alg,ml-100k/u.data,4,263,68460,0.8446982173589721,0.8828121052264607,188,1880,1880,1.0,0.9553216363114894,0.6848705037060043,0.6848705037060037
alg,ml-100k/u.data,2,258,68529,0.9759777320098478,1.0211357799885612,189,1890,1890,1.0,0.9454275471471125,0.7945456220876433,0.7945456220876433
