Algorithm,DataSet,Partition,BuildTime,TestTime,RMSE.ByUser,RMSE.ByRating,NUsers,NAttempted,NGood,Coverage,nDCG,MAE.ByUser,MAE.ByRating
alg,ml-100k/u.data,1,274,92442,0.9155521738934826,0.9518719374128208,189,1890,1890,1.0,0.9490781399690817,0.7519168692500569,0.7519168692500571
alg,ml-100k/u.data,2,287,92444,0.9773459376054389,1.022240822409286,189,1890,1890,1.0,0.9432002157176957,0.7959883631446468,0.7959883631446466
alg,ml-100k/u.data,0,275,92476,0.9077902134042524,0.9429277278272438,189,1890,1890,1.0,0.9527185142354825,0.7352479022872163,0.7352479022872161
alg,ml-100k/u.data,4,280,92529,0.8485918600826123,0.8867301727658347,188,1880,1880,1.0,0.9553214943981169,0.6852589602928231,0.685258960292823
alg,ml-100k/u.data,3,283,92530,0.9040723579184243,0.9433389189482143,188,1880,1880,1.0,0.951365960571824,0.7428711799583915,0.742871179958391
