Algorithm,DataSet,Partition,BuildTime,TestTime,RMSE.ByUser,RMSE.ByRating,NUsers,NAttempted,NGood,Coverage,nDCG,MAE.ByUser,MAE.ByRating
alg,ml-100k/u.data,0,243,70001,0.9147205924392371,0.9513873952383,189,1890,1890,1.0,0.9510291369474446,0.7415916165827995,0.7415916165827995
alg,ml-100k/u.data,1,257,70109,0.9211291512934219,0.9586491788381512,189,1890,1890,1.0,0.9488417832081788,0.7578942243447446,0.7578942243447452
alg,ml-100k/u.data,4,263,70136,0.8545530916638686,0.8943898331003081,188,1880,1880,1.0,0.9546934835496557,0.6900047882675876,0.6900047882675876
alg,ml-100k/u.data,3,261,70171,0.9110710925130717,0.9503235033782717,188,1880,1880,1.0,0.9494301248093647,0.7501635530079851,0.7501635530079848
alg,ml-100k/u.data,2,265,70300,0.9789433752493618,1.0227723514891556,189,1890,1890,1.0,0.9439875320178531,0.7975559066136092,0.79755590661361
