Algorithm,DataSet,Partition,BuildTime,TestTime,RMSE.ByUser,RMSE.ByRating,NUsers,NAttempted,NGood,Coverage,nDCG,MAE.ByUser,MAE.ByRating
alg,ml-100k/u.data,3,288,76878,0.9118403698316213,0.9510307443447613,188,1880,1880,1.0,0.9497896021665009,0.750720737922195,0.7507207379221947
alg,ml-100k/u.data,4,271,77087,0.8558375191609279,0.895833232292861,188,1880,1880,1.0,0.9537756720291226,0.6910044548665683,0.6910044548665688
alg,ml-100k/u.data,1,244,77128,0.9226091889319527,0.9601914094155038,189,1890,1890,1.0,0.9476651122186545,0.7585698163448431,0.7585698163448433
alg,ml-100k/u.data,0,252,77265,0.9155177465245314,0.9521156565578189,189,1890,1890,1.0,0.9508305039248859,0.7425776672745412,0.7425776672745416
alg,ml-100k/u.data,2,270,77269,0.9800912485457778,1.0238808049460182,189,1890,1890,1.0,0.9432560999837952,0.7982794131240658,0.7982794131240667
