Algorithm,DataSet,Partition,BuildTime,TestTime,RMSE.ByUser,RMSE.ByRating,NUsers,NAttempted,NGood,Coverage,nDCG,MAE.ByUser,MAE.ByRating
alg,ml-100k/u.data,1,233,72342,0.9182177454438651,0.9549156746386965,189,1890,1890,1.0,0.9480822693862767,0.754841825588592,0.7548418255885913
alg,ml-100k/u.data,3,244,72471,0.904539958136861,0.9439435189391409,188,1880,1880,1.0,0.9511844231842674,0.7431261205086048,0.7431261205086052
alg,ml-100k/u.data,4,264,72587,0.8459892969901862,0.8833453789825219,188,1880,1880,1.0,0.9561130003155853,0.6850531947179537,0.6850531947179539
alg,ml-100k/u.data,2,255,72604,0.9780722938694817,1.0226961797023395,189,1890,1890,1.0,0.9445560181789395,0.796001475645989,0.7960014756459894
alg,ml-100k/u.data,0,221,72661,0.9080986371093831,0.943420171549766,189,1890,1890,1.0,0.9524531048577496,0.7347678926475107,0.7347678926475107
