Algorithm,DataSet,Partition,BuildTime,TestTime,RMSE.ByUser,RMSE.ByRating,NUsers,NAttempted,NGood,Coverage,nDCG,MAE.ByUser,MAE.ByRating
alg,ml-100k/u.data,3,256,67538,0.9003646830582007,0.9397571611090725,188,1880,1880,1.0,0.9522146653490373,0.7409592103385174,0.7409592103385176
alg,ml-100k/u.data,1,219,67618,0.9105312154912306,0.9463472737900841,189,1890,1890,1.0,0.949153567733584,0.7480076725314329,0.7480076725314327
alg,ml-100k/u.data,4,261,67579,0.8459678653403093,0.8844568760610368,188,1880,1880,1.0,0.9557761653756677,0.6842187005391882,0.6842187005391879
alg,ml-100k/u.data,2,219,67643,0.9749549343971039,1.020154894696189,189,1890,1890,1.0,0.9446707868167771,0.793956594343855,0.7939565943438556
alg,ml-100k/u.data,0,256,67811,0.9063746092753938,0.9424434211362392,189,1890,1890,1.0,0.9517354112702285,0.7347930265708582,0.7347930265708584
