Algorithm,DataSet,Partition,BuildTime,TestTime,RMSE.ByUser,RMSE.ByRating,NUsers,NAttempted,NGood,Coverage,nDCG,MAE.ByUser,MAE.ByRating
alg,ml-100k/u.data,4,260,85633,0.8441988101638889,0.8818930555057534,188,1880,1880,1.0,0.9550448774671114,0.6846359447323315,0.6846359447323315
alg,ml-100k/u.data,1,249,85796,0.9100895912645411,0.9459000323693776,189,1890,1890,1.0,0.9487001328786608,0.7475634793072768,0.7475634793072766
alg,ml-100k/u.data,2,247,85827,0.9761660706226123,1.0215449215709373,189,1890,1890,1.0,0.9457452106172431,0.7952332288809515,0.7952332288809518
alg,ml-100k/u.data,3,259,85928,0.8992856041015944,0.9380997103314378,188,1880,1880,1.0,0.9517766240462927,0.7403170778662421,0.7403170778662416
alg,ml-100k/u.data,0,260,86060,0.9076601307269019,0.94334212393935,189,1890,1890,1.0,0.9526905950964089,0.7347976217386826,0.7347976217386829
