Algorithm,DataSet,Partition,BuildTime,TestTime,RMSE.ByUser,RMSE.ByRating,NUsers,NAttempted,NGood,Coverage,nDCG,MAE.ByUser,MAE.ByRating
alg,ml-100k/u.data,1,205,82461,0.9099740744085661,0.945396337895699,189,1890,1890,1.0,0.948560505395553,0.7469588213459667,0.7469588213459669
alg,ml-100k/u.data,0,201,82480,0.9113146506797389,0.946953809796833,189,1890,1890,1.0,0.9499964440649018,0.7411218795456573,0.7411218795456569
alg,ml-100k/u.data,2,224,82621,0.9782477202375082,1.0239227009475291,189,1890,1890,1.0,0.9439199579130213,0.7983859319828165,0.7983859319828167
alg,ml-100k/u.data,4,234,82621,0.8466372217865391,0.8856176766821403,188,1880,1880,1.0,0.9539405317121353,0.688017571111413,0.6880175711114126
alg,ml-100k/u.data,3,232,82696,0.9011311080987132,0.9406887185694751,188,1880,1880,1.0,0.9510012684932189,0.7442811627345438,0.744281162734544
