Algorithm,DataSet,Partition,BuildTime,TestTime,RMSE.ByUser,RMSE.ByRating,NUsers,NAttempted,NGood,Coverage,nDCG,MAE.ByUser,MAE.ByRating
alg,ml-100k/u.data,1,262,70269,0.9094357115799915,0.9450955864050622,189,1890,1890,1.0,0.9485885511665811,0.7466583798528292,0.7466583798528297
alg,ml-100k/u.data,4,246,70377,0.844002858083509,0.881694562157199,188,1880,1880,1.0,0.9557019822853482,0.6841411418372912,0.6841411418372918
alg,ml-100k/u.data,2,246,70542,0.9756662101056462,1.021054635060574,189,1890,1890,1.0,0.9455832751219946,0.7948447155346188,0.794844715534619
alg,ml-100k/u.data,3,234,70676,0.8992303723170355,0.9382815903364136,188,1880,1880,1.0,0.9517772380114287,0.7402042103192756,0.7402042103192759
alg,ml-100k/u.data,0,239,70676,0.9070533823928133,0.9429160852529442,189,1890,1890,1.0,0.9528548411782012,0.7343761811029698,0.7343761811029698
