Algorithm,DataSet,Partition,BuildTime,TestTime,RMSE.ByUser,RMSE.ByRating,NUsers,NAttempted,NGood,Coverage,nDCG,MAE.ByUser,MAE.ByRating
alg,ml-100k/u.data,0,241,84874,0.9103433974961215,0.9460900095572364,189,1890,1890,1.0,0.9502083821204048,0.7399420235633775,0.7399420235633777
alg,ml-100k/u.data,1,228,84943,0.9090689973379891,0.9446500327006999,189,1890,1890,1.0,0.9485854364120364,0.7465401890977769,0.7465401890977775
alg,ml-100k/u.data,2,235,85073,0.9780055753607702,1.023779489466625,189,1890,1890,1.0,0.944612317478989,0.7980593633141895,0.7980593633141895
alg,ml-100k/u.data,4,239,85406,0.8458809563873744,0.8848376968341095,188,1880,1880,1.0,0.9548802421235343,0.6876230577018837,0.6876230577018838
alg,ml-100k/u.data,3,237,85801,0.9011998959590368,0.9407590785949428,188,1880,1880,1.0,0.9508253385222482,0.7438168015421791,0.7438168015421793
