Algorithm,DataSet,Partition,BuildTime,TestTime,RMSE.ByUser,RMSE.ByRating,NUsers,NAttempted,NGood,Coverage,nDCG,MAE.ByUser,MAE.ByRating
alg,ml-100k/u.data,1,258,88318,0.9170504986872908,0.954091595491055,189,1890,1890,1.0,0.9488238052483973,0.7536459316945512,0.7536459316945511
alg,ml-100k/u.data,0,248,88639,0.9107956878956005,0.9475035519322856,189,1890,1890,1.0,0.9525184426293197,0.738952704700692,0.7389527047006919
alg,ml-100k/u.data,4,249,88668,0.8516042531552179,0.8913624509179514,188,1880,1880,1.0,0.9545433733106867,0.6872246219219622,0.6872246219219615
alg,ml-100k/u.data,3,265,88691,0.9065536789165132,0.9461157180230964,188,1880,1880,1.0,0.9501356187608908,0.7470584180120003,0.7470584180120009
alg,ml-100k/u.data,2,253,88810,0.9760145670396153,1.0205389861629175,189,1890,1890,1.0,0.9447448653200579,0.7949142835691457,0.7949142835691452
