Algorithm,DataSet,Partition,BuildTime,TestTime,RMSE.ByUser,RMSE.ByRating,NUsers,NAttempted,NGood,Coverage,nDCG,MAE.ByUser,MAE.ByRating
alg,ml-100k/u.data,1,383,70341,0.9151976105199507,0.9510689840108063,189,1890,1890,1.0,0.9492056621299985,0.7524704323569561,0.7524704323569562
alg,ml-100k/u.data,4,426,70662,0.8461417272214823,0.8835910253757816,188,1880,1880,1.0,0.95640715856698,0.6851545596481168,0.6851545596481174
alg,ml-100k/u.data,2,421,70688,0.9768894982994493,1.0216746205641989,189,1890,1890,1.0,0.9442593075851351,0.7952895621311704,0.7952895621311709
alg,ml-100k/u.data,3,426,70741,0.9032026235937234,0.9424045025411711,188,1880,1880,1.0,0.9512779243396172,0.7419765816287932,0.7419765816287939
alg,ml-100k/u.data,0,364,71063,0.9078447930523157,0.9433368665507026,189,1890,1890,1.0,0.9521457110115922,0.7341175703940648,0.7341175703940648
