Algorithm,DataSet,Partition,BuildTime,TestTime,RMSE.ByUser,RMSE.ByRating,NUsers,NAttempted,NGood,Coverage,nDCG,MAE.ByUser,MAE.ByRating
alg,ml-100k/u.data,0,302,67951,0.9055027087997679,0.9414031110081633,189,1890,1890,1.0,0.9524833708025404,0.7333009483030731,0.7333009483030738
alg,ml-100k/u.data,4,312,67994,0.8445317216078508,0.8828501269938146,188,1880,1880,1.0,0.955683478722464,0.6837338533932671,0.6837338533932669
alg,ml-100k/u.data,1,330,68152,0.9107812880629464,0.9464345625085152,189,1890,1890,1.0,0.9486395040743005,0.7482307845915264,0.7482307845915266
alg,ml-100k/u.data,3,309,68218,0.9011137086882532,0.9403855611530674,188,1880,1880,1.0,0.9515774424772288,0.7410180558215871,0.7410180558215866
alg,ml-100k/u.data,2,312,68247,0.975375380242666,1.0205672617829689,189,1890,1890,1.0,0.9448132235625345,0.7940433306376886,0.7940433306376891
