Algorithm,DataSet,Partition,BuildTime,TestTime,RMSE.ByUser,RMSE.ByRating,NUsers,NAttempted,NGood,Coverage,nDCG,MAE.ByUser,MAE.ByRating
alg,ml-100k/u.data,1,271,70859,0.9185139120289695,0.9559595660081849,189,1890,1890,1.0,0.9488537733107281,0.7551266017167121,0.7551266017167124
alg,ml-100k/u.data,4,294,70910,0.852149449522484,0.8920203381794665,188,1880,1880,1.0,0.955028328428541,0.6883208857677386,0.6883208857677383
alg,ml-100k/u.data,3,277,71040,0.9074855635509427,0.9470489859490531,188,1880,1880,1.0,0.9505393048050321,0.7468836652576506,0.7468836652576517
alg,ml-100k/u.data,2,267,71065,0.9771214594061114,1.0213253988489326,189,1890,1890,1.0,0.9448072899116331,0.7965996200668687,0.7965996200668699
alg,ml-100k/u.data,0,265,71171,0.9126926337335898,0.9494042869900654,189,1890,1890,1.0,0.9522084514155463,0.7400383725063503,0.7400383725063502
