Algorithm,DataSet,Partition,BuildTime,TestTime,RMSE.ByUser,RMSE.ByRating,NUsers,NAttempted,NGood,Coverage,nDCG,MAE.ByUser,MAE.ByRating
alg,ml-100k/u.data,1,264,73487,0.9131602628245422,0.9492258330955501,189,1890,1890,1.0,0.9495764509457337,0.7505121159799499,0.7505121159799492
alg,ml-100k/u.data,0,264,73522,0.9065511756715408,0.9423405488273711,189,1890,1890,1.0,0.9532038347644232,0.7350909479276229,0.735090947927623
alg,ml-100k/u.data,3,270,73557,0.902325324325782,0.9414332148625557,188,1880,1880,1.0,0.9520640271585321,0.7420833396959517,0.7420833396959516
alg,ml-100k/u.data,2,244,73611,0.9760410105926248,1.0211541902710852,189,1890,1890,1.0,0.9456241425110669,0.7948075548761956,0.7948075548761958
alg,ml-100k/u.data,4,257,73842,0.8469080333230236,0.8852758981721479,188,1880,1880,1.0,0.9560327521732822,0.6842569332205537,0.6842569332205539
