Algorithm,DataSet,Partition,BuildTime,TestTime,RMSE.ByUser,RMSE.ByRating,NUsers,NAttempted,NGood,Coverage,nDCG,MAE.ByUser,MAE.ByRating
alg,ml-100k/u.data,1,281,90794,0.9078565700377588,0.9437410381564382,189,1890,1890,1.0,0.9488393032358724,0.7452106210680904,0.7452106210680913
alg,ml-100k/u.data,3,289,90925,0.9009584110497091,0.940493885679039,188,1880,1880,1.0,0.9519181466172538,0.7427490767119402,0.7427490767119396
alg,ml-100k/u.data,4,282,90964,0.8440711609373144,0.882960216538906,188,1880,1880,1.0,0.9552327685325076,0.6846009053698984,0.6846009053698989
alg,ml-100k/u.data,2,277,91119,0.9757685061492806,1.0214631381456003,189,1890,1890,1.0,0.9448116498043168,0.7953092214168141,0.7953092214168133
alg,ml-100k/u.data,0,241,91163,0.9073873885580233,0.9433115538179134,189,1890,1890,1.0,0.9513051649504765,0.7358445202296292,0.7358445202296287
