Algorithm,DataSet,Partition,BuildTime,TestTime,RMSE.ByUser,RMSE.ByRating,NUsers,NAttempted,NGood,Coverage,nDCG,MAE.ByUser,MAE.ByRating
alg,ml-100k/u.data,1,275,99469,0.9099178603181731,0.9462498853957129,189,1890,1890,1.0,0.9489180998702338,0.747309169064726,0.7473091690647261
alg,ml-100k/u.data,4,300,99629,0.8465550614088565,0.8863769192314453,188,1880,1880,1.0,0.9548145747741184,0.6846631027538078,0.6846631027538077
alg,ml-100k/u.data,0,267,99667,0.9068141610559858,0.9433481204059143,189,1890,1890,1.0,0.9521070109720958,0.73635806891784,0.73635806891784
alg,ml-100k/u.data,2,283,99711,0.9730295498249414,1.0180094752036382,189,1890,1890,1.0,0.9460344158169633,0.7930794606752668,0.7930794606752674
alg,ml-100k/u.data,3,294,99771,0.8992295754976817,0.9389456673557669,188,1880,1880,1.0,0.9526501011526521,0.7410408868342987,0.7410408868342989
