Algorithm,DataSet,Partition,BuildTime,TestTime,RMSE.ByUser,RMSE.ByRating,NUsers,NAttempted,NGood,Coverage,nDCG,MAE.ByUser,MAE.ByRating
alg,ml-100k/u.data,1,237,77577,0.9109870868266436,0.9468599851154657,189,1890,1890,1.0,0.9488685018541969,0.7483585903555985,0.7483585903555987
alg,ml-100k/u.data,4,235,77799,0.8443735401893198,0.882094717181651,188,1880,1880,1.0,0.9556507647088086,0.684320683830685,0.6843206838306856
alg,ml-100k/u.data,3,241,78194,0.8992637502208459,0.9381440159086324,188,1880,1880,1.0,0.9518452810977,0.7401574722881217,0.7401574722881216
alg,ml-100k/u.data,2,255,78219,0.9759238218735156,1.02144402040413,189,1890,1890,1.0,0.94527876267646,0.7950345628253207,0.7950345628253203
alg,ml-100k/u.data,0,231,78359,0.9076245314687498,0.943287829763501,189,1890,1890,1.0,0.9525154881579382,0.7347878505791897,0.7347878505791895
