Algorithm,DataSet,Partition,BuildTime,TestTime,RMSE.ByUser,RMSE.ByRating,NUsers,NAttempted,NGood,Coverage,nDCG,MAE.ByUser,MAE.ByRating
alg,ml-100k/u.data,1,242,67129,0.9089323284138461,0.9445808193917468,189,1890,1890,1.0,0.9488456772779812,0.7463720021788162,0.7463720021788158
alg,ml-100k/u.data,4,232,67418,0.8449693567497304,0.8840744835921903,188,1880,1880,1.0,0.9549111200597318,0.6861684207653308,0.6861684207653305
alg,ml-100k/u.data,3,240,67439,0.9006853695099198,0.9402281197963974,188,1880,1880,1.0,0.9511867311673772,0.7432703354124632,0.7432703354124641
alg,ml-100k/u.data,0,227,67507,0.9093531075545773,0.945249288279792,189,1890,1890,1.0,0.9517934749680028,0.7374224564207598,0.73742245642076
alg,ml-100k/u.data,2,240,67642,0.9762689991538338,1.0216672002334257,189,1890,1890,1.0,0.9444963106445884,0.7957066969564602,0.7957066969564596
