Algorithm,DataSet,Partition,BuildTime,TestTime,RMSE.ByUser,RMSE.ByRating,NUsers,NAttempted,NGood,Coverage,nDCG,MAE.ByUser,MAE.ByRating
alg,ml-100k/u.data,0,243,72162,0.9086047629639482,0.9435362867997594,189,1890,1890,1.0,0.9529451763802262,0.7362309221117584,0.7362309221117588
alg,ml-100k/u.data,4,247,72206,0.8483178462354901,0.8864609487752292,188,1880,1880,1.0,0.9556352211344807,0.6852339905134508,0.6852339905134504
alg,ml-100k/u.data,2,246,72273,0.9773838089145178,1.0221843375522206,189,1890,1890,1.0,0.9433114631874491,0.7958790319468239,0.7958790319468236
alg,ml-100k/u.data,3,251,72318,0.9049699839708994,0.9442184798715927,188,1880,1880,1.0,0.9518099676691254,0.7434700174454325,0.7434700174454324
alg,ml-100k/u.data,1,249,72538,0.9165172035785523,0.9530167911482575,189,1890,1890,1.0,0.9489997566188707,0.7529293805820138,0.7529293805820138
