Algorithm,DataSet,Partition,BuildTime,TestTime,RMSE.ByUser,RMSE.ByRating,NUsers,NAttempted,NGood,Coverage,nDCG,MAE.ByUser,MAE.ByRating
alg,ml-100k/u.data,1,212,78995,0.909796228010337,0.9455870107536487,189,1890,1890,1.0,0.9496143059971985,0.7472954590168285,0.7472954590168291
alg,ml-100k/u.data,4,269,79029,0.8444395442515484,0.8831455715346798,188,1880,1880,1.0,0.9566451444870024,0.6836438775842326,0.6836438775842323
alg,ml-100k/u.data,2,225,79130,0.9744888544096688,1.019810543986222,189,1890,1890,1.0,0.9456503970209349,0.793805842767258,0.7938058427672581
alg,ml-100k/u.data,0,209,79221,0.9062163899583783,0.9423846396697281,189,1890,1890,1.0,0.9519390465343002,0.7349573368271632,0.7349573368271635
alg,ml-100k/u.data,3,220,79273,0.898468171954379,0.9380185231862488,188,1880,1880,1.0,0.953159820321388,0.7400225019991158,0.7400225019991155
