Algorithm,DataSet,Partition,BuildTime,TestTime,RMSE.ByUser,RMSE.ByRating,NUsers,NAttempted,NGood,Coverage,nDCG,MAE.ByUser,MAE.ByRating
alg,ml-100k/u.data,1,330,72476,0.9108525333318418,0.9459190467982931,189,1890,1890,1.0,0.9488659404447637,0.7475903283666598,0.7475903283666601
alg,ml-100k/u.data,2,302,72520,0.9786219112572467,1.0246635663576404,189,1890,1890,1.0,0.9440274838011536,0.7983777712376097,0.7983777712376092
alg,ml-100k/u.data,3,332,72639,0.9004130380286565,0.9396652235047769,188,1880,1880,1.0,0.9513159014882712,0.7434807856948629,0.743480785694863
alg,ml-100k/u.data,0,323,73093,0.9126245628490226,0.9482127907123721,189,1890,1890,1.0,0.9498326335660041,0.7426823630252709,0.7426823630252709
alg,ml-100k/u.data,4,349,73233,0.8462092106690845,0.8846511869023197,188,1880,1880,1.0,0.9542546952484974,0.6882912648490485,0.6882912648490485
