Algorithm,DataSet,Partition,BuildTime,TestTime,RMSE.ByUser,RMSE.ByRating,NUsers,NAttempted,NGood,Coverage,nDCG,MAE.ByUser,MAE.ByRating
alg,ml-100k/u.data,0,251,87787,0.9076745355096709,0.9442720409703976,189,1890,1890,1.0,0.952773456431467,0.7368128701299699,0.7368128701299701
alg,ml-100k/u.data,2,260,87797,0.972858027546623,1.0177198610657257,189,1890,1890,1.0,0.9468312002735028,0.7929788830478584,0.792978883047859
alg,ml-100k/u.data,4,265,87796,0.8491930191913521,0.8888468437918158,188,1880,1880,1.0,0.9551210257511553,0.6861691609651385,0.686169160965138
alg,ml-100k/u.data,1,265,87895,0.9108893414027908,0.9472166494216688,189,1890,1890,1.0,0.9500950160709284,0.7473745480101626,0.7473745480101625
alg,ml-100k/u.data,3,254,88121,0.8999437236044826,0.939392548089402,188,1880,1880,1.0,0.9523903743380819,0.7417217777680173,0.7417217777680171
