Algorithm,DataSet,Partition,BuildTime,TestTime,RMSE.ByUser,RMSE.ByRating,NUsers,NAttempted,NGood,Coverage,nDCG,MAE.ByUser,MAE.ByRating
alg,ml-100k/u.data,2,270,70377,0.9760061795906824,1.0211988793930362,189,1890,1890,1.0,0.9454634813475016,0.7949283761542543,0.7949283761542552
alg,ml-100k/u.data,4,262,70541,0.8445076049056657,0.8826492144789874,188,1880,1880,1.0,0.9555316790440597,0.6839856255713512,0.6839856255713516
alg,ml-100k/u.data,3,248,70640,0.900318492761322,0.9391916851499117,188,1880,1880,1.0,0.9517084564876696,0.7409359288276349,0.7409359288276359
alg,ml-100k/u.data,1,245,70976,0.9112528547000046,0.9472769560851235,189,1890,1890,1.0,0.9481068351722652,0.749153753156836,0.7491537531568361
alg,ml-100k/u.data,0,257,71304,0.9075214345458842,0.9429934725237906,189,1890,1890,1.0,0.9532800148869703,0.7345132238904647,0.7345132238904646
