Algorithm,DataSet,Partition,BuildTime,TestTime,RMSE.ByUser,RMSE.ByRating,NUsers,NAttempted,NGood,Coverage,nDCG,MAE.ByUser,MAE.ByRating
alg,ml-100k/u.data,1,260,70199,0.9141861646877907,0.9502057403362819,189,1890,1890,1.0,0.9486450694460606,0.7515342469764408,0.7515342469764408
alg,ml-100k/u.data,4,274,70462,0.8458040498419593,0.883066011972485,188,1880,1880,1.0,0.9563482936724039,0.684525346709022,0.6845253467090225
alg,ml-100k/u.data,3,270,70568,0.9030207358647702,0.9421452428339623,188,1880,1880,1.0,0.9518619231625075,0.7418938566338594,0.7418938566338598
alg,ml-100k/u.data,2,254,70744,0.9769726090149305,1.0220224176603436,189,1890,1890,1.0,0.94462695121132,0.7953869086758024,0.7953869086758024
alg,ml-100k/u.data,0,252,70794,0.9076594319177612,0.9433961990430817,189,1890,1890,1.0,0.9524587865056927,0.7344877452831695,0.7344877452831688
