Algorithm,DataSet,Partition,BuildTime,TestTime,RMSE.ByUser,RMSE.ByRating,NUsers,NAttempted,NGood,Coverage,nDCG,MAE.ByUser,MAE.ByRating
alg,ml-100k/u.data,3,260,74666,0.9025886122676074,0.9415656170101895,188,1880,1880,1.0,0.9519558098796462,0.7422539080190602,0.7422539080190598
alg,ml-100k/u.data,0,243,74712,0.9073418844414697,0.9430321791898898,189,1890,1890,1.0,0.9527609818453695,0.7343406487211809,0.7343406487211812
alg,ml-100k/u.data,1,244,74736,0.9124271071756781,0.9482826674562653,189,1890,1890,1.0,0.9490108402651709,0.7501479929097665,0.7501479929097657
alg,ml-100k/u.data,2,263,74961,0.9759369895196213,1.0209764174595044,189,1890,1890,1.0,0.9457232810541045,0.7947447115252123,0.7947447115252126
alg,ml-100k/u.data,4,285,75158,0.8450240429343912,0.8829256252953006,188,1880,1880,1.0,0.9556944251135436,0.6835409657383053,0.6835409657383054
