Algorithm,DataSet,Partition,BuildTime,TestTime,RMSE.ByUser,RMSE.ByRating,NUsers,NAttempted,NGood,Coverage,nDCG,MAE.ByUser,MAE.ByRating
alg,ml-100k/u.data,0,231,69904,0.9087896685680741,0.9448846890293447,189,1890,1890,1.0,0.9519790229551851,0.7366878061032642,0.7366878061032645
alg,ml-100k/u.data,2,239,69955,0.9755226268076452,1.0209894348082846,189,1890,1890,1.0,0.9456201252509804,0.794065132752574,0.7940651327525748
alg,ml-100k/u.data,1,234,70224,0.9084407632960615,0.9441672761160295,189,1890,1890,1.0,0.9487808293452702,0.7455021204024298,0.7455021204024291
alg,ml-100k/u.data,3,245,70426,0.8999263590451309,0.9384765583040023,188,1880,1880,1.0,0.9513527225563437,0.7410101655657374,0.7410101655657373
alg,ml-100k/u.data,4,244,70535,0.8441973150345193,0.882600578738034,188,1880,1880,1.0,0.9559018495405612,0.6844913675506052,0.6844913675506055
