Algorithm,DataSet,Partition,BuildTime,TestTime,RMSE.ByUser,RMSE.ByRating,NUsers,NAttempted,NGood,Coverage,nDCG,MAE.ByUser,MAE.ByRating
alg,ml-100k/u.data,1,252,86090,0.9110324826761388,0.9468961908378928,189,1890,1890,1.0,0.9481900718559001,0.7487032607018397,0.7487032607018398
alg,ml-100k/u.data,0,258,86219,0.9063776334003496,0.942152181408164,189,1890,1890,1.0,0.9530010284230419,0.7339500083871063,0.7339500083871062
alg,ml-100k/u.data,3,263,86224,0.9014345471941755,0.9404949570798119,188,1880,1880,1.0,0.9507861873365716,0.7409693486417858,0.7409693486417861
alg,ml-100k/u.data,2,251,86305,0.9757865281273951,1.020978097278886,189,1890,1890,1.0,0.9450064980840109,0.7944236298788336,0.7944236298788341
alg,ml-100k/u.data,4,257,86342,0.8449254399139063,0.8830993134742103,188,1880,1880,1.0,0.9558123401260391,0.6836519979173015,0.683651997917301
