Algorithm,DataSet,Partition,BuildTime,TestTime,RMSE.ByUser,RMSE.ByRating,NUsers,NAttempted,NGood,Coverage,nDCG,MAE.ByUser,MAE.ByRating
alg,ml-100k/u.data,1,249,75137,0.9189560666822574,0.9564569150848607,189,1890,1890,1.0,0.9487917140993228,0.7559130397153514,0.7559130397153523
alg,ml-100k/u.data,0,252,75174,0.9138170930621579,0.9504217058472402,189,1890,1890,1.0,0.9509152126222327,0.7405781765679866,0.740578176567987
alg,ml-100k/u.data,2,257,75171,0.978339334712275,1.0223599690028804,189,1890,1890,1.0,0.9438984543108065,0.7971381167095953,0.7971381167095956
alg,ml-100k/u.data,3,274,75240,0.908825657450465,0.9482646437657419,188,1880,1880,1.0,0.949648761885461,0.7482045321154346,0.7482045321154349
alg,ml-100k/u.data,4,263,75595,0.8537695749879283,0.8935941564104574,188,1880,1880,1.0,0.9551416758342278,0.68927426939974,0.6892742693997399
