Algorithm,DataSet,Partition,BuildTime,TestTime,RMSE.ByUser,RMSE.ByRating,NUsers,NAttempted,NGood,Coverage,nDCG,MAE.ByUser,MAE.ByRating
alg,ml-100k/u.data,1,226,67922,0.9112541681281824,0.9471425812025251,189,1890,1890,1.0,0.9487506014923606,0.7485620877798801,0.7485620877798809
alg,ml-100k/u.data,3,286,67869,0.8991249572654538,0.938147072297827,188,1880,1880,1.0,0.9511605865370445,0.7400168623392352,0.740016862339236
alg,ml-100k/u.data,4,230,67969,0.8440311715022701,0.881675678583656,188,1880,1880,1.0,0.9557343824301575,0.6840563011820994,0.6840563011820989
alg,ml-100k/u.data,2,217,68010,0.975690440095379,1.0211892116983614,189,1890,1890,1.0,0.9447124444250209,0.7947349884009806,0.7947349884009803
alg,ml-100k/u.data,0,239,68125,0.9078496088978216,0.9435173398292465,189,1890,1890,1.0,0.9520021379817483,0.734964674567962,0.7349646745679618
