Algorithm,DataSet,Partition,BuildTime,TestTime,RMSE.ByUser,RMSE.ByRating,NUsers,NAttempted,NGood,Coverage,nDCG,MAE.ByUser,MAE.ByRating
alg,ml-100k/u.data,4,240,68571,0.8453943992535337,0.8844349477371066,188,1880,1880,1.0,0.9549035834170722,0.6868397582035695,0.6868397582035691
alg,ml-100k/u.data,0,232,68690,0.909471601868628,0.9454139729122722,189,1890,1890,1.0,0.9512248530142856,0.7389128178288202,0.7389128178288192
alg,ml-100k/u.data,2,229,68779,0.977345759443525,1.0228676447142824,189,1890,1890,1.0,0.9436383097242578,0.7966172599591566,0.7966172599591568
alg,ml-100k/u.data,1,240,68854,0.908616966684139,0.9441874687378549,189,1890,1890,1.0,0.9490382502016768,0.7457294798165437,0.7457294798165436
alg,ml-100k/u.data,3,254,68867,0.8998974141773431,0.9390827338801212,188,1880,1880,1.0,0.9509092865116042,0.7424941471325005,0.7424941471325013
