Algorithm,DataSet,Partition,BuildTime,TestTime,RMSE.ByUser,RMSE.ByRating,NUsers,NAttempted,NGood,Coverage,nDCG,MAE.ByUser,MAE.ByRating
alg,ml-100k/u.data,1,234,67736,0.911617515046412,0.9474208555549368,189,1890,1890,1.0,0.9495737961807371,0.7489164326398474,0.7489164326398482
alg,ml-100k/u.data,2,233,67854,0.975467793847068,1.0207078724225689,189,1890,1890,1.0,0.9446746050257218,0.7946372206609918,0.7946372206609917
alg,ml-100k/u.data,4,265,67910,0.8467589849794719,0.8851969455401796,188,1880,1880,1.0,0.9567198690953768,0.684741187215556,0.6847411872155551
alg,ml-100k/u.data,0,240,67970,0.9065135217166603,0.9423814316207484,189,1890,1890,1.0,0.9518824052799566,0.7348048211536834,0.734804821153684
alg,ml-100k/u.data,3,244,68011,0.9022911065212242,0.9415123454315876,188,1880,1880,1.0,0.9523191970476168,0.7420429590684146,0.7420429590684156
