Algorithm,DataSet,Partition,BuildTime,TestTime,RMSE.ByUser,RMSE.ByRating,NUsers,NAttempted,NGood,Coverage,nDCG,MAE.ByUser,MAE.ByRating
alg,ml-100k/u.data,1,228,71666,0.9100623000408018,0.945305211435143,189,1890,1890,1.0,0.948719327029026,0.7470457366314626,0.7470457366314635
alg,ml-100k/u.data,2,233,71892,0.9791027032701063,1.024878594638033,189,1890,1890,1.0,0.944002126861318,0.7989303724776032,0.7989303724776037
alg,ml-100k/u.data,3,254,71955,0.9009633369569714,0.9404438156623954,188,1880,1880,1.0,0.9515606399973294,0.7435670920159769,0.7435670920159773
alg,ml-100k/u.data,0,216,72203,0.9121348909606993,0.9478123563076609,189,1890,1890,1.0,0.9497927499446649,0.7420989040926584,0.7420989040926578
alg,ml-100k/u.data,4,239,72299,0.847029884436466,0.8858804370853508,188,1880,1880,1.0,0.9542510373706945,0.6888202469372869,0.688820246937287
