Algorithm,DataSet,Partition,BuildTime,TestTime,RMSE.ByUser,RMSE.ByRating,NUsers,NAttempted,NGood,Coverage,nDCG,MAE.ByUser,MAE.ByRating
alg,ml-100k/u.data,0,263,77398,0.9135430071524855,0.9492622715628523,189,1890,1890,1.0,0.9494165290228141,0.7434701507870286,0.7434701507870286
alg,ml-100k/u.data,1,267,77506,0.9116032187941061,0.946876573575698,189,1890,1890,1.0,0.9489170934463584,0.7480734803397364,0.748073480339736
alg,ml-100k/u.data,4,273,77533,0.8469628950992351,0.8854309324959726,188,1880,1880,1.0,0.9538400338508085,0.6890272339736235,0.6890272339736235
alg,ml-100k/u.data,2,270,77627,0.9791694112792283,1.0251934352708558,189,1890,1890,1.0,0.9441152193553695,0.7993515469531215,0.7993515469531216
alg,ml-100k/u.data,3,282,77662,0.9008023689728416,0.9402008818296974,188,1880,1880,1.0,0.9518322265219055,0.743954077268042,0.743954077268042
