Algorithm,DataSet,Partition,BuildTime,TestTime,RMSE.ByUser,RMSE.ByRating,NUsers,NAttempted,NGood,Coverage,nDCG,MAE.ByUser,MAE.ByRating
alg,ml-100k/u.data,3,261,95843,0.9025148603483031,0.9416838067075098,188,1880,1880,1.0,0.9517656713430064,0.7419557766317322,0.7419557766317314
alg,ml-100k/u.data,0,251,96005,0.9078114656253206,0.9435832901636194,189,1890,1890,1.0,0.9524834249794984,0.7346044391158963,0.7346044391158955
alg,ml-100k/u.data,1,252,96041,0.9139030743058768,0.9497934996211508,189,1890,1890,1.0,0.9485601490896143,0.7514230677340012,0.7514230677340012
alg,ml-100k/u.data,4,275,96086,0.8456518737934965,0.8831285002926909,188,1880,1880,1.0,0.9558031091395776,0.6841785546402539,0.6841785546402539
alg,ml-100k/u.data,2,266,96187,0.9769912354683004,1.0220738872595097,189,1890,1890,1.0,0.9451802695379107,0.7954770080296043,0.795477008029605
