Algorithm,DataSet,Partition,BuildTime,TestTime,RMSE.ByUser,RMSE.ByRating,NUsers,NAttempted,NGood,Coverage,nDCG,MAE.ByUser,MAE.ByRating
alg,ml-100k/u.data,1,254,71526,0.916858888051949,0.9533731495896342,189,1890,1890,1.0,0.9485696320267317,0.7540075308477955,0.7540075308477958
alg,ml-100k/u.data,2,274,71684,0.9777102760678396,1.0224017071230076,189,1890,1890,1.0,0.94411417046338,0.7956128695674008,0.7956128695674014
alg,ml-100k/u.data,4,281,71782,0.8461575882892092,0.8834701744825059,188,1880,1880,1.0,0.9564363111428157,0.685168562285396,0.685168562285396
alg,ml-100k/u.data,3,273,71910,0.903430540347301,0.9425945235407301,188,1880,1880,1.0,0.9513744000700921,0.7419072707727558,0.7419072707727555
alg,ml-100k/u.data,0,228,72057,0.9077229760133962,0.9431361128631401,189,1890,1890,1.0,0.9521609114142958,0.734175789393596,0.7341757893935958
