Algorithm,DataSet,Partition,BuildTime,TestTime,RMSE.ByUser,RMSE.ByRating,NUsers,NAttempted,NGood,Coverage,nDCG,MAE.ByUser,MAE.ByRating
alg,ml-100k/u.data,1,254,88945,0.9104552837247695,0.9463923979056984,189,1890,1890,1.0,0.948513936212751,0.748023410884261,0.7480234108842615
alg,ml-100k/u.data,0,233,89213,0.9072059652577785,0.9428176249986839,189,1890,1890,1.0,0.9529622000742846,0.7343601609742352,0.7343601609742354
alg,ml-100k/u.data,3,232,89361,0.8999225633958274,0.938801084293478,188,1880,1880,1.0,0.9518273268683779,0.7411154638184618,0.7411154638184616
alg,ml-100k/u.data,2,252,89352,0.9764226585128838,1.02153173816243,189,1890,1890,1.0,0.9448852855247634,0.7949166201345153,0.794916620134515
alg,ml-100k/u.data,4,254,89420,0.8447062032798718,0.8827641538343334,188,1880,1880,1.0,0.9550908402123567,0.684266647122713,0.6842666471227132
