Algorithm,DataSet,Partition,BuildTime,TestTime,RMSE.ByUser,RMSE.ByRating,NUsers,NAttempted,NGood,Coverage,nDCG,MAE.ByUser,MAE.ByRating
alg,ml-100k/u.data,1,231,76771,0.9082547056477092,0.9444396022911895,189,1890,1890,1.0,0.9490981485421616,0.7465438791545113,0.7465438791545116
alg,ml-100k/u.data,0,243,76892,0.9073907613501888,0.9433949728592451,189,1890,1890,1.0,0.9507461100698844,0.7385010990681731,0.7385010990681733
alg,ml-100k/u.data,4,246,76940,0.8451727999831634,0.8841619050248,188,1880,1880,1.0,0.9542147249728768,0.6853168759808529,0.6853168759808527
alg,ml-100k/u.data,2,232,77022,0.9748016017991197,1.0203923333236196,189,1890,1890,1.0,0.9445191545532163,0.7953895128452011,0.7953895128452014
alg,ml-100k/u.data,3,241,77095,0.8999442256843864,0.9394399596926697,188,1880,1880,1.0,0.9517940370882861,0.742888344630571,0.7428883446305709
