Algorithm,DataSet,Partition,BuildTime,TestTime,RMSE.ByUser,RMSE.ByRating,NUsers,NAttempted,NGood,Coverage,nDCG,MAE.ByUser,MAE.ByRating
alg,ml-100k/u.data,1,221,67051,0.9084736934119801,0.9443028916691126,189,1890,1890,1.0,0.9491491999219313,0.7456481921610061,0.7456481921610058
alg,ml-100k/u.data,2,227,67278,0.9756328278510291,1.0212182323211705,189,1890,1890,1.0,0.9447743033610619,0.7941683830467645,0.7941683830467647
alg,ml-100k/u.data,0,257,67390,0.9086025706365348,0.9445683995433308,189,1890,1890,1.0,0.952504453394201,0.7373112144369577,0.7373112144369575
alg,ml-100k/u.data,3,247,67402,0.8999833045533039,0.9386314165175034,188,1880,1880,1.0,0.9510289863608684,0.7417288108973452,0.7417288108973447
alg,ml-100k/u.data,4,239,67423,0.8441063845515612,0.8827066689314422,188,1880,1880,1.0,0.9554352240903173,0.6847279597792071,0.6847279597792065
