Algorithm,DataSet,Partition,BuildTime,TestTime,RMSE.ByUser,RMSE.ByRating,NUsers,NAttempted,NGood,Coverage,nDCG,MAE.ByUser,MAE.ByRating
alg,ml-100k/u.data,4,297,72502,0.8439192845639102,0.8819617029882585,188,1880,1880,1.0,0.9559423672556694,0.6840555001804486,0.6840555001804484
alg,ml-100k/u.data,1,293,72655,0.9083221056720299,0.9441732707435407,189,1890,1890,1.0,0.9485073340530076,0.7454121781359456,0.7454121781359463
alg,ml-100k/u.data,0,264,72769,0.9078347830287603,0.9437331396105357,189,1890,1890,1.0,0.9524727964383423,0.7351454599966557,0.7351454599966563
alg,ml-100k/u.data,2,282,72955,0.9757572162197324,1.0212564911243334,189,1890,1890,1.0,0.9450615364795745,0.7943949862616978,0.7943949862616975
alg,ml-100k/u.data,3,291,72957,0.8993452894143598,0.938184003042854,188,1880,1880,1.0,0.951422118500772,0.7405530215335656,0.7405530215335658
