Algorithm,DataSet,Partition,BuildTime,TestTime,RMSE.ByUser,RMSE.ByRating,NUsers,NAttempted,NGood,Coverage,nDCG,MAE.ByUser,MAE.ByRating
alg,ml-100k/u.data,3,297,73430,0.899457126086257,0.9384396694166705,188,1880,1880,1.0,0.9520528491839868,0.7399260773022577,0.739926077302258
alg,ml-100k/u.data,0,289,73570,0.907502247460493,0.9431233605062941,189,1890,1890,1.0,0.9532774922312895,0.7342902980484092,0.7342902980484094
alg,ml-100k/u.data,1,292,73667,0.91186506524308,0.9480542855047902,189,1890,1890,1.0,0.9483081002656154,0.7496976248642971,0.7496976248642977
alg,ml-100k/u.data,4,298,73688,0.8451081612387595,0.8831723455450563,188,1880,1880,1.0,0.9562436724285376,0.6840400706152715,0.6840400706152717
alg,ml-100k/u.data,2,291,73872,0.9768484867748983,1.0220059743296206,189,1890,1890,1.0,0.9451755132881346,0.7959454063810777,0.7959454063810784
