Algorithm,DataSet,Partition,BuildTime,TestTime,RMSE.ByUser,RMSE.ByRating,NUsers,NAttempted,NGood,Coverage,nDCG,MAE.ByUser,MAE.ByRating
alg,ml-100k/u.data,4,278,91940,0.8444794436082044,0.8827491596089965,188,1880,1880,1.0,0.9556545465389551,0.684417914287222,0.6844179142872222
alg,ml-100k/u.data,1,255,92159,0.9082806283984117,0.9440365063046194,189,1890,1890,1.0,0.9493827886365032,0.7453380297904852,0.7453380297904857
alg,ml-100k/u.data,2,273,92161,0.9758826125230172,1.0216190237425915,189,1890,1890,1.0,0.9448858777830367,0.7945436357502266,0.794543635750227
alg,ml-100k/u.data,0,259,92176,0.9082099099802707,0.9443420008090211,189,1890,1890,1.0,0.9519602120371112,0.735796285011859,0.7357962850118591
alg,ml-100k/u.data,3,271,92257,0.8995019355437296,0.9382924705582397,188,1880,1880,1.0,0.9511561171238855,0.7405920014581582,0.7405920014581586
