Algorithm,DataSet,Partition,BuildTime,TestTime,RMSE.ByUser,RMSE.ByRating,NUsers,NAttempted,NGood,Coverage,nDCG,MAE.ByUser,MAE.ByRating
alg,ml-100k/u.data,1,288,72663,0.9174141319776625,0.9540976535205543,189,1890,1890,1.0,0.9488900620459173,0.7546335881456544,0.7546335881456542
alg,ml-100k/u.data,4,307,72663,0.8462310948026767,0.8834547386693903,188,1880,1880,1.0,0.9560718288701998,0.6853307509402369,0.6853307509402374
alg,ml-100k/u.data,0,264,72819,0.9078937504879133,0.9432097241805293,189,1890,1890,1.0,0.9523572879063691,0.7343119841191686,0.7343119841191683
alg,ml-100k/u.data,3,280,72962,0.904680167955881,0.9441417985500973,188,1880,1880,1.0,0.9511065154646363,0.7433173649803264,0.7433173649803264
alg,ml-100k/u.data,2,292,72963,0.9774648105646198,1.0220248807840018,189,1890,1890,1.0,0.944301790245559,0.795652715194631,0.7956527151946318
