Algorithm,DataSet,Partition,BuildTime,TestTime,RMSE.ByUser,RMSE.ByRating,NUsers,NAttempted,NGood,Coverage,nDCG,MAE.ByUser,MAE.ByRating
alg,ml-100k/u.data,4,248,70890,0.8442414249320294,0.8823852488298966,188,1880,1880,1.0,0.9556435547339197,0.684254517475201,0.6842545174752006
alg,ml-100k/u.data,1,259,71041,0.9108413094259854,0.9466864875969038,189,1890,1890,1.0,0.9480996062210476,0.7478253504534522,0.747825350453452
alg,ml-100k/u.data,2,256,71171,0.9766687723737086,1.021914864505001,189,1890,1890,1.0,0.9453531658342172,0.7950068965126955,0.795006896512695
alg,ml-100k/u.data,3,247,71215,0.8996673230735126,0.9385250864608844,188,1880,1880,1.0,0.9516128673928663,0.7407042714122162,0.7407042714122162
alg,ml-100k/u.data,0,259,71238,0.907162171322082,0.9428094798376253,189,1890,1890,1.0,0.95263168829297,0.7342408041497289,0.7342408041497286
