Algorithm,DataSet,Partition,BuildTime,TestTime,RMSE.ByUser,RMSE.ByRating,NUsers,NAttempted,NGood,Coverage,nDCG,MAE.ByUser,MAE.ByRating
alg,ml-100k/u.data,1,238,85504,0.9088375766210336,0.9443388496269619,189,1890,1890,1.0,0.949669890786733,0.7460969986998449,0.7460969986998446
alg,ml-100k/u.data,0,240,85543,0.9063888841203028,0.9423072051102666,189,1890,1890,1.0,0.9522847934888327,0.7346931102092835,0.7346931102092833
alg,ml-100k/u.data,4,228,85600,0.8434725167333799,0.8822613808495965,188,1880,1880,1.0,0.9552305617856831,0.6841145065708161,0.6841145065708154
alg,ml-100k/u.data,3,246,85750,0.8999499260589323,0.9391527433417789,188,1880,1880,1.0,0.9519143893989612,0.7416155540500083,0.741615554050008
alg,ml-100k/u.data,2,236,85955,0.9742481939809183,1.0199434677840535,189,1890,1890,1.0,0.9455173753628406,0.7934256785646218,0.7934256785646215
