Algorithm,DataSet,Partition,BuildTime,TestTime,RMSE.ByUser,RMSE.ByRating,NUsers,NAttempted,NGood,Coverage,nDCG,MAE.ByUser,MAE.ByRating
alg,ml-100k/u.data,4,244,67711,0.8439028723624135,0.8826550058269598,188,1880,1880,1.0,0.9553092205552465,0.6840319613180867,0.6840319613180866
alg,ml-100k/u.data,3,249,67841,0.8999619232209974,0.9390493089403301,188,1880,1880,1.0,0.9512950388715365,0.7415539109184303,0.7415539109184301
alg,ml-100k/u.data,1,250,68172,0.9089738635684418,0.944620667534674,189,1890,1890,1.0,0.9489195084525075,0.745641073752154,0.7456410737521542
alg,ml-100k/u.data,2,235,68217,0.9750917848599827,1.0205635982584382,189,1890,1890,1.0,0.9452619824609412,0.7939264218767857,0.7939264218767856
alg,ml-100k/u.data,0,267,68324,0.9073805628321364,0.9432753191305662,189,1890,1890,1.0,0.9525052333206129,0.7351809767553805,0.7351809767553804
