Algorithm,DataSet,Partition,BuildTime,TestTime,RMSE.ByUser,RMSE.ByRating,NUsers,NAttempted,NGood,Coverage,nDCG,MAE.ByUser,MAE.ByRating
alg,ml-100k/u.data,1,1017,71483,0.9097737913544233,0.9454414903760027,189,1890,1890,1.0,0.9488104082067633,0.7469392230491203,0.7469392230491205
alg,ml-100k/u.data,2,1013,71678,0.9749980884744244,1.0204636519308135,189,1890,1890,1.0,0.9457972859743522,0.7939078581241392,0.793907858124139
alg,ml-100k/u.data,0,1023,71836,0.9053648411656742,0.9413686123843436,189,1890,1890,1.0,0.9516691116759645,0.7331389039545028,0.7331389039545038
alg,ml-100k/u.data,3,1019,71881,0.9000941202583215,0.939503484570835,188,1880,1880,1.0,0.9519827737711046,0.740661240057886,0.7406612400578861
alg,ml-100k/u.data,4,1019,71965,0.844336567002884,0.882761581047642,188,1880,1880,1.0,0.9553901682107191,0.6838747513821013,0.683874751382101
