Algorithm,DataSet,Partition,BuildTime,TestTime,RMSE.ByUser,RMSE.ByRating,NUsers,NAttempted,NGood,Coverage,nDCG,MAE.ByUser,MAE.ByRating
alg,ml-100k/u.data,4,274,78172,0.8439580045668286,0.8819459972761647,188,1880,1880,1.0,0.9556334380004358,0.6839893156608989,0.6839893156608992
alg,ml-100k/u.data,1,237,78324,0.9093203588607465,0.9450337625151278,189,1890,1890,1.0,0.948184652325681,0.7463522902076068,0.7463522902076077
alg,ml-100k/u.data,2,258,78465,0.9762482141691661,1.021669773004963,189,1890,1890,1.0,0.9452200656671801,0.7949604896442379,0.7949604896442375
alg,ml-100k/u.data,0,253,78601,0.9075664296700735,0.9435100139309176,189,1890,1890,1.0,0.9527862550392739,0.734766324435019,0.7347663244350192
alg,ml-100k/u.data,3,267,78600,0.899457461069776,0.9383513559962058,188,1880,1880,1.0,0.9513543155586768,0.7405995983835237,0.740599598383524
