Algorithm,DataSet,Partition,BuildTime,TestTime,RMSE.ByUser,RMSE.ByRating,NUsers,NAttempted,NGood,Coverage,nDCG,MAE.ByUser,MAE.ByRating
alg,ml-100k/u.data,2,241,79781,0.980682312193564,1.0245294093261101,189,1890,1890,1.0,0.9441901092465121,0.798601372537405,0.7986013725374052
alg,ml-100k/u.data,1,234,79994,0.923425093972101,0.9612475789096981,189,1890,1890,1.0,0.9483393141778296,0.759672490644282,0.7596724906442818
alg,ml-100k/u.data,4,258,79999,0.8562568616328724,0.8960210466908889,188,1880,1880,1.0,0.9541418842950384,0.6914921636720187,0.6914921636720193
alg,ml-100k/u.data,0,255,80065,0.916757483115714,0.95314667180306,189,1890,1890,1.0,0.9503323957613462,0.7437761643391473,0.7437761643391471
alg,ml-100k/u.data,3,277,80258,0.9132615495099324,0.9524049483885233,188,1880,1880,1.0,0.949999050377681,0.7521085804064231,0.7521085804064226
