Algorithm,DataSet,Partition,BuildTime,TestTime,RMSE.ByUser,RMSE.ByRating,NUsers,NAttempted,NGood,Coverage,nDCG,MAE.ByUser,MAE.ByRating
alg,ml-100k/u.data,1,278,71220,0.9240061324336071,0.9618237568945273,189,1890,1890,1.0,0.9487289360402458,0.760276971717845,0.7602769717178446
alg,ml-100k/u.data,4,239,71386,0.8571062384231855,0.8967460735138871,188,1880,1880,1.0,0.9534077714609899,0.6923948680839226,0.6923948680839227
alg,ml-100k/u.data,2,248,71490,0.9806243098867072,1.02432124646758,189,1890,1890,1.0,0.9435123376918241,0.7987273169133433,0.7987273169133434
alg,ml-100k/u.data,3,277,71472,0.9148250708473841,0.9539877702683583,188,1880,1880,1.0,0.9497038642626392,0.7535682653210151,0.7535682653210152
alg,ml-100k/u.data,0,247,71655,0.9183368210265211,0.954392775273817,189,1890,1890,1.0,0.9502896276106889,0.7448364821362644,0.7448364821362653
