Algorithm,DataSet,Partition,BuildTime,TestTime,RMSE.ByUser,RMSE.ByRating,NUsers,NAttempted,NGood,Coverage,nDCG,MAE.ByUser,MAE.ByRating
alg,ml-100k/u.data,1,275,86615,0.9142974284096463,0.9505479194496759,189,1890,1890,1.0,0.949320433588236,0.7509197479769402,0.7509197479769412
alg,ml-100k/u.data,0,255,86683,0.9071323131097317,0.9425915631981672,189,1890,1890,1.0,0.9531636318743341,0.7350287142868099,0.7350287142868102
alg,ml-100k/u.data,4,263,86750,0.8473055863218515,0.8854392982283473,188,1880,1880,1.0,0.9559597366828317,0.6843014169424126,0.6843014169424123
alg,ml-100k/u.data,3,255,86933,0.9034966779971444,0.9425219976965798,188,1880,1880,1.0,0.9514595080820275,0.7424487070690206,0.7424487070690209
alg,ml-100k/u.data,2,280,87007,0.9762218443442793,1.0213706481975386,189,1890,1890,1.0,0.9445949517626776,0.795173611346338,0.7951736113463378
