Algorithm,DataSet,Partition,BuildTime,TestTime,RMSE.ByUser,RMSE.ByRating,NUsers,NAttempted,NGood,Coverage,nDCG,MAE.ByUser,MAE.ByRating
alg,ml-100k/u.data,2,235,67992,0.9767682598617513,1.0218852192275754,189,1890,1890,1.0,0.9444170693779081,0.7954983584981239,0.7954983584981234
alg,ml-100k/u.data,4,249,68111,0.8459871204120843,0.8833175130697029,188,1880,1880,1.0,0.9558525197966525,0.6848111697105017,0.6848111697105019
alg,ml-100k/u.data,1,237,68126,0.9147558440030656,0.9507699625688483,189,1890,1890,1.0,0.9491050240965399,0.752036279220601,0.752036279220601
alg,ml-100k/u.data,3,236,68259,0.9034920090660562,0.9426038902385457,188,1880,1880,1.0,0.9515076137842366,0.7425991273373641,0.7425991273373641
alg,ml-100k/u.data,0,237,68257,0.9073065106783268,0.9431833373250349,189,1890,1890,1.0,0.9519408210135543,0.7339459204357187,0.7339459204357189
