Algorithm,DataSet,Partition,BuildTime,TestTime,RMSE.ByUser,RMSE.ByRating,NUsers,NAttempted,NGood,Coverage,nDCG,MAE.ByUser,MAE.ByRating
alg,ml-100k/u.data,1,237,66366,0.9081793104234773,0.943856132943422,189,1890,1890,1.0,0.948974593867963,0.7453027065798482,0.7453027065798484
alg,ml-100k/u.data,3,240,66700,0.8996687419850351,0.9385202539092371,188,1880,1880,1.0,0.9505819949279374,0.7419610911997785,0.7419610911997783
alg,ml-100k/u.data,4,239,66762,0.8451323611362971,0.8838648653046313,188,1880,1880,1.0,0.9550105661440218,0.6859958324864878,0.6859958324864879
alg,ml-100k/u.data,0,238,66960,0.9082746969839387,0.9444534738503441,189,1890,1890,1.0,0.951242085593441,0.7373065689805092,0.7373065689805093
alg,ml-100k/u.data,2,222,67156,0.9761338505411495,1.0217302302151505,189,1890,1890,1.0,0.9448444102053336,0.7954089053565195,0.7954089053565199
