Algorithm,DataSet,Partition,BuildTime,TestTime,RMSE.ByUser,RMSE.ByRating,NUsers,NAttempted,NGood,Coverage,nDCG,MAE.ByUser,MAE.ByRating
alg,ml-100k/u.data,1,1000,72806,0.9151157971763806,0.9510992239880196,189,1890,1890,1.0,0.9490009019556694,0.7522386710652869,0.7522386710652872
alg,ml-100k/u.data,0,1010,72913,0.9075717021402364,0.9431965947827411,189,1890,1890,1.0,0.9520356671326534,0.7339846079913663,0.7339846079913664
alg,ml-100k/u.data,3,1004,73053,0.9035826188151298,0.9428096508611828,188,1880,1880,1.0,0.9516981712403706,0.7429037031685823,0.7429037031685823
alg,ml-100k/u.data,2,1010,73062,0.9768778749667211,1.0218405348172803,189,1890,1890,1.0,0.944038983867863,0.7951991454154758,0.795199145415476
alg,ml-100k/u.data,4,1004,73223,0.8461694146005305,0.883731201220296,188,1880,1880,1.0,0.956278570372086,0.6849966442335735,0.6849966442335733
