Algorithm,DataSet,Partition,BuildTime,TestTime,RMSE.ByUser,RMSE.ByRating,NUsers,NAttempted,NGood,Coverage,nDCG,MAE.ByUser,MAE.ByRating
alg,ml-100k/u.data,4,252,74127,0.844190555442652,0.883068561018223,188,1880,1880,1.0,0.9553743980168522,0.685059597965642,0.6850595979656418
alg,ml-100k/u.data,1,245,74276,0.9081826500550298,0.943860483631106,189,1890,1890,1.0,0.9488651594047223,0.7459090290676185,0.7459090290676185
alg,ml-100k/u.data,3,263,74285,0.9007962902672483,0.940505111497272,188,1880,1880,1.0,0.9505950339783691,0.7436536134690038,0.7436536134690042
alg,ml-100k/u.data,0,288,74375,0.909689049108832,0.9455245246176551,189,1890,1890,1.0,0.9510201027793737,0.7396812065210854,0.7396812065210848
alg,ml-100k/u.data,2,253,74533,0.9770952630652063,1.0228473856198275,189,1890,1890,1.0,0.9442822865267809,0.797315935340652,0.797315935340652
