Algorithm,DataSet,Partition,BuildTime,TestTime,RMSE.ByUser,RMSE.ByRating,NUsers,NAttempted,NGood,Coverage,nDCG,MAE.ByUser,MAE.ByRating
alg,ml-100k/u.data,4,246,67448,0.8502763297401923,0.88969958184718,188,1880,1880,1.0,0.9545183569059571,0.6859401940506511,0.6859401940506514
alg,ml-100k/u.data,2,219,67577,0.9733456901297266,1.0183665256642198,189,1890,1890,1.0,0.9451995995514628,0.7927666872719918,0.7927666872719921
alg,ml-100k/u.data,3,213,67828,0.9025733885910452,0.9419440971620263,188,1880,1880,1.0,0.9512086152341025,0.7439909212714995,0.7439909212714991
alg,ml-100k/u.data,1,235,67810,0.9135418832448858,0.9500792476879341,189,1890,1890,1.0,0.9486282167652919,0.7499959735148838,0.7499959735148826
alg,ml-100k/u.data,0,203,67862,0.9088061184943916,0.9454452341240498,189,1890,1890,1.0,0.9528243156799813,0.7375472824405066,0.7375472824405065
