Algorithm,DataSet,Partition,BuildTime,TestTime,RMSE.ByUser,RMSE.ByRating,NUsers,NAttempted,NGood,Coverage,nDCG,MAE.ByUser,MAE.ByRating
alg,ml-100k/u.data,3,248,70565,0.9027398871776995,0.9417081211658652,188,1880,1880,1.0,0.9514847622803745,0.7417092870218143,0.741709287021814
alg,ml-100k/u.data,1,241,70632,0.9136146812411909,0.9499153605866466,189,1890,1890,1.0,0.949412801798465,0.7502301390953213,0.7502301390953211
alg,ml-100k/u.data,0,233,70668,0.9069677513165455,0.942586360838811,189,1890,1890,1.0,0.9535501255360306,0.7352905817517724,0.7352905817517719
alg,ml-100k/u.data,2,257,70754,0.9762753343476562,1.0214741526646476,189,1890,1890,1.0,0.9443368444020509,0.7949733216893622,0.7949733216893615
alg,ml-100k/u.data,4,256,70772,0.8467639514362951,0.8850264515470067,188,1880,1880,1.0,0.9557546669915279,0.6840644200283474,0.6840644200283474
