Algorithm,DataSet,Partition,BuildTime,TestTime,RMSE.ByUser,RMSE.ByRating,NUsers,NAttempted,NGood,Coverage,nDCG,MAE.ByUser,MAE.ByRating
alg,ml-100k/u.data,1,244,104336,0.9136791400363217,0.9495384331104675,189,1890,1890,1.0,0.9491193972331602,0.7512921955262724,0.7512921955262722
alg,ml-100k/u.data,3,265,104628,0.9022464672575204,0.9412014135482843,188,1880,1880,1.0,0.9519120408524834,0.7417737513835051,0.7417737513835058
alg,ml-100k/u.data,0,247,104721,0.9078886996626894,0.9435303058398895,189,1890,1890,1.0,0.9527327228222765,0.7346368572083424,0.7346368572083423
alg,ml-100k/u.data,2,260,104835,0.9771131883714521,1.0221704991812504,189,1890,1890,1.0,0.9445658921982284,0.7955243547153071,0.795524354715307
alg,ml-100k/u.data,4,262,104880,0.8456316057247566,0.8831456926115644,188,1880,1880,1.0,0.9552904968324336,0.6841671620181101,0.6841671620181101
