Algorithm,DataSet,Partition,BuildTime,TestTime,RMSE.ByUser,RMSE.ByRating,NUsers,NAttempted,NGood,Coverage,nDCG,MAE.ByUser,MAE.ByRating
alg,ml-100k/u.data,4,258,92065,0.8448313249385673,0.8828480256583973,188,1880,1880,1.0,0.9555570282456861,0.6840370328543343,0.6840370328543345
alg,ml-100k/u.data,0,248,92264,0.9075529939222503,0.9430203289438706,189,1890,1890,1.0,0.9537291163954903,0.7344659588446242,0.7344659588446241
alg,ml-100k/u.data,1,258,92333,0.9115705399047017,0.9478464135832936,189,1890,1890,1.0,0.9485639903094765,0.7491686368617028,0.7491686368617027
alg,ml-100k/u.data,2,271,92496,0.9766737767425496,1.021964375691838,189,1890,1890,1.0,0.9451053187914052,0.795489837152884,0.7954898371528837
alg,ml-100k/u.data,3,253,92618,0.9003715863817973,0.9393021444429878,188,1880,1880,1.0,0.9522013191628298,0.7407262024195084,0.7407262024195088
