Algorithm,DataSet,Partition,BuildTime,TestTime,RMSE.ByUser,RMSE.ByRating,NUsers,NAttempted,NGood,Coverage,nDCG,MAE.ByUser,MAE.ByRating
alg,ml-100k/u.data,4,258,70428,0.8448017564635745,0.8828848576315516,188,1880,1880,1.0,0.9558249596319282,0.68357634283522,0.68357634283522
alg,ml-100k/u.data,1,246,70550,0.911709760695636,0.9475893825834292,189,1890,1890,1.0,0.9492132587094029,0.749303918695737,0.7493039186957371
alg,ml-100k/u.data,2,265,70709,0.9758529288440946,1.0210344808815965,189,1890,1890,1.0,0.9459969410376062,0.7946343473471114,0.7946343473471115
alg,ml-100k/u.data,3,269,70718,0.901515656270781,0.940633710639829,188,1880,1880,1.0,0.9514149226473176,0.7412892740791857,0.7412892740791859
alg,ml-100k/u.data,0,254,70816,0.9069231364836152,0.9426558214095868,189,1890,1890,1.0,0.9530983381596768,0.7340913778570439,0.734091377857044
