Algorithm,DataSet,Partition,BuildTime,TestTime,RMSE.ByUser,RMSE.ByRating,NUsers,NAttempted,NGood,Coverage,nDCG,MAE.ByUser,MAE.ByRating
alg,ml-100k/u.data,2,258,79885,0.9773804005161418,1.0220708030076406,189,1890,1890,1.0,0.9431544599083488,0.7959817202674354,0.795981720267435
alg,ml-100k/u.data,0,239,80005,0.9088083795715887,0.9438236943369523,189,1890,1890,1.0,0.9533614492591602,0.7367507314643322,0.7367507314643326
alg,ml-100k/u.data,3,242,80200,0.9052330996944399,0.9445624109579085,188,1880,1880,1.0,0.9515731349016413,0.7438088156126635,0.7438088156126637
alg,ml-100k/u.data,1,235,80529,0.9177522465597586,0.9543460459754365,189,1890,1890,1.0,0.9488426791958459,0.7543870827202942,0.7543870827202941
alg,ml-100k/u.data,4,283,80820,0.8489481356416395,0.8869922714196626,188,1880,1880,1.0,0.95521906250876,0.6857031405377583,0.6857031405377586
