Algorithm,DataSet,Partition,BuildTime,TestTime,RMSE.ByUser,RMSE.ByRating,NUsers,NAttempted,NGood,Coverage,nDCG,MAE.ByUser,MAE.ByRating
alg,ml-100k/u.data,4,247,99725,0.8506449888455554,0.8903742404806965,188,1880,1880,1.0,0.9556631041067143,0.6862382270232698,0.686238227023269
alg,ml-100k/u.data,1,227,99749,0.9152848139982616,0.9522198589330747,189,1890,1890,1.0,0.9493883368366308,0.7518306044779935,0.7518306044779939
alg,ml-100k/u.data,2,260,99754,0.9737468252062327,1.0185352361588074,189,1890,1890,1.0,0.9449609243483746,0.7931450201489987,0.7931450201489979
alg,ml-100k/u.data,0,236,99941,0.9094844248071045,0.9461333115185937,189,1890,1890,1.0,0.9533805984126548,0.7376011637403797,0.7376011637403797
alg,ml-100k/u.data,3,255,99933,0.9042176703606887,0.9436512461501614,188,1880,1880,1.0,0.9503908937671586,0.7456968686152219,0.7456968686152221
