Algorithm,DataSet,Partition,BuildTime,TestTime,RMSE.ByUser,RMSE.ByRating,NUsers,NAttempted,NGood,Coverage,nDCG,MAE.ByUser,MAE.ByRating
alg,ml-100k/u.data,2,223,98892,0.975602638002513,1.0209989288088746,189,1890,1890,1.0,0.9449685154328097,0.7948529752502266,0.7948529752502264
alg,ml-100k/u.data,3,228,98955,0.9001977165444559,0.9390586224375372,188,1880,1880,1.0,0.9518738596054682,0.742327693069562,0.742327693069562
alg,ml-100k/u.data,1,219,99065,0.9084074026981388,0.9441149664062624,189,1890,1890,1.0,0.9487260017607235,0.745535004061039,0.7455350040610386
alg,ml-100k/u.data,0,236,99174,0.9079471526608726,0.9438248602912555,189,1890,1890,1.0,0.9520004744582643,0.7361382713757086,0.7361382713757082
alg,ml-100k/u.data,4,244,99239,0.8440290466958833,0.882928166826644,188,1880,1880,1.0,0.9547218534235279,0.6846791570458597,0.6846791570458599
