alpha,RMSE.ByUser,RMSE.ByRating,MAE.ByUser,MAE.ByRating
3.0,0.901368836202,0.940520457891,0.735433507777,0.735433507777
4.0,0.900586250157,0.939726996768,0.734664682976,0.734664682976
5.0,0.90000649356,0.939147835923,0.734375442773,0.734375442773
6.0,0.900013547602,0.9390185979,0.734510818987,0.734510818987
7.0,0.899868207046,0.938887079588,0.734460777855,0.734460777855
8.0,0.899987496189,0.939047051865,0.73449681904,0.73449681904
9.0,0.900605989417,0.939631290648,0.734985252694,0.734985252694
10.0,0.901274483297,0.940166925866,0.735224403941,0.735224403941
