alpha,RMSE.ByUser,RMSE.ByRating,MAE.ByUser,MAE.ByRating
3.0,0.901383611173,0.940424629165,0.735251734594,0.735251734594
4.0,0.901381008168,0.940263517784,0.735342795713,0.735342795713
5.0,0.901856489355,0.940667860236,0.735741348877,0.735741348877
6.0,0.902465928891,0.941214315977,0.736502622053,0.736502622053
7.0,0.903322739103,0.942219206118,0.737195122399,0.737195122399
8.0,0.904709362135,0.943635960674,0.738410628219,0.738410628219
9.0,0.906152122086,0.945155177359,0.73940101599,0.73940101599
10.0,0.907374473611,0.946411174192,0.740310985353,0.740310985353
