alpha,RMSE.ByUser,RMSE.ByRating,MAE.ByUser,MAE.ByRating
3.0,0.901711278559,0.940975872097,0.735723331362,0.735723331362
4.0,0.901088476702,0.940306054269,0.735202364301,0.735202364301
5.0,0.900330913674,0.939578550588,0.734688541635,0.734688541635
6.0,0.900509165729,0.939624017312,0.734847546709,0.734847546709
7.0,0.900230066473,0.939304521409,0.734761974891,0.734761974891
8.0,0.900265174407,0.939376490877,0.734691179694,0.734691179694
9.0,0.900967061183,0.940066585659,0.735209821444,0.735209821444
10.0,0.901434510242,0.940483880944,0.73538425668,0.73538425668
