alpha,RMSE.ByUser,RMSE.ByRating,MAE.ByUser,MAE.ByRating
3.0,0.902494932958,0.941810977728,0.736453517929,0.736453517929
4.0,0.901794154169,0.941109963233,0.735806443175,0.735806443175
5.0,0.901243865056,0.940562544667,0.735359717649,0.735359717649
6.0,0.901024690693,0.940235570929,0.735213782826,0.735213782826
7.0,0.90065594416,0.939799854522,0.73502800156,0.73502800156
8.0,0.900739013669,0.939931674962,0.735012932625,0.735012932625
9.0,0.901036809624,0.940246524238,0.735222055239,0.735222055239
10.0,0.901564220584,0.94073388401,0.735453309231,0.735453309231
