alpha,RMSE.ByUser,RMSE.ByRating,MAE.ByUser,MAE.ByRating
3.0,0.902239292873,0.941530791605,0.736107076054,0.736107076054
4.0,0.901514420819,0.940839736862,0.735532137053,0.735532137053
5.0,0.900915655991,0.940202692379,0.735078715738,0.735078715738
6.0,0.900677876414,0.939828733104,0.734982827972,0.734982827972
7.0,0.90051943443,0.93961045988,0.73490911243,0.73490911243
8.0,0.900581284898,0.939694363302,0.734880458928,0.734880458928
9.0,0.900861164192,0.940020219956,0.735070054366,0.735070054366
10.0,0.901464395149,0.940586986415,0.735376242227,0.735376242227
