alpha,RMSE.ByUser,RMSE.ByRating,MAE.ByUser,MAE.ByRating
3.0,0.902470057637,0.941831737408,0.73642429757,0.73642429757
4.0,0.905197860423,0.944517151921,0.738924767353,0.738924767353
5.0,0.908116816283,0.947505037837,0.741625021799,0.741625021799
6.0,0.910948000254,0.950453771505,0.744219828683,0.744219828683
7.0,0.913844533832,0.953463647705,0.746841991171,0.746841991171
8.0,0.916800979491,0.956508001216,0.749623746211,0.749623746211
9.0,0.919399519017,0.959210878967,0.752052243221,0.752052243221
10.0,0.921847292392,0.961810827557,0.754363194309,0.754363194309
