threshold,RMSE.ByUser,RMSE.ByRating,MAE.ByUser,MAE.ByRating
0.1,0.910948000254,0.950453771505,0.744219828683,0.744219828683
0.2,0.902465928891,0.941214315977,0.736502622053,0.736502622053
0.3,0.900294917887,0.939223126358,0.7347297856,0.7347297856
0.4,0.900013547602,0.9390185979,0.734510818987,0.734510818987
0.5,0.900509165729,0.939624017312,0.734847546709,0.734847546709
0.6,0.900677876414,0.939828733104,0.734982827972,0.734982827972
0.7,0.901024690693,0.940235570929,0.735213782826,0.735213782826
0.8,0.901068398069,0.940279779437,0.735229897366,0.735229897366
