alpha,RMSE.ByUser,RMSE.ByRating,MAE.ByUser,MAE.ByRating
3.0,0.901257303484,0.940362325437,0.735260736613,0.735260736613
4.0,0.900855568183,0.939913405397,0.734969352567,0.734969352567
5.0,0.900532458274,0.939481406157,0.734899459104,0.734899459104
6.0,0.900294917887,0.939223126358,0.7347297856,0.7347297856
7.0,0.900814319194,0.939651248447,0.735227724778,0.735227724778
8.0,0.901458051489,0.940343792671,0.735801306909,0.735801306909
9.0,0.902013031512,0.94094625705,0.736220051828,0.736220051828
10.0,0.902882102632,0.941684277424,0.736641594009,0.736641594009
