alpha,RMSE.ByUser,RMSE.ByRating,MAE.ByUser,MAE.ByRating
3.0,0.902650399337,0.941975444113,0.736534441527,0.736534441527
4.0,0.901929826944,0.941250403092,0.736014991754,0.736014991754
5.0,0.901458179563,0.940790856877,0.735586939084,0.735586939084
6.0,0.901068398069,0.940279779437,0.735229897366,0.735229897366
7.0,0.900767110596,0.93991957164,0.735100138056,0.735100138056
8.0,0.900754963217,0.939967315574,0.735063991523,0.735063991523
9.0,0.90102372286,0.940248459074,0.735232369716,0.735232369716
10.0,0.901618226026,0.940766614358,0.735515399986,0.735515399986
