Algorithm,DataSet,Partition,BuildTime,TestTime,RMSE.ByUser,RMSE.ByRating,NUsers,NAttempted,NGood,Coverage,nDCG,MAE.ByUser,MAE.ByRating
alg,ml-100k/u.data,4,48048,146,0.8487024987494963,0.8878319442706507,188,1880,1880,1.0,0.9562349700750237,0.6874237567337298,0.6874237567337299
alg,ml-100k/u.data,1,48229,119,0.8997806954807386,0.9353555211623246,189,1890,1890,1.0,0.9494397812138587,0.7391881456389389,0.7391881456389383
alg,ml-100k/u.data,0,48251,125,0.8937848495417308,0.9303738318136636,189,1890,1890,1.0,0.9541389844433514,0.7257123746883993,0.7257123746883997
alg,ml-100k/u.data,2,48287,117,0.9681233279630368,1.0117799628221458,189,1890,1890,1.0,0.9451690688403214,0.7899175372361403,0.7899175372361403
alg,ml-100k/u.data,3,48307,116,0.8944439341807182,0.9349916682263115,188,1880,1880,1.0,0.9532576188578629,0.7338072929232438,0.7338072929232438
