Algorithm,DataSet,Partition,BuildTime,TestTime,RMSE.ByUser,RMSE.ByRating,NUsers,NAttempted,NGood,Coverage,nDCG,MAE.ByUser,MAE.ByRating
alg,ml-100k/u.data,3,43198,133,0.8941054569101893,0.934418995347043,188,1880,1880,1.0,0.952726912948613,0.7341829586414543,0.7341829586414549
alg,ml-100k/u.data,2,43202,151,0.9689775439175125,1.0135974935638863,189,1890,1890,1.0,0.9460832184068683,0.7899855010844993,0.7899855010844987
alg,ml-100k/u.data,0,43295,135,0.8937194747978959,0.9303621229461538,189,1890,1890,1.0,0.9533486421689437,0.7258962879530935,0.7258962879530936
alg,ml-100k/u.data,4,43365,113,0.847703241001342,0.886736786260837,188,1880,1880,1.0,0.9563108481223548,0.6874017457787897,0.6874017457787903
alg,ml-100k/u.data,1,43429,115,0.9006177368403107,0.936062456524973,189,1890,1890,1.0,0.950206240490756,0.7386024206736529,0.7386024206736528
