Algorithm,DataSet,Partition,BuildTime,TestTime,RMSE.ByUser,RMSE.ByRating,NUsers,NAttempted,NGood,Coverage,nDCG,MAE.ByUser,MAE.ByRating
alg,ml-100k/u.data,2,43560,150,0.9717570333323905,1.0166701534756257,189,1890,1890,1.0,0.9456380406341491,0.7919266053309774,0.7919266053309773
alg,ml-100k/u.data,3,43594,145,0.8939892424067428,0.9341928392258264,188,1880,1880,1.0,0.9537329566951003,0.7346162623417448,0.7346162623417448
alg,ml-100k/u.data,4,43742,113,0.8469704140512098,0.8859312212768734,188,1880,1880,1.0,0.9566873718300383,0.6867669596824263,0.6867669596824267
alg,ml-100k/u.data,1,43741,116,0.900009583460068,0.9352867109334507,189,1890,1890,1.0,0.9515003286118048,0.7377910597833108,0.7377910597833108
alg,ml-100k/u.data,0,43844,112,0.8958301195464852,0.9327984355711589,189,1890,1890,1.0,0.9531993524629094,0.7275157696723749,0.7275157696723747
