Algorithm,DataSet,Partition,BuildTime,TestTime,RMSE.ByUser,RMSE.ByRating,NUsers,NAttempted,NGood,Coverage,nDCG,MAE.ByUser,MAE.ByRating
alg,ml-100k/u.data,4,43482,148,0.8492654838291496,0.8881902442890871,188,1880,1880,1.0,0.9566228323387713,0.6885346714519655,0.6885346714519656
alg,ml-100k/u.data,1,43532,170,0.8991194268488052,0.9337817889723851,189,1890,1890,1.0,0.9508440449423786,0.7391951595664074,0.7391951595664076
alg,ml-100k/u.data,3,43704,127,0.8952042967324385,0.9353786033130937,188,1880,1880,1.0,0.9520100950965489,0.7340461223224768,0.7340461223224762
alg,ml-100k/u.data,2,43701,131,0.9688624577664496,1.0119658239793032,189,1890,1890,1.0,0.9448160734012865,0.7906487304813418,0.790648730481341
alg,ml-100k/u.data,0,43733,124,0.8948385922678398,0.9324025028018373,189,1890,1890,1.0,0.9546640656957192,0.726581850722516,0.7265818507225167
