Algorithm,DataSet,Partition,BuildTime,TestTime,RMSE.ByUser,RMSE.ByRating,NUsers,NAttempted,NGood,Coverage,nDCG,MAE.ByUser,MAE.ByRating
alg,ml-100k/u.data,4,44084,153,0.8482344855636378,0.8874085121975713,188,1880,1880,1.0,0.9563307838501198,0.6868184072506663,0.686818407250666
alg,ml-100k/u.data,1,44229,136,0.8999242950382436,0.9356802304911916,189,1890,1890,1.0,0.9490786307959803,0.7392170783643027,0.7392170783643027
alg,ml-100k/u.data,2,44244,143,0.967729784505655,1.0115303864770846,189,1890,1890,1.0,0.9454876498470497,0.7896818092516362,0.7896818092516358
alg,ml-100k/u.data,3,44299,141,0.8945982111970971,0.9350934790689972,188,1880,1880,1.0,0.9542959534389248,0.7339362038787087,0.7339362038787087
alg,ml-100k/u.data,0,44323,137,0.8938190446543145,0.930388491546799,189,1890,1890,1.0,0.9540877913930232,0.7256967730852213,0.7256967730852218
