Algorithm,DataSet,Partition,BuildTime,TestTime,RMSE.ByUser,RMSE.ByRating,NUsers,NAttempted,NGood,Coverage,nDCG,MAE.ByUser,MAE.ByRating
alg,ml-100k/u.data,1,42753,147,0.8999533722261615,0.9353167817976157,189,1890,1890,1.0,0.9502662459598661,0.738149397933457,0.7381493979334568
alg,ml-100k/u.data,4,43180,121,0.8477218920590731,0.8867686851300343,188,1880,1880,1.0,0.9563779672160435,0.6873846090482439,0.6873846090482443
alg,ml-100k/u.data,2,43199,119,0.968666598977196,1.0131342486784574,189,1890,1890,1.0,0.945898672021013,0.7898638983845051,0.7898638983845044
alg,ml-100k/u.data,3,43349,122,0.8937201919002128,0.9340016783609415,188,1880,1880,1.0,0.9524547144206786,0.733934337751931,0.7339343377519308
alg,ml-100k/u.data,0,43379,117,0.8933273269054306,0.929922271551493,189,1890,1890,1.0,0.9537370106148193,0.7255818967397947,0.7255818967397952
