Algorithm,DataSet,Partition,BuildTime,TestTime,RMSE.ByUser,RMSE.ByRating,NUsers,NAttempted,NGood,Coverage,nDCG,MAE.ByUser,MAE.ByRating
alg,ml-100k/u.data,2,42978,154,0.9709712404123753,1.015036434964102,189,1890,1890,1.0,0.945838621729833,0.7914000988196501,0.7914000988196498
alg,ml-100k/u.data,4,43046,140,0.8494792238347698,0.8882368560799149,188,1880,1880,1.0,0.9562757361648748,0.6895828799864607,0.6895828799864604
alg,ml-100k/u.data,3,43147,119,0.8945137428168789,0.9349748477713216,188,1880,1880,1.0,0.951781607758525,0.7332488561592821,0.733248856159282
alg,ml-100k/u.data,1,43206,119,0.8985709885119182,0.9334000238841385,189,1890,1890,1.0,0.9530054513294579,0.7366320868005066,0.736632086800507
alg,ml-100k/u.data,0,43593,117,0.8933828602913668,0.9304749831250151,189,1890,1890,1.0,0.9542682380121987,0.725394751204968,0.7253947512049682
