Algorithm,DataSet,Partition,BuildTime,TestTime,RMSE.ByUser,RMSE.ByRating,NUsers,NAttempted,NGood,Coverage,nDCG,MAE.ByUser,MAE.ByRating
alg,ml-100k/u.data,3,43832,152,0.8940279442449344,0.9346143136238171,188,1880,1880,1.0,0.9526388773120361,0.7343052903777768,0.7343052903777765
alg,ml-100k/u.data,4,43882,146,0.8479479968523366,0.8869672381390782,188,1880,1880,1.0,0.956328725672571,0.6876923545033349,0.6876923545033351
alg,ml-100k/u.data,0,43895,144,0.8942236819122364,0.9310185416397447,189,1890,1890,1.0,0.9539690741569463,0.7265323328603954,0.7265323328603946
alg,ml-100k/u.data,1,43991,116,0.9000325947997122,0.935371173844892,189,1890,1890,1.0,0.9502479408082526,0.7378008016022765,0.7378008016022765
alg,ml-100k/u.data,2,44128,112,0.9699871074723062,1.0148414560860586,189,1890,1890,1.0,0.9465653863705555,0.7904678088990683,0.7904678088990681
