Algorithm,DataSet,Partition,BuildTime,TestTime,RMSE.ByUser,RMSE.ByRating,NUsers,NAttempted,NGood,Coverage,nDCG,MAE.ByUser,MAE.ByRating
alg,ml-100k/u.data,4,42647,129,0.8478456007028262,0.8867315139333054,188,1880,1880,1.0,0.9564156327041022,0.6870827447370256,0.6870827447370258
alg,ml-100k/u.data,3,42721,131,0.8939341372276011,0.9342827055474935,188,1880,1880,1.0,0.9521698962802888,0.7341145946444119,0.7341145946444118
alg,ml-100k/u.data,0,42937,116,0.8939472147752331,0.9304487406739632,189,1890,1890,1.0,0.9541180278186038,0.7262030275659027,0.726203027565903
alg,ml-100k/u.data,2,42949,113,0.9679663094023093,1.0125296210426356,189,1890,1890,1.0,0.9460677643868359,0.7893824376658332,0.7893824376658335
alg,ml-100k/u.data,1,43013,107,0.9001422908725462,0.935605277000999,189,1890,1890,1.0,0.9497414544315181,0.7387178856664143,0.7387178856664144
