Algorithm,DataSet,Partition,BuildTime,TestTime,RMSE.ByUser,RMSE.ByRating,NUsers,NAttempted,NGood,Coverage,nDCG,MAE.ByUser,MAE.ByRating
alg,ml-100k/u.data,4,43067,145,0.8473125866747392,0.8863914262668164,188,1880,1880,1.0,0.9564350859644258,0.6872571260795958,0.6872571260795959
alg,ml-100k/u.data,3,43304,136,0.8950485949498501,0.9353349391403906,188,1880,1880,1.0,0.9531591396950497,0.7357469114352987,0.7357469114352986
alg,ml-100k/u.data,1,43395,118,0.9008968730499296,0.9361611454264169,189,1890,1890,1.0,0.9512456326641548,0.7386729786177427,0.7386729786177427
alg,ml-100k/u.data,2,43407,116,0.9731444429837681,1.0182282437053667,189,1890,1890,1.0,0.9455427214842866,0.7927339415916405,0.7927339415916408
alg,ml-100k/u.data,0,43478,114,0.8968494990263666,0.9337614660256789,189,1890,1890,1.0,0.9537885831493794,0.728261249908265,0.7282612499082649
