Algorithm,DataSet,Partition,BuildTime,TestTime,RMSE.ByUser,RMSE.ByRating,NUsers,NAttempted,NGood,Coverage,nDCG,MAE.ByUser,MAE.ByRating
alg,ml-100k/u.data,4,43319,895,0.8481335920255316,0.8871812343698333,188,1880,1880,1.0,0.955897935506319,0.6867742285224661,0.6867742285224661
alg,ml-100k/u.data,1,44276,120,0.8997318072971338,0.935300678459124,189,1890,1890,1.0,0.9504080823560506,0.7388766137630944,0.7388766137630942
alg,ml-100k/u.data,0,44419,120,0.8929399606657599,0.9296987444750429,189,1890,1890,1.0,0.9540670879903888,0.7252710398584795,0.7252710398584794
alg,ml-100k/u.data,3,44460,131,0.8942755980159063,0.9345758081003269,188,1880,1880,1.0,0.9531109206433742,0.7341430783246786,0.7341430783246788
alg,ml-100k/u.data,2,44575,115,0.9678254664849885,1.0117153511051422,189,1890,1890,1.0,0.9465650778387121,0.7893373341706463,0.789337334170647
