Algorithm,DataSet,Partition,BuildTime,TestTime,RMSE.ByUser,RMSE.ByRating,NUsers,NAttempted,NGood,Coverage,nDCG,MAE.ByUser,MAE.ByRating
alg,ml-100k/u.data,4,43793,147,0.8485146675023788,0.8871765939686,188,1880,1880,1.0,0.9567658692151769,0.6885049717397363,0.6885049717397366
alg,ml-100k/u.data,3,43884,135,0.8929926661388106,0.933390303004277,188,1880,1880,1.0,0.9523277370057226,0.7325079943106292,0.7325079943106296
alg,ml-100k/u.data,2,43933,124,0.9704667884537798,1.0145563855772863,189,1890,1890,1.0,0.9459495552213427,0.7911096482003581,0.7911096482003586
alg,ml-100k/u.data,1,43945,132,0.8984647272435115,0.9330612606165428,189,1890,1890,1.0,0.9531204861370435,0.7372005757131178,0.7372005757131178
alg,ml-100k/u.data,0,43966,127,0.8938389915785834,0.9313824838183359,189,1890,1890,1.0,0.9543085877972711,0.7255235728690781,0.725523572869078
