Algorithm,DataSet,Partition,BuildTime,TestTime,RMSE.ByUser,RMSE.ByRating,NUsers,NAttempted,NGood,Coverage,nDCG,MAE.ByUser,MAE.ByRating
alg,ml-100k/u.data,4,46513,136,0.848014809223827,0.8871665623107399,188,1880,1880,1.0,0.95626903586509,0.6866964071061584,0.686696407106158
alg,ml-100k/u.data,3,46612,125,0.8946717693908476,0.935225756805997,188,1880,1880,1.0,0.9536499198357717,0.7340815793307204,0.7340815793307205
alg,ml-100k/u.data,1,46658,115,0.8997153490469714,0.9355207022495322,189,1890,1890,1.0,0.949956291738227,0.7388235535664379,0.7388235535664375
alg,ml-100k/u.data,0,46694,114,0.8942238418259093,0.9307511084773801,189,1890,1890,1.0,0.9535833879851805,0.7264180171270179,0.7264180171270176
alg,ml-100k/u.data,2,46781,118,0.9684928448113013,1.0125781655255834,189,1890,1890,1.0,0.9454287335334467,0.790142291447609,0.7901422914476088
