Algorithm,DataSet,Partition,BuildTime,TestTime,RMSE.ByUser,RMSE.ByRating,NUsers,NAttempted,NGood,Coverage,nDCG,MAE.ByUser,MAE.ByRating
alg,ml-100k/u.data,1,44016,142,0.8997418398800394,0.9355151351042437,189,1890,1890,1.0,0.9497414340482424,0.7388807719362042,0.7388807719362042
alg,ml-100k/u.data,2,44050,134,0.9683788428579319,1.012406273865287,189,1890,1890,1.0,0.9453880264517369,0.7901617399518607,0.7901617399518609
alg,ml-100k/u.data,3,44070,127,0.8946611376985574,0.9351203795203051,188,1880,1880,1.0,0.9538835999005404,0.734020799349434,0.7340207993494332
alg,ml-100k/u.data,0,44078,135,0.8941011704388604,0.9307140221878912,189,1890,1890,1.0,0.9536698776339324,0.7261826667733613,0.7261826667733612
alg,ml-100k/u.data,4,44324,103,0.8483010572443986,0.8874768105126868,188,1880,1880,1.0,0.9562224649373866,0.6868642981866054,0.6868642981866051
