Algorithm,DataSet,Partition,BuildTime,TestTime,RMSE.ByUser,RMSE.ByRating,NUsers,NAttempted,NGood,Coverage,nDCG,MAE.ByUser,MAE.ByRating
alg,ml-100k/u.data,4,44134,154,0.8473076874518706,0.8864135395031542,188,1880,1880,1.0,0.956569746842141,0.6871012460229345,0.6871012460229347
alg,ml-100k/u.data,0,44276,128,0.8963511676461255,0.9332878666378885,189,1890,1890,1.0,0.9537322307959797,0.7279208124681231,0.7279208124681236
alg,ml-100k/u.data,1,44344,120,0.9005212710116299,0.9358045577568199,189,1890,1890,1.0,0.9516512264345564,0.7381995167665614,0.7381995167665615
alg,ml-100k/u.data,3,44388,116,0.8947582957367308,0.9349109997956432,188,1880,1880,1.0,0.953650063949749,0.7352063141695157,0.7352063141695163
alg,ml-100k/u.data,2,44468,124,0.9722580425181312,1.0172369943323987,189,1890,1890,1.0,0.9457041956981527,0.792107490844061,0.7921074908440608
