Algorithm,DataSet,Partition,BuildTime,TestTime,RMSE.ByUser,RMSE.ByRating,NUsers,NAttempted,NGood,Coverage,nDCG,MAE.ByUser,MAE.ByRating
alg,ml-100k/u.data,3,50567,166,0.895137013835072,0.9356296981470773,188,1880,1880,1.0,0.9536380973164644,0.7337465309114768,0.7337465309114771
alg,ml-100k/u.data,2,50831,141,0.9688941005985999,1.0125073653105638,189,1890,1890,1.0,0.9459837391083975,0.7905157134019263,0.7905157134019261
alg,ml-100k/u.data,1,50932,153,0.9003766610954077,0.936215362970538,189,1890,1890,1.0,0.9486618337506988,0.739624934053885,0.7396249340538849
alg,ml-100k/u.data,0,50952,151,0.8949364340541263,0.9314600978511465,189,1890,1890,1.0,0.9534502985771349,0.7265672800463598,0.7265672800463597
alg,ml-100k/u.data,4,51029,134,0.8487469205464568,0.8880205475087843,188,1880,1880,1.0,0.9553119447028765,0.6871225415181578,0.6871225415181578
