Algorithm,DataSet,Partition,BuildTime,TestTime,RMSE.ByUser,RMSE.ByRating,NUsers,NAttempted,NGood,Coverage,nDCG,MAE.ByUser,MAE.ByRating
alg,ml-100k/u.data,4,42445,135,0.8480110011923011,0.8870497824907558,188,1880,1880,1.0,0.9562348707750288,0.686815713591784,0.6868157135917835
alg,ml-100k/u.data,2,42503,131,0.9680143068976752,1.0122611486496693,189,1890,1890,1.0,0.9459756487560338,0.7893419214481197,0.7893419214481201
alg,ml-100k/u.data,0,42525,121,0.8934849595213059,0.9301065833364885,189,1890,1890,1.0,0.9542478786666471,0.725872642162465,0.7258726421624652
alg,ml-100k/u.data,1,42762,112,0.8997301510642627,0.9353597134476495,189,1890,1890,1.0,0.9504345482620884,0.7388186584372691,0.7388186584372696
alg,ml-100k/u.data,3,42934,109,0.8944546496684069,0.9348811468857194,188,1880,1880,1.0,0.9524408700684203,0.7342157274830836,0.7342157274830837
