Algorithm,DataSet,Partition,BuildTime,TestTime,RMSE.ByUser,RMSE.ByRating,NUsers,NAttempted,NGood,Coverage,nDCG,MAE.ByUser,MAE.ByRating
alg,ml-100k/u.data,1,44888,175,0.8990362540323175,0.9336097983944452,189,1890,1890,1.0,0.9514544018582188,0.738725361765728,0.7387253617657284
alg,ml-100k/u.data,0,45140,206,0.8941234946321648,0.9316479305770184,189,1890,1890,1.0,0.9546851864570415,0.7259826484838892,0.7259826484838892
alg,ml-100k/u.data,4,45145,213,0.8489709160175415,0.8877189470246665,188,1880,1880,1.0,0.9566754213773276,0.6884506287135181,0.6884506287135184
alg,ml-100k/u.data,3,45250,170,0.8939480218182408,0.9340383335577018,188,1880,1880,1.0,0.952442505136372,0.7332767199483428,0.7332767199483423
alg,ml-100k/u.data,2,45437,111,0.9679929094691286,1.0112412326788298,189,1890,1890,1.0,0.9444934470942994,0.789703264980062,0.7897032649800614
