Algorithm,DataSet,Partition,BuildTime,TestTime,RMSE.ByUser,RMSE.ByRating,NUsers,NAttempted,NGood,Coverage,nDCG,MAE.ByUser,MAE.ByRating
alg,ml-100k/u.data,3,43900,146,0.8944692325367983,0.9350198794378957,188,1880,1880,1.0,0.9522796827801778,0.734866205188801,0.7348662051888013
alg,ml-100k/u.data,0,43943,143,0.8945593675147547,0.9313312858982281,189,1890,1890,1.0,0.9537211296252962,0.7268174927701259,0.7268174927701252
alg,ml-100k/u.data,1,44023,133,0.9001406878356111,0.9354846996595553,189,1890,1890,1.0,0.9500434788962752,0.7380798989015303,0.7380798989015306
alg,ml-100k/u.data,4,44124,106,0.8476979322141435,0.8867578727070531,188,1880,1880,1.0,0.9564543959741443,0.6874561484724269,0.6874561484724265
alg,ml-100k/u.data,2,44275,108,0.9704236777118103,1.015360546681572,189,1890,1890,1.0,0.946285288882373,0.79071495008831,0.7907149500883102
