Algorithm,DataSet,Partition,BuildTime,TestTime,RMSE.ByUser,RMSE.ByRating,NUsers,NAttempted,NGood,Coverage,nDCG,MAE.ByUser,MAE.ByRating
alg,ml-100k/u.data,1,44306,151,0.8989404191425753,0.9341644058452435,189,1890,1890,1.0,0.9511201649903172,0.7382847325078035,0.7382847325078028
alg,ml-100k/u.data,4,44322,140,0.8482867050707796,0.8871020371211239,188,1880,1880,1.0,0.9569848167643876,0.6876467036736894,0.6876467036736892
alg,ml-100k/u.data,3,44338,138,0.8925889348943005,0.9328343091900961,188,1880,1880,1.0,0.9527686625281302,0.7331601550011011,0.7331601550011007
alg,ml-100k/u.data,0,44414,124,0.8925861021579997,0.9294838614534474,189,1890,1890,1.0,0.9551679459580402,0.724815822342114,0.7248158223421135
alg,ml-100k/u.data,2,44452,111,0.9669388739631727,1.0108507843312886,189,1890,1890,1.0,0.9458013384763285,0.788396475749891,0.7883964757498906
