Algorithm,DataSet,Partition,BuildTime,TestTime,RMSE.ByUser,RMSE.ByRating,NUsers,NAttempted,NGood,Coverage,nDCG,MAE.ByUser,MAE.ByRating
alg,ml-100k/u.data,2,43533,145,0.9684848677178862,1.0126951055902615,189,1890,1890,1.0,0.9463851463488454,0.7897976768707103,0.7897976768707109
alg,ml-100k/u.data,1,43533,147,0.8998501575499745,0.9352458105066428,189,1890,1890,1.0,0.9500907677711431,0.7379107941132004,0.7379107941132006
alg,ml-100k/u.data,4,43706,112,0.8477725876549024,0.8868244641440679,188,1880,1880,1.0,0.9568304469619677,0.6875185568999199,0.6875185568999194
alg,ml-100k/u.data,0,43726,122,0.8929736383590678,0.9295827042302869,189,1890,1890,1.0,0.954011849852597,0.7251031870578563,0.725103187057856
alg,ml-100k/u.data,3,43804,117,0.8934645773614137,0.9337720020871549,188,1880,1880,1.0,0.9523518575748842,0.7339075186019874,0.7339075186019866
