Algorithm,DataSet,Partition,BuildTime,TestTime,RMSE.ByUser,RMSE.ByRating,NUsers,NAttempted,NGood,Coverage,nDCG,MAE.ByUser,MAE.ByRating
alg,ml-100k/u.data,2,47630,162,0.9667640355010917,1.01053941068235,189,1890,1890,1.0,0.9459635495721777,0.7884077318412888,0.7884077318412892
alg,ml-100k/u.data,1,47751,142,0.8987235487841182,0.9341999588345322,189,1890,1890,1.0,0.9514763374609805,0.7379796116304645,0.7379796116304645
alg,ml-100k/u.data,4,47808,129,0.8484301900224104,0.8873713594466685,188,1880,1880,1.0,0.9569391563429236,0.6875880970105257,0.6875880970105254
alg,ml-100k/u.data,3,47812,128,0.89343342751491,0.9337414544250252,188,1880,1880,1.0,0.9528242678502808,0.7334095822511666,0.7334095822511668
alg,ml-100k/u.data,0,47970,120,0.8925862791209118,0.9293830759369555,189,1890,1890,1.0,0.9547418472077098,0.725099072465298,0.7250990724652974
