Algorithm,DataSet,Partition,BuildTime,TestTime,RMSE.ByUser,RMSE.ByRating,NUsers,NAttempted,NGood,Coverage,nDCG,MAE.ByUser,MAE.ByRating
alg,ml-100k/u.data,0,43730,153,0.9067880924722639,0.9431732140652811,189,1890,1890,1.0,0.9521434128090075,0.7398377170926086,0.7398377170926083
alg,ml-100k/u.data,4,43757,128,0.8607280685765931,0.9003599172234009,188,1880,1880,1.0,0.9538205994601826,0.7027950008170908,0.702795000817091
alg,ml-100k/u.data,1,43800,131,0.9128069666384317,0.9490364621623784,189,1890,1890,1.0,0.9482607317881466,0.750326594519004,0.7503265945190039
alg,ml-100k/u.data,2,43938,117,0.98139893203996,1.0246646001613784,189,1890,1890,1.0,0.9435346586650439,0.8001463189057061,0.8001463189057064
alg,ml-100k/u.data,3,44008,107,0.9075006094310103,0.9500840449101903,188,1880,1880,1.0,0.950777408784038,0.7411043245225073,0.7411043245225077
