Algorithm,DataSet,Partition,BuildTime,TestTime,RMSE.ByUser,RMSE.ByRating,NUsers,NAttempted,NGood,Coverage,nDCG,MAE.ByUser,MAE.ByRating
alg,ml-100k/u.data,1,43432,156,0.9001107170679481,0.9354375453611039,189,1890,1890,1.0,0.9509448933548507,0.7378141618776998,0.7378141618777
alg,ml-100k/u.data,2,43502,145,0.9714777140266865,1.0164370837978747,189,1890,1890,1.0,0.9462906263005406,0.7917126380852909,0.7917126380852909
alg,ml-100k/u.data,0,43531,146,0.8955756446970348,0.9325070903339772,189,1890,1890,1.0,0.9540683384858659,0.727498181724012,0.7274981817240116
alg,ml-100k/u.data,4,43672,110,0.8473991669753694,0.8864353335287437,188,1880,1880,1.0,0.9562843545000853,0.6873804687009902,0.6873804687009899
alg,ml-100k/u.data,3,43692,114,0.8944075280778304,0.934732763143486,188,1880,1880,1.0,0.9528395325621033,0.7346267654874394,0.7346267654874392
