Algorithm,DataSet,Partition,BuildTime,TestTime,RMSE.ByUser,RMSE.ByRating,NUsers,NAttempted,NGood,Coverage,nDCG,MAE.ByUser,MAE.ByRating
alg,ml-100k/u.data,3,49141,151,0.8943655658741753,0.9346806123199661,188,1880,1880,1.0,0.9520185883826309,0.7321749427596582,0.7321749427596577
alg,ml-100k/u.data,4,49215,142,0.8502963572933959,0.8891378903960705,188,1880,1880,1.0,0.9565026087980683,0.6908006822179176,0.6908006822179174
alg,ml-100k/u.data,0,49329,118,0.8929773605481872,0.9301130586937381,189,1890,1890,1.0,0.9542407617824343,0.7248541520023137,0.7248541520023137
alg,ml-100k/u.data,1,49352,114,0.8986154813140147,0.9331181035269837,189,1890,1890,1.0,0.9520909654386245,0.7371567062589773,0.7371567062589781
alg,ml-100k/u.data,2,49468,111,0.9706502758090872,1.0142679239855308,189,1890,1890,1.0,0.9455334470192401,0.7917274953277033,0.7917274953277038
