Algorithm,DataSet,Partition,BuildTime,TestTime,RMSE.ByUser,RMSE.ByRating,NUsers,NAttempted,NGood,Coverage,nDCG,MAE.ByUser,MAE.ByRating
alg,ml-100k/u.data,1,46365,178,0.8997443027215601,0.9350279707411608,189,1890,1890,1.0,0.9497044611858254,0.7390905804527866,0.7390905804527866
alg,ml-100k/u.data,4,46493,162,0.8493489699113472,0.88835386818448,188,1880,1880,1.0,0.9569903610140746,0.6884321531669508,0.6884321531669504
alg,ml-100k/u.data,0,46521,157,0.893977983880848,0.9306792925595712,189,1890,1890,1.0,0.9549893515624425,0.725752112463928,0.7257521124639278
alg,ml-100k/u.data,3,46655,127,0.8947554281799807,0.9350939165768851,188,1880,1880,1.0,0.9533117713432322,0.7335466478995912,0.7335466478995906
alg,ml-100k/u.data,2,46696,123,0.9685457317896183,1.0116795812682475,189,1890,1890,1.0,0.9453713076302964,0.7893005257210842,0.7893005257210844
