Algorithm,DataSet,Partition,BuildTime,TestTime,RMSE.ByUser,RMSE.ByRating,NUsers,NAttempted,NGood,Coverage,nDCG,MAE.ByUser,MAE.ByRating
alg,ml-100k/u.data,1,43727,180,0.8996863338720832,0.9341148394469552,189,1890,1890,1.0,0.9508524470678182,0.7398509501529353,0.7398509501529351
alg,ml-100k/u.data,4,44043,144,0.8501423856210261,0.8893269796783968,188,1880,1880,1.0,0.9563411391735432,0.6897651741497441,0.6897651741497435
alg,ml-100k/u.data,2,44140,131,0.9706291025634095,1.0132906629538851,189,1890,1890,1.0,0.9434791333085023,0.791428969433115,0.7914289694331154
alg,ml-100k/u.data,3,44268,126,0.8970024683238947,0.9372254728636149,188,1880,1880,1.0,0.9523867848515706,0.7342729519094825,0.7342729519094829
alg,ml-100k/u.data,0,44428,122,0.8969502227780879,0.9344634321776635,189,1890,1890,1.0,0.9543292608552597,0.7278899244006739,0.7278899244006738
