Algorithm,DataSet,Partition,BuildTime,TestTime,RMSE.ByUser,RMSE.ByRating,NUsers,NAttempted,NGood,Coverage,nDCG,MAE.ByUser,MAE.ByRating
alg,ml-100k/u.data,4,42810,153,0.8588306985722695,0.898125362383885,188,1880,1880,1.0,0.9537261575254344,0.7006676094667216,0.7006676094667225
alg,ml-100k/u.data,1,42897,147,0.9101232331920265,0.9460610635977795,189,1890,1890,1.0,0.949242302238195,0.7478942609568132,0.7478942609568134
alg,ml-100k/u.data,2,42945,123,0.9789446764385826,1.0223892832944392,189,1890,1890,1.0,0.9440738791329558,0.7980139960086626,0.7980139960086629
alg,ml-100k/u.data,0,43046,117,0.9031469733474657,0.9396823770844092,189,1890,1890,1.0,0.9521431464835295,0.7365330021251432,0.7365330021251433
alg,ml-100k/u.data,3,43183,122,0.9036944197175257,0.9460107711650625,188,1880,1880,1.0,0.9514198697057352,0.7379902748594208,0.7379902748594209
