Algorithm,DataSet,Partition,BuildTime,TestTime,RMSE.ByUser,RMSE.ByRating,NUsers,NAttempted,NGood,Coverage,nDCG,MAE.ByUser,MAE.ByRating
alg,ml-100k/u.data,3,41968,142,0.8942858572729225,0.934746882016336,188,1880,1880,1.0,0.9527273535114911,0.73431895628683,0.7343189562868304
alg,ml-100k/u.data,4,42032,117,0.848126501113299,0.8871556104772792,188,1880,1880,1.0,0.9561173443603156,0.6868698275640184,0.6868698275640188
alg,ml-100k/u.data,0,42159,121,0.8936143583403624,0.9301943601145137,189,1890,1890,1.0,0.9538638810661358,0.7260058776631505,0.7260058776631508
alg,ml-100k/u.data,1,42230,106,0.8998909052334226,0.9355384196406586,189,1890,1890,1.0,0.9502669137502624,0.7389164877320831,0.7389164877320828
alg,ml-100k/u.data,2,42251,107,0.9678571941273357,1.0122013056194867,189,1890,1890,1.0,0.9461092013782101,0.7892088083674271,0.7892088083674274
