Algorithm,DataSet,Partition,BuildTime,TestTime,RMSE.ByUser,RMSE.ByRating,NUsers,NAttempted,NGood,Coverage,nDCG,MAE.ByUser,MAE.ByRating
alg,ml-100k/u.data,4,46915,194,0.8673555926610247,0.9074852942187994,188,1880,1880,1.0,0.9516109129092519,0.7095050652105838,0.7095050652105835
alg,ml-100k/u.data,3,47086,174,0.9152864241834165,0.9584002273912936,188,1880,1880,1.0,0.9505300105863576,0.7480952421989806,0.7480952421989802
alg,ml-100k/u.data,2,47300,141,0.9896741198498726,1.0328793090972337,189,1890,1890,1.0,0.9431041517558584,0.8080272268237519,0.808027226823752
alg,ml-100k/u.data,0,47357,136,0.9154798462664477,0.9519097401374094,189,1890,1890,1.0,0.950705142429666,0.7484848913265973,0.7484848913265968
alg,ml-100k/u.data,1,47463,125,0.9214404790008762,0.9583795669387527,189,1890,1890,1.0,0.9462971160386296,0.7577035459863067,0.7577035459863071
