Algorithm,DataSet,Partition,BuildTime,TestTime,RMSE.ByUser,RMSE.ByRating,NUsers,NAttempted,NGood,Coverage,nDCG,MAE.ByUser,MAE.ByRating
alg,ml-100k/u.data,4,44946,171,0.8476696209265778,0.8865516683991438,188,1880,1880,1.0,0.956863435691437,0.686822000428773,0.6868220004287735
alg,ml-100k/u.data,3,45192,1014,0.8938118287312918,0.934158643313736,188,1880,1880,1.0,0.9525432136352875,0.734273735265493,0.7342737352654927
alg,ml-100k/u.data,2,46090,125,0.9671802574970237,1.0113045883275589,189,1890,1890,1.0,0.9464029861561457,0.7890334831595682,0.7890334831595683
alg,ml-100k/u.data,1,46127,124,0.8995796266757231,0.9349910584728413,189,1890,1890,1.0,0.9506364359508095,0.7383923431306394,0.7383923431306395
alg,ml-100k/u.data,0,46180,117,0.8929089985332922,0.9295166485295006,189,1890,1890,1.0,0.9546663088847807,0.725288312470732,0.7252883124707318
