Algorithm,DataSet,Partition,BuildTime,TestTime,RMSE.ByUser,RMSE.ByRating,NUsers,NAttempted,NGood,Coverage,nDCG,MAE.ByUser,MAE.ByRating
alg,ml-100k/u.data,4,42761,147,0.8484616335772335,0.8872383065189617,188,1880,1880,1.0,0.9563873437759197,0.6888293835840766,0.6888293835840766
alg,ml-100k/u.data,0,42906,122,0.893459081692231,0.9308467697733003,189,1890,1890,1.0,0.9546514613957142,0.7252894510802466,0.7252894510802467
alg,ml-100k/u.data,3,42990,121,0.8926848923991801,0.9329771868030639,188,1880,1880,1.0,0.9526281398719836,0.7321773655975343,0.7321773655975339
alg,ml-100k/u.data,1,43035,117,0.8982240762721166,0.9326990061811546,189,1890,1890,1.0,0.9529004544879714,0.7374187109939075,0.7374187109939074
alg,ml-100k/u.data,2,43134,105,0.9698326074287078,1.013645761508607,189,1890,1890,1.0,0.9449248579900408,0.7907823842620009,0.7907823842620002
