Algorithm,DataSet,Partition,BuildTime,TestTime,RMSE.ByUser,RMSE.ByRating,NUsers,NAttempted,NGood,Coverage,nDCG,MAE.ByUser,MAE.ByRating
alg,ml-100k/u.data,3,42968,149,0.892779692003346,0.9331609873474369,188,1880,1880,1.0,0.9521829427609644,0.7332554686147917,0.7332554686147915
alg,ml-100k/u.data,4,42989,138,0.8475163781816853,0.8862071109328877,188,1880,1880,1.0,0.9569986687814596,0.6871860564261753,0.6871860564261744
alg,ml-100k/u.data,0,43048,127,0.8939591700361439,0.9310443793401374,189,1890,1890,1.0,0.9535103371311193,0.7260197518540074,0.7260197518540082
alg,ml-100k/u.data,1,43273,111,0.8984995464748979,0.9336114422113905,189,1890,1890,1.0,0.9518506629843397,0.736458344354094,0.7364583443540939
alg,ml-100k/u.data,2,43276,109,0.9701764640882933,1.0146110640099795,189,1890,1890,1.0,0.9462084460671306,0.790403793628651,0.7904037936286503
