Algorithm,DataSet,Partition,BuildTime,TestTime,RMSE.ByUser,RMSE.ByRating,NUsers,NAttempted,NGood,Coverage,nDCG,MAE.ByUser,MAE.ByRating
alg,ml-100k/u.data,1,45405,141,0.9025667939700828,0.9371452798076857,189,1890,1890,1.0,0.9500878966161243,0.741551301991081,0.7415513019910813
alg,ml-100k/u.data,4,45571,127,0.8561438484773677,0.8963946267455154,188,1880,1880,1.0,0.9548359479413326,0.6966172064383178,0.6966172064383186
alg,ml-100k/u.data,3,45767,118,0.9059082811506851,0.9464365210716553,188,1880,1880,1.0,0.9501233871926015,0.7392836647718602,0.7392836647718604
alg,ml-100k/u.data,0,45796,116,0.8992533714023099,0.9369845286413634,189,1890,1890,1.0,0.9539242271411745,0.7302870606489249,0.7302870606489256
alg,ml-100k/u.data,2,45892,106,0.9730000730562843,1.015094914693999,189,1890,1890,1.0,0.9432582163953221,0.7938156929145701,0.7938156929145705
