Algorithm,DataSet,Partition,BuildTime,TestTime,RMSE.ByUser,RMSE.ByRating,NUsers,NAttempted,NGood,Coverage,nDCG,MAE.ByUser,MAE.ByRating
alg,ml-100k/u.data,3,43599,153,0.8933941430852063,0.9335344208853793,188,1880,1880,1.0,0.953091594864269,0.7341403848942175,0.7341403848942173
alg,ml-100k/u.data,4,43612,147,0.847203254827652,0.8859157336436059,188,1880,1880,1.0,0.9564135926998314,0.6871263653827324,0.687126365382732
alg,ml-100k/u.data,2,43612,153,0.971806999457236,1.01637939144989,189,1890,1890,1.0,0.9462371855963481,0.7918537732332561,0.7918537732332562
alg,ml-100k/u.data,0,43700,124,0.8950283366025531,0.9321295530693515,189,1890,1890,1.0,0.9537528132205805,0.7268423259660608,0.7268423259660611
alg,ml-100k/u.data,1,43903,112,0.8994114470374039,0.9346431904074992,189,1890,1890,1.0,0.9520189647311673,0.737204689408438,0.7372046894084384
