Algorithm,DataSet,Partition,BuildTime,TestTime,RMSE.ByUser,RMSE.ByRating,NUsers,NAttempted,NGood,Coverage,nDCG,MAE.ByUser,MAE.ByRating
alg,ml-100k/u.data,1,42958,142,0.8996202185511171,0.9350740729252432,189,1890,1890,1.0,0.9502878740699828,0.7385737031669266,0.7385737031669267
alg,ml-100k/u.data,4,42984,137,0.848026933491701,0.8871713834032088,188,1880,1880,1.0,0.9568025849389846,0.6870519955696642,0.6870519955696647
alg,ml-100k/u.data,0,43023,122,0.8925201718951262,0.9292166837178583,189,1890,1890,1.0,0.9549286203652534,0.724928827843981,0.7249288278439809
alg,ml-100k/u.data,2,43208,119,0.9676352602993041,1.011503170977762,189,1890,1890,1.0,0.9464040619171838,0.7892156662999965,0.7892156662999961
alg,ml-100k/u.data,3,43207,120,0.8935232877993309,0.9339171433586827,188,1880,1880,1.0,0.9533686977543211,0.7336857055873492,0.73368570558735
