Algorithm,DataSet,Partition,BuildTime,TestTime,RMSE.ByUser,RMSE.ByRating,NUsers,NAttempted,NGood,Coverage,nDCG,MAE.ByUser,MAE.ByRating
alg,ml-100k/u.data,3,48110,162,0.9134015194199642,0.9562530120906458,188,1880,1880,1.0,0.951091533417743,0.7460730139573415,0.7460730139573413
alg,ml-100k/u.data,4,48246,133,0.8643792543306119,0.9043138914440745,188,1880,1880,1.0,0.9522746050332956,0.7066076871795878,0.7066076871795877
alg,ml-100k/u.data,2,48290,126,0.9874840284624095,1.0307323393602184,189,1890,1890,1.0,0.9427440697014652,0.8059407136086044,0.805940713608605
alg,ml-100k/u.data,0,48299,123,0.9131623538201653,0.9494958714671548,189,1890,1890,1.0,0.9511737285574641,0.7464509044673737,0.7464509044673736
alg,ml-100k/u.data,1,48383,116,0.9185704390497605,0.9552592804711437,189,1890,1890,1.0,0.9464664003634046,0.7551888968897262,0.755188896889726
