Algorithm,DataSet,Partition,BuildTime,TestTime,RMSE.ByUser,RMSE.ByRating,NUsers,NAttempted,NGood,Coverage,nDCG,MAE.ByUser,MAE.ByRating
alg,ml-100k/u.data,1,45071,163,0.899844331016457,0.9352585197275161,189,1890,1890,1.0,0.9500853689373159,0.7384634781556508,0.73846347815565
alg,ml-100k/u.data,3,45209,137,0.8939210223515215,0.9342319536151527,188,1880,1880,1.0,0.9527838064051363,0.7343370458931275,0.734337045893128
alg,ml-100k/u.data,0,45223,129,0.8930758401279664,0.929666488711809,189,1890,1890,1.0,0.9544945892949726,0.7254669151693972,0.7254669151693969
alg,ml-100k/u.data,4,45254,118,0.8481175246139007,0.8869579773501644,188,1880,1880,1.0,0.9567929978538663,0.6870833447210393,0.6870833447210385
alg,ml-100k/u.data,2,45269,119,0.9676384540423068,1.0119373599946517,189,1890,1890,1.0,0.9461496995912982,0.7891947782109275,0.7891947782109276
