Algorithm,DataSet,Partition,BuildTime,TestTime,RMSE.ByUser,RMSE.ByRating,NUsers,NAttempted,NGood,Coverage,nDCG,MAE.ByUser,MAE.ByRating
alg,ml-100k/u.data,3,43439,145,0.9004408325150863,0.9425935118064724,188,1880,1880,1.0,0.951374230373518,0.7355577504300678,0.7355577504300683
alg,ml-100k/u.data,4,43463,151,0.856112099207023,0.895121415464113,188,1880,1880,1.0,0.9537929476039588,0.697607083550545,0.697607083550545
alg,ml-100k/u.data,2,43495,145,0.9763887411348615,1.020165648493938,189,1890,1890,1.0,0.9443179608165906,0.7956006645264977,0.7956006645264978
alg,ml-100k/u.data,0,43661,115,0.9000397368716728,0.9364353757152537,189,1890,1890,1.0,0.9533023950993756,0.7337579408273035,0.7337579408273036
alg,ml-100k/u.data,1,43668,115,0.9076026716871326,0.9432092377067604,189,1890,1890,1.0,0.9507799943829953,0.7456016696585193,0.7456016696585189
