Algorithm,DataSet,Partition,BuildTime,TestTime,RMSE.ByUser,RMSE.ByRating,NUsers,NAttempted,NGood,Coverage,nDCG,MAE.ByUser,MAE.ByRating
alg,ml-100k/u.data,1,49772,141,0.8989656125323615,0.9341565560911523,189,1890,1890,1.0,0.9510399826733795,0.7377903850221516,0.7377903850221511
alg,ml-100k/u.data,3,49802,137,0.892292850993715,0.9323998618683149,188,1880,1880,1.0,0.9528044737323493,0.7327191906064938,0.7327191906064934
alg,ml-100k/u.data,4,49855,130,0.8484424569127339,0.8872794700620085,188,1880,1880,1.0,0.9563561059441633,0.6881064395094132,0.6881064395094131
alg,ml-100k/u.data,0,49978,113,0.8924647978585829,0.929226418527384,189,1890,1890,1.0,0.9547006231886767,0.7246571335818035,0.7246571335818034
alg,ml-100k/u.data,2,49997,110,0.9679020197148371,1.012030682949913,189,1890,1890,1.0,0.9459539044393566,0.7892809462156481,0.7892809462156485
