Algorithm,DataSet,Partition,BuildTime,TestTime,RMSE.ByUser,RMSE.ByRating,NUsers,NAttempted,NGood,Coverage,nDCG,MAE.ByUser,MAE.ByRating
alg,ml-100k/u.data,2,42923,161,0.9686145944544713,1.0122660341396352,189,1890,1890,1.0,0.9441861616753535,0.7901277281862927,0.7901277281862931
alg,ml-100k/u.data,4,42960,145,0.8487306306080497,0.8875223524304937,188,1880,1880,1.0,0.9573981059304959,0.688605374158462,0.6886053741584619
alg,ml-100k/u.data,0,43020,134,0.8929848336630146,0.9304246397305087,189,1890,1890,1.0,0.9545819678513932,0.7248803598681834,0.7248803598681836
alg,ml-100k/u.data,3,43054,125,0.8928551453948622,0.9330933441672106,188,1880,1880,1.0,0.9520737978147016,0.7322558428013144,0.7322558428013142
alg,ml-100k/u.data,1,43221,115,0.8982893853155391,0.9328092613238427,189,1890,1890,1.0,0.9525797554763901,0.7377796229878559,0.7377796229878559
