Algorithm,DataSet,Partition,BuildTime,TestTime,RMSE.ByUser,RMSE.ByRating,NUsers,NAttempted,NGood,Coverage,nDCG,MAE.ByUser,MAE.ByRating
alg,ml-100k/u.data,4,43045,150,0.8477428857968974,0.8866064057041875,188,1880,1880,1.0,0.9573578450837965,0.6876998415793699,0.6876998415793698
alg,ml-100k/u.data,0,43227,128,0.8930358379487539,0.9300129209470693,189,1890,1890,1.0,0.9537608878909777,0.7253174125915269,0.725317412591527
alg,ml-100k/u.data,3,43274,131,0.8930170278944503,0.9335681003906265,188,1880,1880,1.0,0.9526390114140155,0.7334299052179394,0.7334299052179387
alg,ml-100k/u.data,1,43331,124,0.8990121605399566,0.9342751547909535,189,1890,1890,1.0,0.9512666587383969,0.7371952677032363,0.7371952677032361
alg,ml-100k/u.data,2,43400,116,0.968846656191017,1.013430171105483,189,1890,1890,1.0,0.9466630788874503,0.7898002810815001,0.7898002810815002
