Algorithm,DataSet,Partition,BuildTime,TestTime,RMSE.ByUser,RMSE.ByRating,NUsers,NAttempted,NGood,Coverage,nDCG,MAE.ByUser,MAE.ByRating
alg,ml-100k/u.data,4,44056,157,0.8472762806171326,0.8863252585524729,188,1880,1880,1.0,0.9564534060107658,0.6872396591151947,0.6872396591151951
alg,ml-100k/u.data,2,44195,164,0.9729499773836112,1.0180031768208129,189,1890,1890,1.0,0.9460454242886029,0.7928027033145276,0.7928027033145281
alg,ml-100k/u.data,3,44226,168,0.8949102190171291,0.9351529525439954,188,1880,1880,1.0,0.9534618648704651,0.735611365424241,0.7356113654242401
alg,ml-100k/u.data,0,44372,123,0.8965575104823303,0.9334763761333964,189,1890,1890,1.0,0.9536399242846382,0.7280592763277158,0.7280592763277162
alg,ml-100k/u.data,1,44401,123,0.9007806772874816,0.936097124588876,189,1890,1890,1.0,0.9510348574438958,0.7385545854626887,0.7385545854626885
