Algorithm,DataSet,Partition,BuildTime,TestTime,RMSE.ByUser,RMSE.ByRating,NUsers,NAttempted,NGood,Coverage,nDCG,MAE.ByUser,MAE.ByRating
alg,ml-100k/u.data,0,43409,135,0.9104821426100056,0.9468967767199958,189,1890,1890,1.0,0.9518570544500867,0.7437985522139949,0.7437985522139948
alg,ml-100k/u.data,1,43549,133,0.9155750458100035,0.9519552438432498,189,1890,1890,1.0,0.9472401326008156,0.7526167310668143,0.7526167310668149
alg,ml-100k/u.data,2,43677,112,0.9845395881240573,1.0276519832306792,189,1890,1890,1.0,0.94298030795824,0.8032022522680675,0.8032022522680677
alg,ml-100k/u.data,4,43692,107,0.8629070487766802,0.902701326718628,188,1880,1880,1.0,0.9525235592993988,0.7050423145779131,0.7050423145779132
alg,ml-100k/u.data,3,43747,914,0.9105010721358319,0.953334675568311,188,1880,1880,1.0,0.9512615960600771,0.7434588809287682,0.7434588809287681
