Algorithm,DataSet,Partition,BuildTime,TestTime,RMSE.ByUser,RMSE.ByRating,NUsers,NAttempted,NGood,Coverage,nDCG,MAE.ByUser,MAE.ByRating
alg,ml-100k/u.data,2,42827,129,0.9683129775411914,1.0112625218609843,189,1890,1890,1.0,0.9445219994874844,0.7903561784458215,0.7903561784458211
alg,ml-100k/u.data,4,42883,129,0.8523517650205492,0.8913116533339872,188,1880,1880,1.0,0.9558137865585541,0.692785794429907,0.692785794429907
alg,ml-100k/u.data,0,43050,111,0.8938562744292672,0.9311226538724292,189,1890,1890,1.0,0.9540922405150258,0.7260540558685215,0.7260540558685215
alg,ml-100k/u.data,1,43116,115,0.8997533317311014,0.9341980641196839,189,1890,1890,1.0,0.951678357700076,0.7388967747079722,0.7388967747079724
alg,ml-100k/u.data,3,43184,116,0.8980552957308762,0.938176686699141,188,1880,1880,1.0,0.9518296614706078,0.7344203068107032,0.734420306810703
