Algorithm,DataSet,Partition,BuildTime,TestTime,RMSE.ByUser,RMSE.ByRating,NUsers,NAttempted,NGood,Coverage,nDCG,MAE.ByUser,MAE.ByRating
alg,ml-100k/u.data,4,42400,135,0.8552107180117177,0.8951459716957555,188,1880,1880,1.0,0.9551662015778173,0.6957711308393244,0.6957711308393243
alg,ml-100k/u.data,1,42494,134,0.9019749938969376,0.9364846444308751,189,1890,1890,1.0,0.9500830580403985,0.7410231206622275,0.7410231206622278
alg,ml-100k/u.data,3,42540,136,0.9043313304730071,0.9448047345198116,188,1880,1880,1.0,0.9504632803861001,0.7383816324222772,0.7383816324222773
alg,ml-100k/u.data,0,42641,119,0.8980269513958911,0.9357093024360663,189,1890,1890,1.0,0.9541299587994869,0.7294898356724456,0.7294898356724452
alg,ml-100k/u.data,2,42743,112,0.9712166166526758,1.0136312337143223,189,1890,1890,1.0,0.943638515332341,0.7923393603522189,0.7923393603522191
