Algorithm,DataSet,Partition,BuildTime,TestTime,RMSE.ByUser,RMSE.ByRating,NUsers,NAttempted,NGood,Coverage,nDCG,MAE.ByUser,MAE.ByRating
alg,ml-100k/u.data,3,47160,163,0.8947948255144632,0.9353197509092039,188,1880,1880,1.0,0.9545106493914058,0.7334799327768019,0.7334799327768023
alg,ml-100k/u.data,0,47212,149,0.8945543377842026,0.9312263698425514,189,1890,1890,1.0,0.9546696201028536,0.7261702467491744,0.7261702467491749
alg,ml-100k/u.data,2,47351,128,0.9685838345449393,1.0119386064050582,189,1890,1890,1.0,0.9453151368848173,0.789960052908548,0.7899600529085475
alg,ml-100k/u.data,4,47362,120,0.8491378128000231,0.8884483402618815,188,1880,1880,1.0,0.955644290453344,0.6878955504017387,0.687895550401739
alg,ml-100k/u.data,1,47585,113,0.9001017405658553,0.9354863373023691,189,1890,1890,1.0,0.9502672731878956,0.7394155005655613,0.739415500565562
