Algorithm,DataSet,Partition,BuildTime,TestTime,RMSE.ByUser,RMSE.ByRating,NUsers,NAttempted,NGood,Coverage,nDCG,MAE.ByUser,MAE.ByRating
alg,ml-100k/u.data,4,43726,134,0.8469791727650952,0.8860533696033094,188,1880,1880,1.0,0.9563382679786702,0.6871961488960933,0.6871961488960929
alg,ml-100k/u.data,1,43862,125,0.900391128193311,0.9357572893242486,189,1890,1890,1.0,0.950791504087093,0.7382241404470465,0.7382241404470465
alg,ml-100k/u.data,2,43873,120,0.9717235133069736,1.0166705189873293,189,1890,1890,1.0,0.946094039230922,0.7918546902468414,0.7918546902468414
alg,ml-100k/u.data,3,43952,117,0.8945105683953051,0.9348124908341692,188,1880,1880,1.0,0.9532297555514044,0.7348195858953848,0.7348195858953851
alg,ml-100k/u.data,0,44018,120,0.8960447520575081,0.932958346711414,189,1890,1890,1.0,0.9540678063768226,0.7279803932826073,0.727980393282607
