Algorithm,DataSet,Partition,BuildTime,TestTime,RMSE.ByUser,RMSE.ByRating,NUsers,NAttempted,NGood,Coverage,nDCG,MAE.ByUser,MAE.ByRating
alg,ml-100k/u.data,2,44468,158,0.9689243802595386,1.0132580188946883,189,1890,1890,1.0,0.9463150786679932,0.7897275203946605,0.7897275203946604
alg,ml-100k/u.data,3,44578,141,0.8922944810286446,0.9327608242371154,188,1880,1880,1.0,0.9525358136541391,0.7328529014477019,0.7328529014477018
alg,ml-100k/u.data,4,44611,129,0.8476861143447211,0.8864325615669806,188,1880,1880,1.0,0.956251989441096,0.6875756345152002,0.6875756345152001
alg,ml-100k/u.data,0,44759,110,0.8926346211421994,0.9296821235412478,189,1890,1890,1.0,0.9537771922384185,0.7250392187016195,0.7250392187016199
alg,ml-100k/u.data,1,44809,109,0.8984928710261871,0.9336056513772004,189,1890,1890,1.0,0.9518790967429372,0.7366819388038929,0.7366819388038929
