Algorithm,DataSet,Partition,BuildTime,TestTime,RMSE.ByUser,RMSE.ByRating,NUsers,NAttempted,NGood,Coverage,nDCG,MAE.ByUser,MAE.ByRating
alg,ml-100k/u.data,4,42940,142,0.8479558813047803,0.8869464351013098,188,1880,1880,1.0,0.9567100114665317,0.6878073714277532,0.6878073714277528
alg,ml-100k/u.data,1,43047,127,0.8998587095553144,0.9351757992000154,189,1890,1890,1.0,0.9503282193616744,0.7376422019124204,0.7376422019124205
alg,ml-100k/u.data,0,43051,131,0.8937211483787906,0.9306471383154364,189,1890,1890,1.0,0.9537091727200693,0.7260159829391281,0.7260159829391278
alg,ml-100k/u.data,3,43180,108,0.8938808627787928,0.934373253141438,188,1880,1880,1.0,0.9524824424363972,0.7338770384792709,0.7338770384792713
alg,ml-100k/u.data,2,43257,113,0.9691616779369591,1.013870836136229,189,1890,1890,1.0,0.9464504191787532,0.7900509839297778,0.7900509839297771
