Algorithm,DataSet,Partition,BuildTime,TestTime,RMSE.ByUser,RMSE.ByRating,NUsers,NAttempted,NGood,Coverage,nDCG,MAE.ByUser,MAE.ByRating
alg,ml-100k/u.data,4,42781,153,0.8523159759559779,0.8915591577835174,188,1880,1880,1.0,0.9557555245952644,0.6933525170503939,0.6933525170503941
alg,ml-100k/u.data,0,43299,132,0.8949909820147132,0.9326281747090769,189,1890,1890,1.0,0.9549056551203454,0.7269838707164544,0.7269838707164535
alg,ml-100k/u.data,1,43372,115,0.9000404453654322,0.9346693547111657,189,1890,1890,1.0,0.951276223811267,0.7388950710156347,0.7388950710156349
alg,ml-100k/u.data,3,43381,117,0.9007269042019905,0.9409389007443961,188,1880,1880,1.0,0.9513253871437395,0.7361471392583053,0.7361471392583053
alg,ml-100k/u.data,2,43386,115,0.9685393879791161,1.0113004426409307,189,1890,1890,1.0,0.9443335455189114,0.7905970139521935,0.790597013952194
