Algorithm,DataSet,Partition,BuildTime,TestTime,RMSE.ByUser,RMSE.ByRating,NUsers,NAttempted,NGood,Coverage,nDCG,MAE.ByUser,MAE.ByRating
alg,ml-100k/u.data,4,43073,149,0.8474042006912014,0.8863628317167841,188,1880,1880,1.0,0.956431953167696,0.6873319099093359,0.6873319099093356
alg,ml-100k/u.data,2,43154,148,0.9702694512453041,1.014809965143492,189,1890,1890,1.0,0.9463582105688759,0.7908528330713958,0.790852833071396
alg,ml-100k/u.data,3,43238,131,0.8940863085147635,0.9344423509090238,188,1880,1880,1.0,0.9523734232094382,0.7340642563485125,0.7340642563485125
alg,ml-100k/u.data,1,43275,125,0.8993522779555692,0.9345864994304696,189,1890,1890,1.0,0.9513363106115341,0.737130241748403,0.7371302417484031
alg,ml-100k/u.data,0,43383,114,0.8943301451034776,0.9313286241430234,189,1890,1890,1.0,0.9537000774716237,0.7266325804252879,0.7266325804252877
