Algorithm,DataSet,Partition,BuildTime,TestTime,RMSE.ByUser,RMSE.ByRating,NUsers,NAttempted,NGood,Coverage,nDCG,MAE.ByUser,MAE.ByRating
alg,ml-100k/u.data,4,43291,154,0.8476141296971097,0.8866571090416796,188,1880,1880,1.0,0.9562874494057697,0.6874466455020445,0.6874466455020445
alg,ml-100k/u.data,3,43468,133,0.8939847661763288,0.9343559381769225,188,1880,1880,1.0,0.9527181260934665,0.7340428623531348,0.7340428623531348
alg,ml-100k/u.data,0,43577,121,0.8937625849476925,0.9303636831169216,189,1890,1890,1.0,0.953833657030541,0.7258226529496311,0.7258226529496309
alg,ml-100k/u.data,2,43650,112,0.9692489136922035,1.0139011947343897,189,1890,1890,1.0,0.9459415415599134,0.7901630830008969,0.7901630830008973
alg,ml-100k/u.data,1,43652,114,0.9007315958307536,0.9361209721169945,189,1890,1890,1.0,0.9501885422830298,0.7386742430228038,0.7386742430228034
