Algorithm,DataSet,Partition,BuildTime,TestTime,RMSE.ByUser,RMSE.ByRating,NUsers,NAttempted,NGood,Coverage,nDCG,MAE.ByUser,MAE.ByRating
alg,ml-100k/u.data,4,45755,210,0.8497343244752877,0.8889534195989502,188,1880,1880,1.0,0.9565493850262127,0.6891610411256486,0.6891610411256486
alg,ml-100k/u.data,1,45969,162,0.8992080760026061,0.9338807324959613,189,1890,1890,1.0,0.950381193440155,0.7394434118697176,0.7394434118697174
alg,ml-100k/u.data,3,46077,161,0.8962242346580523,0.9366201959070419,188,1880,1880,1.0,0.9520149667876159,0.7341392688722713,0.7341392688722715
alg,ml-100k/u.data,0,46224,165,0.8953576090717957,0.9328633776762312,189,1890,1890,1.0,0.9546969277644717,0.7271351214823705,0.7271351214823707
alg,ml-100k/u.data,2,46366,122,0.969540913352921,1.0124135595711576,189,1890,1890,1.0,0.9441443732156766,0.791221415788926,0.7912214157889266
