Algorithm,DataSet,Partition,BuildTime,TestTime,RMSE.ByUser,RMSE.ByRating,NUsers,NAttempted,NGood,Coverage,nDCG,MAE.ByUser,MAE.ByRating
alg,ml-100k/u.data,3,55162,155,0.8951495290211239,0.9357780246715119,188,1880,1880,1.0,0.9539650453574762,0.7338986970966325,0.7338986970966317
alg,ml-100k/u.data,4,55375,135,0.8489691709507964,0.8882561668201617,188,1880,1880,1.0,0.955460611475012,0.6872255355714627,0.6872255355714628
alg,ml-100k/u.data,1,55413,137,0.9004131704432454,0.936181702240717,189,1890,1890,1.0,0.9484412402384775,0.7395107906279447,0.739510790627945
alg,ml-100k/u.data,2,55576,131,0.9687542548757098,1.0123489451230048,189,1890,1890,1.0,0.9461110367209128,0.7905041940232445,0.7905041940232442
alg,ml-100k/u.data,0,55783,115,0.8945349776266388,0.9311045811964319,189,1890,1890,1.0,0.9541882443023969,0.7261273288355274,0.7261273288355277
