Algorithm,DataSet,Partition,BuildTime,TestTime,RMSE.ByUser,RMSE.ByRating,NUsers,NAttempted,NGood,Coverage,nDCG,MAE.ByUser,MAE.ByRating
alg,ml-100k/u.data,4,46192,159,0.8492722767835371,0.8883008951558655,188,1880,1880,1.0,0.9569829693082647,0.6883833230958564,0.6883833230958559
alg,ml-100k/u.data,1,46279,140,0.8989354455232896,0.9344111403787436,189,1890,1890,1.0,0.9503638699985525,0.7384239674959017,0.738423967495902
alg,ml-100k/u.data,0,46425,137,0.8931660206907587,0.9299597337982067,189,1890,1890,1.0,0.9541862612644972,0.7255650997877089,0.725565099787709
alg,ml-100k/u.data,3,46585,115,0.8937256583367298,0.9341201490501257,188,1880,1880,1.0,0.9533863025010191,0.7331473908214865,0.7331473908214866
alg,ml-100k/u.data,2,46607,112,0.9679305457495511,1.0113645348551925,189,1890,1890,1.0,0.9450558583570003,0.7894064822671965,0.7894064822671966
