Algorithm,DataSet,Partition,BuildTime,TestTime,RMSE.ByUser,RMSE.ByRating,NUsers,NAttempted,NGood,Coverage,nDCG,MAE.ByUser,MAE.ByRating
alg,ml-100k/u.data,1,46144,143,0.899953497035799,0.9354183804316835,189,1890,1890,1.0,0.9500878323287746,0.7385252643368216,0.7385252643368215
alg,ml-100k/u.data,0,46141,151,0.893778264325022,0.9303005469437348,189,1890,1890,1.0,0.9541903121738609,0.7261272847914146,0.7261272847914139
alg,ml-100k/u.data,2,46170,146,0.9679863668992619,1.0124948241182457,189,1890,1890,1.0,0.9460216102652169,0.7895208183939019,0.789520818393901
alg,ml-100k/u.data,3,46187,145,0.8938275727886372,0.934164048917761,188,1880,1880,1.0,0.9523861714589805,0.7341795834651378,0.7341795834651377
alg,ml-100k/u.data,4,46211,138,0.8477340197509023,0.8866214721975322,188,1880,1880,1.0,0.9563945222798275,0.6867870568149815,0.6867870568149818
