Algorithm,DataSet,Partition,BuildTime,TestTime,RMSE.ByUser,RMSE.ByRating,NUsers,NAttempted,NGood,Coverage,nDCG,MAE.ByUser,MAE.ByRating
alg,ml-100k/u.data,4,42989,137,0.8474661115909524,0.8862206013873912,188,1880,1880,1.0,0.9569644223051647,0.6875453879940648,0.6875453879940648
alg,ml-100k/u.data,0,43034,133,0.8946985287080448,0.9320903587022354,189,1890,1890,1.0,0.9541603799148581,0.7261465817160084,0.7261465817160081
alg,ml-100k/u.data,2,43044,129,0.971181256139222,1.0154880638994048,189,1890,1890,1.0,0.9467263503802184,0.7914538202949677,0.7914538202949675
alg,ml-100k/u.data,1,43052,128,0.8989399230686035,0.9338476698307855,189,1890,1890,1.0,0.9525808319748896,0.7373236866632796,0.7373236866632792
alg,ml-100k/u.data,3,43129,111,0.8940006979151219,0.9341649333653121,188,1880,1880,1.0,0.9526766788298454,0.7338342063989355,0.733834206398935
