Algorithm,DataSet,Partition,BuildTime,TestTime,RMSE.ByUser,RMSE.ByRating,NUsers,NAttempted,NGood,Coverage,nDCG,MAE.ByUser,MAE.ByRating
alg,ml-100k/u.data,1,42322,139,0.9004383125195506,0.9357341219038973,189,1890,1890,1.0,0.9517474713906147,0.7376269716906502,0.7376269716906511
alg,ml-100k/u.data,2,42355,137,0.9706144956610702,1.0148180121345989,189,1890,1890,1.0,0.9465174256678878,0.790871139949823,0.7908711399498235
alg,ml-100k/u.data,0,42367,128,0.8951651118678752,0.9319235364834528,189,1890,1890,1.0,0.9545334773198377,0.7290822520274949,0.7290822520274951
alg,ml-100k/u.data,3,42474,119,0.8944395265973588,0.9361729875059326,188,1880,1880,1.0,0.9513788802011423,0.7327481604338895,0.7327481604338889
alg,ml-100k/u.data,4,42478,115,0.851692841538954,0.8905100290125494,188,1880,1880,1.0,0.9552840683955188,0.6917929637482952,0.6917929637482954
