Algorithm,DataSet,Partition,BuildTime,TestTime,RMSE.ByUser,RMSE.ByRating,NUsers,NAttempted,NGood,Coverage,nDCG,MAE.ByUser,MAE.ByRating
alg,ml-100k/u.data,4,43416,151,0.8474675081537012,0.8865528209386907,188,1880,1880,1.0,0.9564510163672737,0.6873954481021813,0.6873954481021814
alg,ml-100k/u.data,3,43535,151,0.8944876352953196,0.9349567929084897,188,1880,1880,1.0,0.9524959050583824,0.7346101349492143,0.7346101349492136
alg,ml-100k/u.data,2,43574,128,0.9706790040282273,1.0154888850670514,189,1890,1890,1.0,0.9460621206733227,0.7910424306660311,0.7910424306660313
alg,ml-100k/u.data,0,43708,109,0.8950993051321544,0.9320347642804394,189,1890,1890,1.0,0.9538605980092153,0.7272266904529804,0.7272266904529805
alg,ml-100k/u.data,1,43729,111,0.8998386514854313,0.9351654211148878,189,1890,1890,1.0,0.9512845646828566,0.7373859810922873,0.737385981092287
