Algorithm,DataSet,Partition,BuildTime,TestTime,RMSE.ByUser,RMSE.ByRating,NUsers,NAttempted,NGood,Coverage,nDCG,MAE.ByUser,MAE.ByRating
alg,ml-100k/u.data,4,42658,158,0.8537963755837904,0.8926047775587209,188,1880,1880,1.0,0.9550819808875656,0.69468026299737,0.6946802629973696
alg,ml-100k/u.data,3,42821,143,0.897252579830717,0.9391289733561566,188,1880,1880,1.0,0.9518762850818399,0.7338992255782932,0.7338992255782932
alg,ml-100k/u.data,1,42828,141,0.9035259349876819,0.9387917389727017,189,1890,1890,1.0,0.9509844187827492,0.741219774063647,0.7412197740636476
alg,ml-100k/u.data,0,42963,117,0.898349297369569,0.9350590821395899,189,1890,1890,1.0,0.9538118340239534,0.7319985887276389,0.7319985887276395
alg,ml-100k/u.data,2,43492,104,0.9730651143418949,1.0170011875764156,189,1890,1890,1.0,0.9457929327987736,0.7928259853971766,0.7928259853971766
