Algorithm,DataSet,Partition,BuildTime,TestTime,RMSE.ByUser,RMSE.ByRating,NUsers,NAttempted,NGood,Coverage,nDCG,MAE.ByUser,MAE.ByRating
alg,ml-100k/u.data,1,43318,147,0.8986692141465684,0.9331565710088174,189,1890,1890,1.0,0.95232408485726,0.737485943029744,0.7374859430297444
alg,ml-100k/u.data,4,43469,138,0.8515827756593842,0.8904898327870678,188,1880,1880,1.0,0.9554950957220083,0.6919382529395748,0.6919382529395747
alg,ml-100k/u.data,0,43543,131,0.8933111355281594,0.9303575388120465,189,1890,1890,1.0,0.9544446228713669,0.7249634394474314,0.7249634394474317
alg,ml-100k/u.data,2,43617,114,0.9696529250635374,1.012936431887641,189,1890,1890,1.0,0.9443907728289761,0.7909722193284834,0.7909722193284836
alg,ml-100k/u.data,3,43644,113,0.8960663963754804,0.9363989266850625,188,1880,1880,1.0,0.9516446469482482,0.733346889641127,0.733346889641127
