Algorithm,DataSet,Partition,BuildTime,TestTime,RMSE.ByUser,RMSE.ByRating,NUsers,NAttempted,NGood,Coverage,nDCG,MAE.ByUser,MAE.ByRating
SVD_iteration150_meandamping5_featurecount30,ml-100k/u.data,2,7925,20,0.9272794902844309,0.9642974330789902,189,1890,1890,1.0,0.9509754690671526,0.7668255501575681,0.7668255501575686
SVD_iteration150_meandamping5_featurecount30,ml-100k/u.data,1,7937,17,0.9231081143887196,0.9564507580123862,189,1890,1890,1.0,0.948194880663361,0.7651234185123454,0.765123418512345
SVD_iteration150_meandamping5_featurecount30,ml-100k/u.data,3,8013,17,0.9014531254132465,0.9449182064365471,188,1880,1880,1.0,0.9502768640389517,0.7407768737322155,0.7407768737322161
SVD_iteration150_meandamping5_featurecount30,ml-100k/u.data,0,8025,16,0.8846040143124129,0.9238383091628604,189,1890,1890,1.0,0.951618927300867,0.7333591058304282,0.7333591058304274
SVD_iteration150_meandamping5_featurecount30,ml-100k/u.data,4,6910,14,0.8860633153252396,0.9251794967501416,188,1880,1880,1.0,0.9459734011198223,0.732605208037303,0.7326052080373027
