Algorithm,DataSet,Partition,BuildTime,TestTime,RMSE.ByUser,RMSE.ByRating,NUsers,NAttempted,NGood,Coverage,nDCG,MAE.ByUser,MAE.ByRating
SVD_iteration150_meandamping5_featurecount30,ml-100k/u.data,4,7600,18,0.8836244225938433,0.923579590978129,188,1880,1880,1.0,0.9474421816015203,0.7283966679528854,0.7283966679528849
SVD_iteration150_meandamping5_featurecount30,ml-100k/u.data,3,7601,17,0.8948346135522768,0.9384710089237468,188,1880,1880,1.0,0.9526816875201134,0.7338874561200754,0.7338874561200757
SVD_iteration150_meandamping5_featurecount30,ml-100k/u.data,1,7612,16,0.9210791948542252,0.9560949667192518,189,1890,1890,1.0,0.94822681045444,0.7586537685080547,0.7586537685080547
SVD_iteration150_meandamping5_featurecount30,ml-100k/u.data,2,7682,16,0.9214825078032899,0.9587531761056511,189,1890,1890,1.0,0.9503084343648319,0.7609730394044882,0.7609730394044887
SVD_iteration150_meandamping5_featurecount30,ml-100k/u.data,0,6419,14,0.8812792755082158,0.9212120407646881,189,1890,1890,1.0,0.9529376452016707,0.7296142409878881,0.7296142409878884
