Algorithm,DataSet,Partition,BuildTime,TestTime,RMSE.ByUser,RMSE.ByRating,NUsers,NAttempted,NGood,Coverage,nDCG,MAE.ByUser,MAE.ByRating
SVD_iteration150_meandamping5_featurecount30,ml-100k/u.data,0,6720,18,0.8865486578861081,0.9260929998284888,189,1890,1890,1.0,0.9531291861734887,0.7350259470214172,0.7350259470214178
SVD_iteration150_meandamping5_featurecount30,ml-100k/u.data,1,6724,19,0.9228639193430801,0.9574849954674466,189,1890,1890,1.0,0.9475582373188024,0.7615121770193449,0.7615121770193447
SVD_iteration150_meandamping5_featurecount30,ml-100k/u.data,4,6729,20,0.8840188628040329,0.9237611065471477,188,1880,1880,1.0,0.9459580668424687,0.7285668860496383,0.7285668860496384
SVD_iteration150_meandamping5_featurecount30,ml-100k/u.data,3,6763,19,0.8951300737141263,0.9376821376591181,188,1880,1880,1.0,0.9514791862790238,0.7351006836169112,0.7351006836169106
SVD_iteration150_meandamping5_featurecount30,ml-100k/u.data,2,5482,16,0.9238758183551495,0.9611211437203282,189,1890,1890,1.0,0.950712360969125,0.7633481050846009,0.7633481050846012
