Algorithm,DataSet,Partition,BuildTime,TestTime,RMSE.ByUser,RMSE.ByRating,NUsers,NAttempted,NGood,Coverage,nDCG,MAE.ByUser,MAE.ByRating
SVD_iteration150_meandamping5_featurecount30,ml-100k/u.data,2,5815,20,0.92879937904793,0.9657700388709883,189,1890,1890,1.0,0.948364867298521,0.7694044823628502,0.7694044823628503
SVD_iteration150_meandamping5_featurecount30,ml-100k/u.data,3,5838,20,0.903750771945823,0.9454594930923597,188,1880,1880,1.0,0.9501315282382312,0.7430632580400577,0.7430632580400576
SVD_iteration150_meandamping5_featurecount30,ml-100k/u.data,4,5841,22,0.8840637010420344,0.9227427988626218,188,1880,1880,1.0,0.9466943740540904,0.7299725202109847,0.7299725202109845
SVD_iteration150_meandamping5_featurecount30,ml-100k/u.data,0,6038,18,0.8918372670690228,0.9306736028505921,189,1890,1890,1.0,0.9511098802160598,0.7397681116156359,0.7397681116156358
SVD_iteration150_meandamping5_featurecount30,ml-100k/u.data,1,4821,15,0.9239203878513459,0.9565347913476895,189,1890,1890,1.0,0.9474692936123281,0.7671593640497989,0.7671593640497992
