Algorithm,DataSet,Partition,BuildTime,TestTime,RMSE.ByUser,RMSE.ByRating,NUsers,NAttempted,NGood,Coverage,nDCG,MAE.ByUser,MAE.ByRating
SVD_iteration150_meandamping5_featurecount30,ml-100k/u.data,4,10262,18,0.8860456956225563,0.9252714133286852,188,1880,1880,1.0,0.9463166419640863,0.7328550674706985,0.7328550674706987
SVD_iteration150_meandamping5_featurecount30,ml-100k/u.data,2,10354,19,0.9279615391274743,0.9649495352400289,189,1890,1890,1.0,0.9508500696396006,0.7670715580238829,0.767071558023883
SVD_iteration150_meandamping5_featurecount30,ml-100k/u.data,1,10413,16,0.9221353074610182,0.9555629393314163,189,1890,1890,1.0,0.9481401971536207,0.7641549593932006,0.764154959393201
SVD_iteration150_meandamping5_featurecount30,ml-100k/u.data,3,10445,17,0.8997976365108973,0.9441506050807705,188,1880,1880,1.0,0.9501256451730542,0.7396492862788142,0.7396492862788141
SVD_iteration150_meandamping5_featurecount30,ml-100k/u.data,0,8980,15,0.8836580194649772,0.9226965981000872,189,1890,1890,1.0,0.9516417366162848,0.7319390605079094,0.7319390605079089
