Algorithm,DataSet,Partition,BuildTime,TestTime,RMSE.ByUser,RMSE.ByRating,NUsers,NAttempted,NGood,Coverage,nDCG,MAE.ByUser,MAE.ByRating
SVD_iteration150_meandamping5_featurecount30,ml-100k/u.data,2,6581,17,0.928666792912147,0.9660087674593488,189,1890,1890,1.0,0.9496920125512655,0.7685336179212195,0.7685336179212198
SVD_iteration150_meandamping5_featurecount30,ml-100k/u.data,3,6602,18,0.9003255527373673,0.9424991658917059,188,1880,1880,1.0,0.9505946795302322,0.7402488848478724,0.7402488848478724
SVD_iteration150_meandamping5_featurecount30,ml-100k/u.data,1,6617,17,0.9238707255773353,0.9574609269065466,189,1890,1890,1.0,0.9472166425014705,0.765500686623213,0.7655006866232128
SVD_iteration150_meandamping5_featurecount30,ml-100k/u.data,0,6631,17,0.8895219100807205,0.928708976266431,189,1890,1890,1.0,0.952020256729374,0.738450663165189,0.738450663165189
SVD_iteration150_meandamping5_featurecount30,ml-100k/u.data,4,5555,15,0.8847219151262168,0.9234615211372761,188,1880,1880,1.0,0.9472528580714974,0.730485788575357,0.7304857885753568
