Algorithm,DataSet,Partition,BuildTime,TestTime,RMSE.ByUser,RMSE.ByRating,NUsers,NAttempted,NGood,Coverage,nDCG,MAE.ByUser,MAE.ByRating
SVD_iteration150_meandamping5_featurecount30,ml-100k/u.data,0,6417,18,0.886654563016689,0.9261788761872435,189,1890,1890,1.0,0.9529583913993408,0.7351299192901651,0.7351299192901651
SVD_iteration150_meandamping5_featurecount30,ml-100k/u.data,4,6454,19,0.8836421812330654,0.9231701655961436,188,1880,1880,1.0,0.9471295006717645,0.7283938700303649,0.7283938700303653
SVD_iteration150_meandamping5_featurecount30,ml-100k/u.data,2,6527,18,0.9239886960009409,0.9612040939687813,189,1890,1890,1.0,0.9508827148545819,0.7636090503313094,0.7636090503313094
SVD_iteration150_meandamping5_featurecount30,ml-100k/u.data,3,6798,18,0.8953161652550732,0.9378620168554986,188,1880,1880,1.0,0.9512226394024861,0.7354603991922537,0.7354603991922534
SVD_iteration150_meandamping5_featurecount30,ml-100k/u.data,1,5498,18,0.9226849582779622,0.9572631609022738,189,1890,1890,1.0,0.9479330886765651,0.7615514705351477,0.7615514705351474
