Algorithm,DataSet,Partition,BuildTime,TestTime,RMSE.ByUser,RMSE.ByRating,NUsers,NAttempted,NGood,Coverage,nDCG,MAE.ByUser,MAE.ByRating
SVD_iteration150_meandamping5_featurecount70,ml-100k/u.data,0,12670,16,0.8754812805716619,0.9150758453939465,189,1890,1890,1.0,0.9540534180225816,0.72257365751691,0.7225736575169099
SVD_iteration150_meandamping5_featurecount70,ml-100k/u.data,2,12703,18,0.9198718298007826,0.9572149472534214,189,1890,1890,1.0,0.9519943105864974,0.7588393072758577,0.758839307275858
SVD_iteration150_meandamping5_featurecount70,ml-100k/u.data,1,12704,18,0.9174294084528035,0.9520945065858751,189,1890,1890,1.0,0.9486135538618522,0.7576175497020818,0.7576175497020818
SVD_iteration150_meandamping5_featurecount70,ml-100k/u.data,3,12747,56,0.8962220764512588,0.9417234831181309,188,1880,1880,1.0,0.9506538623050942,0.7351191993770055,0.7351191993770058
SVD_iteration150_meandamping5_featurecount70,ml-100k/u.data,4,11583,18,0.8798672728680312,0.9193258551286237,188,1880,1880,1.0,0.9491354909948893,0.7262521820402001,0.7262521820402005
