Algorithm,DataSet,Partition,BuildTime,TestTime,RMSE.ByUser,RMSE.ByRating,NUsers,NAttempted,NGood,Coverage,nDCG,MAE.ByUser,MAE.ByRating
SVD_iteration150_meandamping5_featurecount30,ml-100k/u.data,0,6441,18,0.886416644111251,0.9259692611184559,189,1890,1890,1.0,0.9531893160115136,0.7348685311486031,0.7348685311486032
SVD_iteration150_meandamping5_featurecount30,ml-100k/u.data,4,6499,22,0.8841388129235722,0.9238658617480009,188,1880,1880,1.0,0.9471425406699473,0.7284957389679392,0.7284957389679398
SVD_iteration150_meandamping5_featurecount30,ml-100k/u.data,3,6503,21,0.8947182894824434,0.9371598785686543,188,1880,1880,1.0,0.9517403546205304,0.7346407630121464,0.7346407630121462
SVD_iteration150_meandamping5_featurecount30,ml-100k/u.data,1,6529,46,0.923049879206058,0.9577051758695554,189,1890,1890,1.0,0.9479587012199734,0.7614967982667304,0.7614967982667304
SVD_iteration150_meandamping5_featurecount30,ml-100k/u.data,2,5521,16,0.9237263989523039,0.9609373682151109,189,1890,1890,1.0,0.9507345478900898,0.7630955991800155,0.7630955991800162
