Algorithm,DataSet,Partition,BuildTime,TestTime,RMSE.ByUser,RMSE.ByRating,NUsers,NAttempted,NGood,Coverage,nDCG,MAE.ByUser,MAE.ByRating
SVD_iteration150_meandamping5_featurecount60,ml-100k/u.data,2,11135,21,0.9213773446612081,0.9588417284610072,189,1890,1890,1.0,0.9515777522238558,0.7604533245047964,0.7604533245047967
SVD_iteration150_meandamping5_featurecount60,ml-100k/u.data,3,11227,30,0.8971343591159985,0.9428305169184836,188,1880,1880,1.0,0.9491667365837465,0.7356790025283109,0.7356790025283114
SVD_iteration150_meandamping5_featurecount60,ml-100k/u.data,1,11259,49,0.9177536004261355,0.9526723356576426,189,1890,1890,1.0,0.9485250387494815,0.7573481064235483,0.7573481064235483
SVD_iteration150_meandamping5_featurecount60,ml-100k/u.data,4,11399,18,0.8793193601268866,0.9185987825541253,188,1880,1880,1.0,0.9492734582973612,0.7259698938872097,0.72596989388721
SVD_iteration150_meandamping5_featurecount60,ml-100k/u.data,0,9841,15,0.8760881217250446,0.9157749136121152,189,1890,1890,1.0,0.9538707253681655,0.7232342521430289,0.7232342521430282
