Algorithm,DataSet,Partition,BuildTime,TestTime,RMSE.ByUser,RMSE.ByRating,NUsers,NAttempted,NGood,Coverage,nDCG,MAE.ByUser,MAE.ByRating
SVD_iteration150_meandamping5_featurecount30,ml-100k/u.data,0,5596,23,0.889806144573203,0.9295085609255859,189,1890,1890,1.0,0.9519519091447687,0.7372151535858872,0.7372151535858872
SVD_iteration150_meandamping5_featurecount30,ml-100k/u.data,3,5630,23,0.8988852786766277,0.9402163292474047,188,1880,1880,1.0,0.9511781522768326,0.7372603642308323,0.7372603642308324
SVD_iteration150_meandamping5_featurecount30,ml-100k/u.data,2,5632,23,0.9229982830120762,0.9601948262427514,189,1890,1890,1.0,0.9495174558336881,0.7639817304334143,0.763981730433415
SVD_iteration150_meandamping5_featurecount30,ml-100k/u.data,4,5659,24,0.880827906815106,0.9210116076664483,188,1880,1880,1.0,0.9466568965883033,0.7272032019875065,0.7272032019875067
SVD_iteration150_meandamping5_featurecount30,ml-100k/u.data,1,4731,18,0.9194771406453904,0.952685584345465,189,1890,1890,1.0,0.9487424581759962,0.7612574355571629,0.7612574355571631
