Algorithm,DataSet,Partition,BuildTime,TestTime,RMSE.ByUser,RMSE.ByRating,NUsers,NAttempted,NGood,Coverage,nDCG,MAE.ByUser,MAE.ByRating
SVD_iteration150_meandamping5_featurecount55,ml-100k/u.data,3,10124,43,0.8960593618123339,0.9417221987044563,188,1880,1880,1.0,0.9499273845788118,0.7346794686535407,0.7346794686535401
SVD_iteration150_meandamping5_featurecount55,ml-100k/u.data,1,10164,41,0.9186059230073661,0.9535871785114641,189,1890,1890,1.0,0.9480691596757698,0.7575652399404273,0.7575652399404273
SVD_iteration150_meandamping5_featurecount55,ml-100k/u.data,2,10193,35,0.9211786033536116,0.9586033404799333,189,1890,1890,1.0,0.9514542656832493,0.7602198873560879,0.7602198873560879
SVD_iteration150_meandamping5_featurecount55,ml-100k/u.data,0,10193,37,0.8766777467876459,0.9164391630567948,189,1890,1890,1.0,0.9532008770684273,0.7233482589068603,0.7233482589068605
SVD_iteration150_meandamping5_featurecount55,ml-100k/u.data,4,8548,25,0.8794212524654772,0.9184469083299436,188,1880,1880,1.0,0.9488600014511752,0.7260598587922202,0.7260598587922203
