Algorithm,DataSet,Partition,BuildTime,TestTime,RMSE.ByUser,RMSE.ByRating,NUsers,NAttempted,NGood,Coverage,nDCG,MAE.ByUser,MAE.ByRating
SVD_iteration150_meandamping5_featurecount30,ml-100k/u.data,1,5487,22,0.9205757400599693,0.9536635772889901,189,1890,1890,1.0,0.9478128754720896,0.7628556889773753,0.7628556889773754
SVD_iteration150_meandamping5_featurecount30,ml-100k/u.data,2,5545,23,0.9243191370709386,0.9614616506986772,189,1890,1890,1.0,0.9487917421830879,0.7650424364253429,0.7650424364253425
SVD_iteration150_meandamping5_featurecount30,ml-100k/u.data,3,5591,23,0.9002266755736331,0.9416387201755001,188,1880,1880,1.0,0.9513593264376187,0.7389672334180538,0.7389672334180538
SVD_iteration150_meandamping5_featurecount30,ml-100k/u.data,0,5613,22,0.8897680088295039,0.9292140390779988,189,1890,1890,1.0,0.9519109168863784,0.7375056121263626,0.7375056121263625
SVD_iteration150_meandamping5_featurecount30,ml-100k/u.data,4,4852,19,0.881782473442322,0.9220097992646813,188,1880,1880,1.0,0.9458059044979154,0.7280776454582533,0.7280776454582539
