Algorithm,DataSet,Partition,BuildTime,TestTime,RMSE.ByUser,RMSE.ByRating,NUsers,NAttempted,NGood,Coverage,nDCG,MAE.ByUser,MAE.ByRating
SVD_iteration150_meandamping5_featurecount30,ml-100k/u.data,0,10210,15,0.8772456252844352,0.9168058824887678,189,1890,1890,1.0,0.9531850734155067,0.7250675068963479,0.7250675068963479
SVD_iteration150_meandamping5_featurecount30,ml-100k/u.data,3,10212,16,0.896755129345539,0.941950568722656,188,1880,1880,1.0,0.9505970317288284,0.7360661786095395,0.7360661786095399
SVD_iteration150_meandamping5_featurecount30,ml-100k/u.data,1,10318,16,0.9189759747147803,0.9534230091599997,189,1890,1890,1.0,0.9488755322372588,0.7586611042596768,0.7586611042596765
SVD_iteration150_meandamping5_featurecount30,ml-100k/u.data,2,10384,16,0.921175849571622,0.9584098311102582,189,1890,1890,1.0,0.9512211321612803,0.7600901030740399,0.7600901030740392
SVD_iteration150_meandamping5_featurecount30,ml-100k/u.data,4,8927,15,0.880797667216168,0.9197610488702443,188,1880,1880,1.0,0.9487431202911243,0.7280096211325391,0.7280096211325391
