Algorithm,DataSet,Partition,BuildTime,TestTime,RMSE.ByUser,RMSE.ByRating,NUsers,NAttempted,NGood,Coverage,nDCG,MAE.ByUser,MAE.ByRating
SVD_iteration150_meandamping5_featurecount30,ml-100k/u.data,4,7242,17,0.8868022263139576,0.9260446272613613,188,1880,1880,1.0,0.9463008599495482,0.7328416364973219,0.7328416364973218
SVD_iteration150_meandamping5_featurecount30,ml-100k/u.data,2,7247,16,0.9279675660769204,0.96502989932484,189,1890,1890,1.0,0.9513819693927361,0.7674707282886359,0.7674707282886358
SVD_iteration150_meandamping5_featurecount30,ml-100k/u.data,1,7248,16,0.9232886901163138,0.9567234234192635,189,1890,1890,1.0,0.9481138884612004,0.7653338107855292,0.7653338107855291
SVD_iteration150_meandamping5_featurecount30,ml-100k/u.data,0,7277,15,0.8876099632638882,0.9267892268531785,189,1890,1890,1.0,0.9514416530350017,0.7362243385665562,0.7362243385665559
SVD_iteration150_meandamping5_featurecount30,ml-100k/u.data,3,6253,14,0.9004553911532903,0.9432348459824867,188,1880,1880,1.0,0.950953579325845,0.7399853145066119,0.7399853145066114
