Algorithm,DataSet,Partition,BuildTime,TestTime,RMSE.ByUser,RMSE.ByRating,NUsers,NAttempted,NGood,Coverage,nDCG,MAE.ByUser,MAE.ByRating
SVD_iteration150_meandamping5_featurecount30,ml-100k/u.data,4,8301,17,0.8824821041370319,0.9212612729211461,188,1880,1880,1.0,0.947880970319421,0.7279454749056502,0.7279454749056504
SVD_iteration150_meandamping5_featurecount30,ml-100k/u.data,0,8313,15,0.8796639340519321,0.9194272757269032,189,1890,1890,1.0,0.9522304048128952,0.7279604257606356,0.7279604257606355
SVD_iteration150_meandamping5_featurecount30,ml-100k/u.data,1,8332,16,0.9202245576268188,0.9546325870348753,189,1890,1890,1.0,0.9483175007603083,0.7594970701228464,0.7594970701228457
SVD_iteration150_meandamping5_featurecount30,ml-100k/u.data,2,8570,15,0.921481573246683,0.9587590717411985,189,1890,1890,1.0,0.9509712481655915,0.7603653018290107,0.7603653018290105
SVD_iteration150_meandamping5_featurecount30,ml-100k/u.data,3,6933,14,0.8972001488245094,0.9416172315036402,188,1880,1880,1.0,0.9512141094671417,0.73607447663341,0.7360744766334094
