Algorithm,DataSet,Partition,BuildTime,TestTime,RMSE.ByUser,RMSE.ByRating,NUsers,NAttempted,NGood,Coverage,nDCG,MAE.ByUser,MAE.ByRating
SVD_iteration150_meandamping5_featurecount70,ml-100k/u.data,0,13553,16,0.8760597522950042,0.9158147008723294,189,1890,1890,1.0,0.9532855558426268,0.723067544768394,0.7230675447683943
SVD_iteration150_meandamping5_featurecount70,ml-100k/u.data,1,13707,17,0.9161339874919836,0.9509040923315849,189,1890,1890,1.0,0.9480722982192912,0.7564347337266315,0.7564347337266312
SVD_iteration150_meandamping5_featurecount70,ml-100k/u.data,4,13831,17,0.8786290728269803,0.9181592054471177,188,1880,1880,1.0,0.9489737732503692,0.7257395183401526,0.7257395183401524
SVD_iteration150_meandamping5_featurecount70,ml-100k/u.data,3,13845,16,0.8961208226664525,0.9415839805356423,188,1880,1880,1.0,0.9499411227078287,0.7350773881049087,0.7350773881049086
SVD_iteration150_meandamping5_featurecount70,ml-100k/u.data,2,11747,15,0.9202388772089317,0.9575107579073004,189,1890,1890,1.0,0.9519202424573352,0.7593547352409251,0.7593547352409252
