Algorithm,DataSet,Partition,BuildTime,TestTime,RMSE.ByUser,RMSE.ByRating,NUsers,NAttempted,NGood,Coverage,nDCG,MAE.ByUser,MAE.ByRating
SVD_iteration150_meandamping5_featurecount30,ml-100k/u.data,1,7182,16,0.9235526637109372,0.9570809296240492,189,1890,1890,1.0,0.9479056348972787,0.7648728721549017,0.7648728721549022
SVD_iteration150_meandamping5_featurecount30,ml-100k/u.data,4,7182,18,0.8858159820921631,0.9249247304267075,188,1880,1880,1.0,0.9467648067367603,0.7321419371943401,0.73214193719434
SVD_iteration150_meandamping5_featurecount30,ml-100k/u.data,0,7199,16,0.8863015474173328,0.9256470306948029,189,1890,1890,1.0,0.9521750002102444,0.7349337739510651,0.7349337739510653
SVD_iteration150_meandamping5_featurecount30,ml-100k/u.data,2,7226,16,0.9282989321301227,0.9655275528054794,189,1890,1890,1.0,0.9502740208051454,0.7670478276022444,0.7670478276022439
SVD_iteration150_meandamping5_featurecount30,ml-100k/u.data,3,6289,14,0.9005323482134151,0.9433273202711226,188,1880,1880,1.0,0.9519139098820388,0.7401134678600534,0.7401134678600528
