Algorithm,DataSet,Partition,BuildTime,TestTime,RMSE.ByUser,RMSE.ByRating,NUsers,NAttempted,NGood,Coverage,nDCG,MAE.ByUser,MAE.ByRating
SVD_iteration150_meandamping5_featurecount30,ml-100k/u.data,1,5422,41,0.9189036259551498,0.9521947686783646,189,1890,1890,1.0,0.9487346474610193,0.7605282248878258,0.7605282248878262
SVD_iteration150_meandamping5_featurecount30,ml-100k/u.data,4,5478,52,0.8808227861127399,0.920975817260446,188,1880,1880,1.0,0.9468227730691614,0.7270435302195312,0.7270435302195319
SVD_iteration150_meandamping5_featurecount30,ml-100k/u.data,0,5533,51,0.8897720088607028,0.9295431157351166,189,1890,1890,1.0,0.9522660619405703,0.7370974888526423,0.737097488852643
SVD_iteration150_meandamping5_featurecount30,ml-100k/u.data,2,5548,54,0.9228455689488217,0.9600447289892673,189,1890,1890,1.0,0.9495069296158614,0.7638055165465585,0.7638055165465579
SVD_iteration150_meandamping5_featurecount30,ml-100k/u.data,3,4894,22,0.8985173175878062,0.939886805476468,188,1880,1880,1.0,0.9521667708103265,0.7367539126417003,0.7367539126417008
