Algorithm,DataSet,Partition,BuildTime,TestTime,RMSE.ByUser,RMSE.ByRating,NUsers,NAttempted,NGood,Coverage,nDCG,MAE.ByUser,MAE.ByRating
SVD_iteration150_meandamping5_featurecount30,ml-100k/u.data,1,6286,17,0.9229889574431864,0.9571983827934949,189,1890,1890,1.0,0.9475598210821078,0.7630086299564095,0.7630086299564093
SVD_iteration150_meandamping5_featurecount30,ml-100k/u.data,0,6387,17,0.8870546632995673,0.9265264999637925,189,1890,1890,1.0,0.9527451526757407,0.735645682021631,0.7356456820216308
SVD_iteration150_meandamping5_featurecount30,ml-100k/u.data,4,6401,17,0.883423376755449,0.9225867652563525,188,1880,1880,1.0,0.9475555309558388,0.7286787024786078,0.7286787024786082
SVD_iteration150_meandamping5_featurecount30,ml-100k/u.data,2,6509,17,0.9248937714465105,0.9622186577679978,189,1890,1890,1.0,0.9507353500534542,0.7647064536579405,0.7647064536579407
SVD_iteration150_meandamping5_featurecount30,ml-100k/u.data,3,5565,16,0.8962724275393675,0.938714102081366,188,1880,1880,1.0,0.9514381440942097,0.7366471016902819,0.7366471016902817
