Algorithm,DataSet,Partition,BuildTime,TestTime,RMSE.ByUser,RMSE.ByRating,NUsers,NAttempted,NGood,Coverage,nDCG,MAE.ByUser,MAE.ByRating
SVD_iteration150_meandamping5_featurecount30,ml-100k/u.data,3,5326,36,0.8984039731597077,0.9397548341756554,188,1880,1880,1.0,0.9519051787674344,0.7365601253631521,0.7365601253631514
SVD_iteration150_meandamping5_featurecount30,ml-100k/u.data,1,5360,40,0.918713006738223,0.9520122890696382,189,1890,1890,1.0,0.9496691359183733,0.7602251672721893,0.7602251672721889
SVD_iteration150_meandamping5_featurecount30,ml-100k/u.data,2,5372,36,0.9226775096204247,0.9598924762948111,189,1890,1890,1.0,0.9495072115568391,0.7637377688391028,0.7637377688391027
SVD_iteration150_meandamping5_featurecount30,ml-100k/u.data,4,5391,32,0.8808970727327046,0.9210072007107563,188,1880,1880,1.0,0.9467759340093735,0.7270561735678938,0.7270561735678939
SVD_iteration150_meandamping5_featurecount30,ml-100k/u.data,0,4909,24,0.8897128947242321,0.929531173064956,189,1890,1890,1.0,0.9525422356241371,0.736935221491536,0.7369352214915352
