Algorithm,DataSet,Partition,BuildTime,TestTime,RMSE.ByUser,RMSE.ByRating,NUsers,NAttempted,NGood,Coverage,nDCG,MAE.ByUser,MAE.ByRating
SVD_iteration150_meandamping5_featurecount30,ml-100k/u.data,0,5473,23,0.8915738253871026,0.9305194388699864,189,1890,1890,1.0,0.9517927743464327,0.7393957663351298,0.7393957663351298
SVD_iteration150_meandamping5_featurecount30,ml-100k/u.data,1,5497,31,0.922767013700719,0.9555039612870098,189,1890,1890,1.0,0.9482312806119955,0.7658340606656399,0.7658340606656397
SVD_iteration150_meandamping5_featurecount30,ml-100k/u.data,2,5501,30,0.9283598988655626,0.9654120393138031,189,1890,1890,1.0,0.9490757021917137,0.768748414630097,0.7687484146300974
SVD_iteration150_meandamping5_featurecount30,ml-100k/u.data,3,5512,28,0.9033335991793019,0.9447820209667723,188,1880,1880,1.0,0.9500909637480335,0.7426194523588069,0.7426194523588067
SVD_iteration150_meandamping5_featurecount30,ml-100k/u.data,4,4813,20,0.8840701670330956,0.922942945981074,188,1880,1880,1.0,0.9475458231533785,0.7299158674307558,0.7299158674307554
