Algorithm,DataSet,Partition,BuildTime,TestTime,RMSE.ByUser,RMSE.ByRating,NUsers,NAttempted,NGood,Coverage,nDCG,MAE.ByUser,MAE.ByRating
SVD_iteration150_meandamping5_featurecount70,ml-100k/u.data,2,12563,20,0.9200012145648427,0.9573497618460862,189,1890,1890,1.0,0.9514674389710256,0.7588299585860563,0.7588299585860558
SVD_iteration150_meandamping5_featurecount70,ml-100k/u.data,4,12587,28,0.8781370066619805,0.917351796706513,188,1880,1880,1.0,0.9494072728462751,0.7252975827885769,0.7252975827885765
SVD_iteration150_meandamping5_featurecount70,ml-100k/u.data,3,12603,24,0.8960736248562605,0.9417991528009245,188,1880,1880,1.0,0.950020937688691,0.7348262764492959,0.7348262764492957
SVD_iteration150_meandamping5_featurecount70,ml-100k/u.data,0,12634,18,0.8755664949780566,0.9151854693578174,189,1890,1890,1.0,0.9536948402017217,0.7224477279050973,0.7224477279050969
SVD_iteration150_meandamping5_featurecount70,ml-100k/u.data,1,10741,16,0.9170422870534589,0.9519339379724175,189,1890,1890,1.0,0.9487138954571271,0.7564938409693496,0.7564938409693489
