Algorithm,DataSet,Partition,BuildTime,TestTime,RMSE.ByUser,RMSE.ByRating,NUsers,NAttempted,NGood,Coverage,nDCG,MAE.ByUser,MAE.ByRating
SVD_iteration150_meandamping5_featurecount30,ml-100k/u.data,0,8362,16,0.8785681154682538,0.9183745325655939,189,1890,1890,1.0,0.9528265830464552,0.7261349364758747,0.7261349364758742
SVD_iteration150_meandamping5_featurecount30,ml-100k/u.data,1,8371,17,0.919807873812747,0.9546743288079187,189,1890,1890,1.0,0.9487496634450524,0.7579851986113433,0.7579851986113438
SVD_iteration150_meandamping5_featurecount30,ml-100k/u.data,3,8500,17,0.8969799384171534,0.9415692743541484,188,1880,1880,1.0,0.952387240828574,0.7352234197424218,0.7352234197424213
SVD_iteration150_meandamping5_featurecount30,ml-100k/u.data,4,8602,17,0.8820302698169246,0.9215017494162548,188,1880,1880,1.0,0.9469479161317906,0.7265017915132083,0.7265017915132088
SVD_iteration150_meandamping5_featurecount30,ml-100k/u.data,2,8059,14,0.9202830216948897,0.9576109867344913,189,1890,1890,1.0,0.9507977837468214,0.7598540597376412,0.7598540597376411
