Algorithm,DataSet,Partition,BuildTime,TestTime,RMSE.ByUser,RMSE.ByRating,NUsers,NAttempted,NGood,Coverage,nDCG,MAE.ByUser,MAE.ByRating
SVD_iteration150_meandamping5_featurecount30,ml-100k/u.data,2,10513,17,0.9206476106969169,0.958036711894017,189,1890,1890,1.0,0.9503884934967433,0.7594967435578986,0.7594967435578982
SVD_iteration150_meandamping5_featurecount30,ml-100k/u.data,1,10550,16,0.9179960307879287,0.9527571696413252,189,1890,1890,1.0,0.9496522878659263,0.7571999506177891,0.7571999506177892
SVD_iteration150_meandamping5_featurecount30,ml-100k/u.data,0,10550,16,0.876713765990414,0.916471065415944,189,1890,1890,1.0,0.953160984860954,0.7241292249960114,0.7241292249960112
SVD_iteration150_meandamping5_featurecount30,ml-100k/u.data,3,10580,17,0.8960221354440123,0.9414450784952686,188,1880,1880,1.0,0.9506487067633834,0.7350288504688138,0.7350288504688139
SVD_iteration150_meandamping5_featurecount30,ml-100k/u.data,4,9720,17,0.8797970130055649,0.9184568952697884,188,1880,1880,1.0,0.9490081445716251,0.7262001166062946,0.7262001166062946
