Algorithm,DataSet,Partition,BuildTime,TestTime,RMSE.ByUser,RMSE.ByRating,NUsers,NAttempted,NGood,Coverage,nDCG,MAE.ByUser,MAE.ByRating
SVD_iteration150_meandamping5_featurecount30,ml-100k/u.data,2,10115,17,0.9272674686684749,0.9644333422873067,189,1890,1890,1.0,0.9501928030383446,0.7658352418637155,0.7658352418637155
SVD_iteration150_meandamping5_featurecount30,ml-100k/u.data,0,10185,16,0.8819871262340113,0.9209402439639857,189,1890,1890,1.0,0.9519812159406609,0.7303229824391063,0.7303229824391064
SVD_iteration150_meandamping5_featurecount30,ml-100k/u.data,1,10212,39,0.9212710778329319,0.9547738670225162,189,1890,1890,1.0,0.9479556344181418,0.7628520318626579,0.7628520318626588
SVD_iteration150_meandamping5_featurecount30,ml-100k/u.data,3,10259,16,0.8999487891559105,0.9442468086584453,188,1880,1880,1.0,0.9510307683154756,0.7400246523477564,0.7400246523477559
SVD_iteration150_meandamping5_featurecount30,ml-100k/u.data,4,8853,20,0.8851447932144209,0.9243432394353044,188,1880,1880,1.0,0.9463094706412317,0.7322190136276949,0.7322190136276947
