Algorithm,DataSet,Partition,BuildTime,TestTime,RMSE.ByUser,RMSE.ByRating,NUsers,NAttempted,NGood,Coverage,nDCG,MAE.ByUser,MAE.ByRating
SVD_iteration150_meandamping5_featurecount30,ml-100k/u.data,0,6393,18,0.886499021687646,0.9261193304621141,189,1890,1890,1.0,0.9527989065566904,0.7349563687089155,0.7349563687089153
SVD_iteration150_meandamping5_featurecount30,ml-100k/u.data,2,6430,18,0.923681817505298,0.9608878736802067,189,1890,1890,1.0,0.95070309841384,0.7630313320294644,0.7630313320294643
SVD_iteration150_meandamping5_featurecount30,ml-100k/u.data,3,6449,19,0.8947660232036427,0.9371848894061207,188,1880,1880,1.0,0.9517787798884128,0.7345392094096705,0.7345392094096705
SVD_iteration150_meandamping5_featurecount30,ml-100k/u.data,1,6585,17,0.9231860534962146,0.9578906084282496,189,1890,1890,1.0,0.947670580459069,0.7615041302015554,0.7615041302015558
SVD_iteration150_meandamping5_featurecount30,ml-100k/u.data,4,5502,16,0.8841338394073196,0.9237562901948236,188,1880,1880,1.0,0.9472358383120574,0.7286398720272889,0.728639872027288
