Algorithm,DataSet,Partition,BuildTime,TestTime,RMSE.ByUser,RMSE.ByRating,NUsers,NAttempted,NGood,Coverage,nDCG,MAE.ByUser,MAE.ByRating
SVD_iteration150_meandamping5_featurecount60,ml-100k/u.data,2,11843,22,0.9199690021150653,0.9576174946766934,189,1890,1890,1.0,0.951781461780882,0.759075068537729,0.7590750685377292
SVD_iteration150_meandamping5_featurecount60,ml-100k/u.data,0,11846,22,0.8762812461852123,0.9159767161408985,189,1890,1890,1.0,0.953089307013115,0.7231366468890477,0.7231366468890481
SVD_iteration150_meandamping5_featurecount60,ml-100k/u.data,1,11862,22,0.9177812097378538,0.952544475952044,189,1890,1890,1.0,0.9487157082509302,0.7572499832796513,0.7572499832796513
SVD_iteration150_meandamping5_featurecount60,ml-100k/u.data,3,11967,22,0.8965349903576388,0.9422411901087484,188,1880,1880,1.0,0.9498858335053478,0.735327024975887,0.7353270249758871
SVD_iteration150_meandamping5_featurecount60,ml-100k/u.data,4,9930,19,0.8795442384678593,0.9190847284849267,188,1880,1880,1.0,0.9496502004305453,0.7260465226852205,0.7260465226852205
