Algorithm,DataSet,Partition,BuildTime,TestTime,RMSE.ByUser,RMSE.ByRating,NUsers,NAttempted,NGood,Coverage,nDCG,MAE.ByUser,MAE.ByRating
SVD_iteration150_meandamping5_featurecount55,ml-100k/u.data,3,10936,172,0.896401334496859,0.9420066360820725,188,1880,1880,1.0,0.9497032658185722,0.7348926064169856,0.7348926064169857
SVD_iteration150_meandamping5_featurecount55,ml-100k/u.data,1,10920,191,0.9175467307869356,0.952691872794503,189,1890,1890,1.0,0.9494136239147012,0.756443462221499,0.7564434622214996
SVD_iteration150_meandamping5_featurecount55,ml-100k/u.data,0,10919,191,0.876483133281668,0.9162418903451893,189,1890,1890,1.0,0.9530765736331329,0.7232147388241782,0.7232147388241779
SVD_iteration150_meandamping5_featurecount55,ml-100k/u.data,2,10983,161,0.9203487371404695,0.9578871297055317,189,1890,1890,1.0,0.9516414188148449,0.7592040519778538,0.7592040519778533
SVD_iteration150_meandamping5_featurecount55,ml-100k/u.data,4,8842,45,0.8797517020705123,0.9189495267233158,188,1880,1880,1.0,0.9489882354675251,0.7262458810726388,0.726245881072638
