Algorithm,DataSet,Partition,BuildTime,TestTime,RMSE.ByUser,RMSE.ByRating,NUsers,NAttempted,NGood,Coverage,nDCG,MAE.ByUser,MAE.ByRating
SVD_iteration150_meandamping5_featurecount30,ml-100k/u.data,1,6395,17,0.9257015602244586,0.9589763609407778,189,1890,1890,1.0,0.9476372215954958,0.7677273422897714,0.7677273422897712
SVD_iteration150_meandamping5_featurecount30,ml-100k/u.data,2,6405,19,0.9308406749293988,0.9681014919028504,189,1890,1890,1.0,0.9497244439472036,0.770420360529621,0.7704203605296209
SVD_iteration150_meandamping5_featurecount30,ml-100k/u.data,3,6415,21,0.9033453102154386,0.9453247722722191,188,1880,1880,1.0,0.9501618389333928,0.742969335683508,0.7429693356835079
SVD_iteration150_meandamping5_featurecount30,ml-100k/u.data,4,6439,17,0.8869671638593937,0.9261945454128981,188,1880,1880,1.0,0.947324821388539,0.7327907394649293,0.732790739464929
SVD_iteration150_meandamping5_featurecount30,ml-100k/u.data,0,5566,15,0.8908969875765934,0.9299072446085984,189,1890,1890,1.0,0.9524356153930607,0.7394546709540427,0.7394546709540434
