Algorithm,DataSet,Partition,BuildTime,TestTime,RMSE.ByUser,RMSE.ByRating,NUsers,NAttempted,NGood,Coverage,nDCG,MAE.ByUser,MAE.ByRating
SVD_iteration150_meandamping5_featurecount30,ml-100k/u.data,2,6253,149,0.9226833713621297,0.959953804536767,189,1890,1890,1.0,0.9497412167940759,0.7639001586854581,0.7639001586854588
SVD_iteration150_meandamping5_featurecount30,ml-100k/u.data,0,6281,124,0.8896991072735165,0.9295794359510727,189,1890,1890,1.0,0.9525172973467818,0.7368647756613823,0.736864775661383
SVD_iteration150_meandamping5_featurecount30,ml-100k/u.data,4,6261,149,0.8810132271607842,0.9210154327599225,188,1880,1880,1.0,0.9466873414788123,0.7271080393278956,0.7271080393278951
SVD_iteration150_meandamping5_featurecount30,ml-100k/u.data,3,6284,131,0.8984987889807967,0.9398994598916841,188,1880,1880,1.0,0.9517352255671592,0.7365321808548347,0.7365321808548356
SVD_iteration150_meandamping5_featurecount30,ml-100k/u.data,1,5023,41,0.9186582124493126,0.9520424122305182,189,1890,1890,1.0,0.9495351836235396,0.7600947549748877,0.7600947549748878
