Algorithm,DataSet,Partition,BuildTime,TestTime,RMSE.ByUser,RMSE.ByRating,NUsers,NAttempted,NGood,Coverage,nDCG,MAE.ByUser,MAE.ByRating
SVD_iteration150_meandamping5_featurecount30,ml-100k/u.data,0,8074,16,0.8787660383383304,0.9184335052278005,189,1890,1890,1.0,0.9527721177878165,0.7264771077379054,0.726477107737906
SVD_iteration150_meandamping5_featurecount30,ml-100k/u.data,2,8090,17,0.9209945033992814,0.9582748292320995,189,1890,1890,1.0,0.9503317709852076,0.7600714381080715,0.7600714381080714
SVD_iteration150_meandamping5_featurecount30,ml-100k/u.data,3,8141,16,0.8968454340161041,0.9413161086014908,188,1880,1880,1.0,0.9517899576006389,0.7352373275372882,0.7352373275372891
SVD_iteration150_meandamping5_featurecount30,ml-100k/u.data,4,8188,16,0.8818040718562818,0.9212945860428322,188,1880,1880,1.0,0.9471375869271249,0.7268752317869427,0.726875231786943
SVD_iteration150_meandamping5_featurecount30,ml-100k/u.data,1,6925,15,0.9195191038907885,0.9543848583097095,189,1890,1890,1.0,0.948539643390918,0.7574803995295715,0.7574803995295717
