Algorithm,DataSet,Partition,BuildTime,TestTime,RMSE.ByUser,RMSE.ByRating,NUsers,NAttempted,NGood,Coverage,nDCG,MAE.ByUser,MAE.ByRating
SVD_iteration150_meandamping5_featurecount30,ml-100k/u.data,0,7946,16,0.8839147877281375,0.9231723293381785,189,1890,1890,1.0,0.9516200241367684,0.7323399064670837,0.732339906467084
SVD_iteration150_meandamping5_featurecount30,ml-100k/u.data,1,7975,17,0.922250051718359,0.9557672354718056,189,1890,1890,1.0,0.9480806377645494,0.763452829833152,0.7634528298331527
SVD_iteration150_meandamping5_featurecount30,ml-100k/u.data,3,7978,17,0.8999056878320698,0.9434535828395538,188,1880,1880,1.0,0.9506941099250067,0.7394889105340539,0.7394889105340539
SVD_iteration150_meandamping5_featurecount30,ml-100k/u.data,2,7993,17,0.9272519820706798,0.9643978442173754,189,1890,1890,1.0,0.9501709900220707,0.7661331821382898,0.7661331821382895
SVD_iteration150_meandamping5_featurecount30,ml-100k/u.data,4,6935,14,0.8854948527854739,0.9246373211628424,188,1880,1880,1.0,0.9456369517408657,0.7321943420462668,0.7321943420462668
