Algorithm,DataSet,Partition,BuildTime,TestTime,RMSE.ByUser,RMSE.ByRating,NUsers,NAttempted,NGood,Coverage,nDCG,MAE.ByUser,MAE.ByRating
SVD_iteration150_meandamping5_featurecount30,ml-100k/u.data,1,7906,16,0.919886242226678,0.9548206119022044,189,1890,1890,1.0,0.948295022307692,0.7582915484973439,0.7582915484973438
SVD_iteration150_meandamping5_featurecount30,ml-100k/u.data,0,7918,15,0.8787533048063224,0.9186306470017778,189,1890,1890,1.0,0.9519439385362504,0.7261332351505959,0.7261332351505957
SVD_iteration150_meandamping5_featurecount30,ml-100k/u.data,3,7919,16,0.8963363490755992,0.9407291762455718,188,1880,1880,1.0,0.9518613925119276,0.7346947417799057,0.7346947417799049
SVD_iteration150_meandamping5_featurecount30,ml-100k/u.data,2,7929,15,0.9210447347565571,0.9583004537005375,189,1890,1890,1.0,0.950783349171639,0.760181981117816,0.760181981117816
SVD_iteration150_meandamping5_featurecount30,ml-100k/u.data,4,6904,14,0.8820219767375904,0.9216420883617056,188,1880,1880,1.0,0.9470263702095101,0.7270521074206818,0.7270521074206824
