Algorithm,DataSet,Partition,BuildTime,TestTime,RMSE.ByUser,RMSE.ByRating,NUsers,NAttempted,NGood,Coverage,nDCG,MAE.ByUser,MAE.ByRating
SVD_iteration150_meandamping5_featurecount65,ml-100k/u.data,4,12338,18,0.8782553508374693,0.9173155347545185,188,1880,1880,1.0,0.9493708970295033,0.7256238188270426,0.7256238188270431
SVD_iteration150_meandamping5_featurecount65,ml-100k/u.data,2,12392,19,0.9202664070435106,0.9579103643171294,189,1890,1890,1.0,0.9522272005083194,0.7594971254437037,0.7594971254437033
SVD_iteration150_meandamping5_featurecount65,ml-100k/u.data,1,12469,19,0.916361502458701,0.9510024255777557,189,1890,1890,1.0,0.948930369759783,0.7558586856448791,0.7558586856448797
SVD_iteration150_meandamping5_featurecount65,ml-100k/u.data,0,12472,18,0.8752353497085174,0.9148894645510866,189,1890,1890,1.0,0.9536938716173577,0.7223626867312645,0.722362686731265
SVD_iteration150_meandamping5_featurecount65,ml-100k/u.data,3,10685,16,0.8966946791207456,0.9424799053058162,188,1880,1880,1.0,0.9493572575146161,0.735399923725578,0.7353999237255783
