Algorithm,DataSet,Partition,BuildTime,TestTime,RMSE.ByUser,RMSE.ByRating,NUsers,NAttempted,NGood,Coverage,nDCG,MAE.ByUser,MAE.ByRating
SVD_iteration150_meandamping5_featurecount30,ml-100k/u.data,3,7306,16,0.8952808288095543,0.9387488374721852,188,1880,1880,1.0,0.9520915590983747,0.734674139683758,0.734674139683758
SVD_iteration150_meandamping5_featurecount30,ml-100k/u.data,1,7333,15,0.9210194656769387,0.9557646662598154,189,1890,1890,1.0,0.9487658939028707,0.7591963293708679,0.7591963293708677
SVD_iteration150_meandamping5_featurecount30,ml-100k/u.data,4,7381,17,0.8838293276770169,0.9234649842791274,188,1880,1880,1.0,0.9475253165777475,0.7285813010751027,0.7285813010751022
SVD_iteration150_meandamping5_featurecount30,ml-100k/u.data,0,7551,15,0.881423752181562,0.9211319192436386,189,1890,1890,1.0,0.9527262405711582,0.7299586279088544,0.7299586279088547
SVD_iteration150_meandamping5_featurecount30,ml-100k/u.data,2,6238,14,0.9222365392130009,0.9596083521706199,189,1890,1890,1.0,0.9503351405527899,0.7616613213592043,0.7616613213592044
