Algorithm,DataSet,Partition,BuildTime,TestTime,RMSE.ByUser,RMSE.ByRating,NUsers,NAttempted,NGood,Coverage,nDCG,MAE.ByUser,MAE.ByRating
SVD_iteration150_meandamping5_featurecount60,ml-100k/u.data,1,11321,28,0.9174799856017316,0.9524517557957412,189,1890,1890,1.0,0.9486315952304808,0.7569220688225857,0.7569220688225854
SVD_iteration150_meandamping5_featurecount60,ml-100k/u.data,4,11395,24,0.8787556746009415,0.9173710636854852,188,1880,1880,1.0,0.9491523306389524,0.7260369429626686,0.7260369429626682
SVD_iteration150_meandamping5_featurecount60,ml-100k/u.data,3,11406,24,0.8968665155103032,0.942524173982762,188,1880,1880,1.0,0.9500423135145992,0.7353522829055278,0.735352282905528
SVD_iteration150_meandamping5_featurecount60,ml-100k/u.data,0,12751,18,0.875714172470447,0.9153587611828579,189,1890,1890,1.0,0.9533466461477909,0.7226064195128622,0.722606419512862
SVD_iteration150_meandamping5_featurecount60,ml-100k/u.data,2,9635,21,0.9211572060986191,0.9587537843199717,189,1890,1890,1.0,0.9519456814365201,0.7601688094817914,0.7601688094817916
