Algorithm,DataSet,Partition,BuildTime,TestTime,RMSE.ByUser,RMSE.ByRating,NUsers,NAttempted,NGood,Coverage,nDCG,MAE.ByUser,MAE.ByRating
SVD_iteration150_meandamping5_featurecount30,ml-100k/u.data,1,7111,84,0.92084555564345,0.9552992530728149,189,1890,1890,1.0,0.9487689445010988,0.7596796570941746,0.7596796570941741
SVD_iteration150_meandamping5_featurecount30,ml-100k/u.data,2,7110,85,0.923056716767046,0.9602473104361271,189,1890,1890,1.0,0.9509838649170869,0.762226515235619,0.7622265152356192
SVD_iteration150_meandamping5_featurecount30,ml-100k/u.data,3,7122,85,0.8960975777410174,0.9393749750282036,188,1880,1880,1.0,0.9523393984367089,0.7357341395733732,0.735734139573373
SVD_iteration150_meandamping5_featurecount30,ml-100k/u.data,4,7215,18,0.8832353253888846,0.9223796563704277,188,1880,1880,1.0,0.9470448541436022,0.7284262422397816,0.7284262422397811
SVD_iteration150_meandamping5_featurecount30,ml-100k/u.data,0,6193,14,0.88222885244515,0.9218586110389506,189,1890,1890,1.0,0.9526368361194867,0.7308988799112437,0.7308988799112429
