Algorithm,DataSet,Partition,BuildTime,TestTime,RMSE.ByUser,RMSE.ByRating,NUsers,NAttempted,NGood,Coverage,nDCG,MAE.ByUser,MAE.ByRating
SVD_iteration150_meandamping5_featurecount30,ml-100k/u.data,0,7158,16,0.8812076856164878,0.9210690552217322,189,1890,1890,1.0,0.9527848601271073,0.7295602466267197,0.7295602466267191
SVD_iteration150_meandamping5_featurecount30,ml-100k/u.data,4,7190,17,0.8834345353280769,0.9233682624764159,188,1880,1880,1.0,0.9471242123371992,0.7283399408394067,0.7283399408394072
SVD_iteration150_meandamping5_featurecount30,ml-100k/u.data,3,7200,19,0.895067668476352,0.9386735952974626,188,1880,1880,1.0,0.9526706446212773,0.7340867644520264,0.7340867644520265
SVD_iteration150_meandamping5_featurecount30,ml-100k/u.data,1,7238,15,0.92141997566006,0.9563828888562191,189,1890,1890,1.0,0.9483608544610171,0.7589121607412638,0.7589121607412637
SVD_iteration150_meandamping5_featurecount30,ml-100k/u.data,2,6251,14,0.9214669213247956,0.9587975790171577,189,1890,1890,1.0,0.9507374194696956,0.7609276923012424,0.7609276923012429
