Algorithm,DataSet,Partition,BuildTime,TestTime,RMSE.ByUser,RMSE.ByRating,NUsers,NAttempted,NGood,Coverage,nDCG,MAE.ByUser,MAE.ByRating
SVD_iteration150_meandamping5_featurecount30,ml-100k/u.data,0,7972,17,0.8789718384937641,0.9187643087993617,189,1890,1890,1.0,0.9525876622351321,0.7269139288695066,0.7269139288695061
SVD_iteration150_meandamping5_featurecount30,ml-100k/u.data,1,7973,16,0.9196157195663821,0.95427887207392,189,1890,1890,1.0,0.9485415396489735,0.7586137784088662,0.7586137784088659
SVD_iteration150_meandamping5_featurecount30,ml-100k/u.data,4,8055,17,0.8820376705663557,0.9213582506913552,188,1880,1880,1.0,0.9467289173683493,0.7270641376310569,0.7270641376310567
SVD_iteration150_meandamping5_featurecount30,ml-100k/u.data,3,8615,14,0.8965300712051817,0.9411240409972363,188,1880,1880,1.0,0.9522105137171739,0.7353253247535502,0.7353253247535504
SVD_iteration150_meandamping5_featurecount30,ml-100k/u.data,2,7062,13,0.921280306349939,0.9585577336737712,189,1890,1890,1.0,0.9513210544975064,0.7604031820777702,0.760403182077771
