Algorithm,DataSet,Partition,BuildTime,TestTime,RMSE.ByUser,RMSE.ByRating,NUsers,NAttempted,NGood,Coverage,nDCG,MAE.ByUser,MAE.ByRating
SVD_iteration150_meandamping5_featurecount65,ml-100k/u.data,3,11613,18,0.8969809573481705,0.9427982944528814,188,1880,1880,1.0,0.9495219577289694,0.7364111403169936,0.7364111403169927
SVD_iteration150_meandamping5_featurecount65,ml-100k/u.data,4,11628,22,0.8786568001879691,0.9176420643185116,188,1880,1880,1.0,0.9492687537142576,0.7256815662371984,0.7256815662371986
SVD_iteration150_meandamping5_featurecount65,ml-100k/u.data,0,11740,18,0.8758004752047647,0.9155119558950475,189,1890,1890,1.0,0.9537027198876126,0.7225384091566458,0.7225384091566466
SVD_iteration150_meandamping5_featurecount65,ml-100k/u.data,2,11742,18,0.9214783572968289,0.9588710490295708,189,1890,1890,1.0,0.9510723091559908,0.7606994921665882,0.7606994921665882
SVD_iteration150_meandamping5_featurecount65,ml-100k/u.data,1,10334,16,0.9169748465039694,0.9518465082481908,189,1890,1890,1.0,0.948590481313902,0.7567582992865665,0.7567582992865659
