Algorithm,DataSet,Partition,BuildTime,TestTime,RMSE.ByUser,RMSE.ByRating,NUsers,NAttempted,NGood,Coverage,nDCG,MAE.ByUser,MAE.ByRating
SVD_iteration150_meandamping5_featurecount55,ml-100k/u.data,0,10563,52,0.8764953010584954,0.9161935718223972,189,1890,1890,1.0,0.9531083497927253,0.723451300194228,0.7234513001942275
SVD_iteration150_meandamping5_featurecount55,ml-100k/u.data,2,10572,58,0.9202124089846337,0.9575744706215223,189,1890,1890,1.0,0.9511446276824891,0.7592880378943784,0.7592880378943787
SVD_iteration150_meandamping5_featurecount55,ml-100k/u.data,3,10611,76,0.8969641469027473,0.9425696860783629,188,1880,1880,1.0,0.9499101005218036,0.735562608983491,0.7355626089834915
SVD_iteration150_meandamping5_featurecount55,ml-100k/u.data,1,10677,67,0.9181507802580318,0.9530601580291274,189,1890,1890,1.0,0.9493617260121998,0.7573717587920082,0.7573717587920074
SVD_iteration150_meandamping5_featurecount55,ml-100k/u.data,4,8822,23,0.8794309331979302,0.9181451280176158,188,1880,1880,1.0,0.9495123496993144,0.7257874954766007,0.7257874954766004
