alpha,RMSE.ByUser,RMSE.ByRating,MAE.ByUser,MAE.ByRating
4.0,0.926171645252,0.965409779664,0.762508455373,0.762508455373
