threshold,RMSE.ByUser,RMSE.ByRating,MAE.ByUser,MAE.ByRating
0.1,0.932820216751,0.97188676481,0.768065255223,0.768065255223
