threshold,RMSE.ByUser,RMSE.ByRating,MAE.ByUser,MAE.ByRating
0.1,0.932225651035,0.971371279279,0.767282289475,0.767282289475
