alpha,RMSE.ByUser,RMSE.ByRating,MAE.ByUser,MAE.ByRating
4.0,0.926163372934,0.965401390268,0.7621905223,0.7621905223
