alpha,RMSE.ByUser,RMSE.ByRating,MAE.ByUser,MAE.ByRating
4.0,0.926362485187,0.965635756434,0.763007300377,0.763007300377
