threshold,RMSE.ByUser,RMSE.ByRating,MAE.ByUser,MAE.ByRating
0.1,0.932329092076,0.97151573309,0.767511233188,0.767511233188
