threshold,RMSE.ByUser,RMSE.ByRating,MAE.ByUser,MAE.ByRating
0.1,0.931732358652,0.970916157645,0.766807568119,0.766807568119
