alpha,RMSE.ByUser,RMSE.ByRating,MAE.ByUser,MAE.ByRating
4.0,0.92653774405,0.965754877527,0.76321506651,0.76321506651
