alpha,RMSE.ByUser,RMSE.ByRating,MAE.ByUser,MAE.ByRating
4.0,0.926665640594,0.965899215834,0.763332030431,0.763332030431
