threshold,RMSE.ByUser,RMSE.ByRating,MAE.ByUser,MAE.ByRating
0.1,0.933135292186,0.97220739525,0.768375046697,0.768375046697
