alpha,RMSE.ByUser,RMSE.ByRating,MAE.ByUser,MAE.ByRating
4.0,0.926635050445,0.965877693833,0.763320825812,0.763320825812
