Algorithm,DataSet,Partition,BuildTime,TestTime,RMSE.ByUser,RMSE.ByRating,NUsers,NAttempted,NGood,Coverage,nDCG,MAE.ByUser,MAE.ByRating
alg,ml-100k/u.data,4,261,49953,0.8687715835334255,0.9068903606652052,188,1880,1880,1.0,0.9494244442919031,0.716556587205196,0.7165565872051962
alg,ml-100k/u.data,1,266,50365,0.9366193476122202,0.9724963927276584,189,1890,1890,1.0,0.9443814781178722,0.7801194631980345,0.7801194631980346
alg,ml-100k/u.data,3,265,52421,0.9301128049884214,0.9710213825824617,188,1880,1880,1.0,0.9446616581539691,0.7732014267239181,0.7732014267239183
alg,ml-100k/u.data,2,262,53752,0.9861062256570686,1.030480149187914,189,1890,1890,1.0,0.943375387774463,0.8027221328741136,0.8027221328741135
alg,ml-100k/u.data,0,265,54085,0.9168760955922934,0.9534539052092031,189,1890,1890,1.0,0.9499752892880281,0.74379633619621,0.7437963361962096
