Algorithm,DataSet,Partition,BuildTime,TestTime,RMSE.ByUser,RMSE.ByRating,NUsers,NAttempted,NGood,Coverage,nDCG,MAE.ByUser,MAE.ByRating
alg,ml-100k/u.data,4,263,43256,0.8687715835334255,0.9068903606652052,188,1880,1880,1.0,0.9494244442919031,0.716556587205196,0.7165565872051962
alg,ml-100k/u.data,1,255,43851,0.9366193476122202,0.9724963927276584,189,1890,1890,1.0,0.9443814781178722,0.7801194631980345,0.7801194631980346
alg,ml-100k/u.data,3,263,43885,0.9301128049884214,0.9710213825824617,188,1880,1880,1.0,0.9446616581539691,0.7732014267239181,0.7732014267239183
alg,ml-100k/u.data,2,251,46520,1.0043189704111908,1.0475949146322414,189,1890,1890,1.0,0.9408865558992562,0.8180731874849584,0.8180731874849584
alg,ml-100k/u.data,0,246,46961,0.9410671682839129,0.9777765428113466,189,1890,1890,1.0,0.9458248315733775,0.7659477425686487,0.7659477425686484
