Algorithm,DataSet,Partition,BuildTime,TestTime,RMSE.ByUser,RMSE.ByRating,NUsers,NAttempted,NGood,Coverage,nDCG,MAE.ByUser,MAE.ByRating
alg,ml-100k/u.data,1,258,44991,0.9366193476122202,0.9724963927276584,189,1890,1890,1.0,0.9443814781178722,0.7801194631980345,0.7801194631980346
alg,ml-100k/u.data,4,281,45028,0.8687715835334255,0.9068903606652052,188,1880,1880,1.0,0.9494244442919031,0.716556587205196,0.7165565872051962
alg,ml-100k/u.data,3,262,45168,0.9301128049884214,0.9710213825824617,188,1880,1880,1.0,0.9446616581539691,0.7732014267239181,0.7732014267239183
alg,ml-100k/u.data,2,257,48147,0.985611814677188,1.0298316103160954,189,1890,1890,1.0,0.9430658918636531,0.8014805858951686,0.8014805858951686
alg,ml-100k/u.data,0,257,48453,0.9199836950560358,0.9568587533344546,189,1890,1890,1.0,0.9496184482722558,0.7442487011998702,0.7442487011998704
