Algorithm,DataSet,Partition,BuildTime,TestTime,RMSE.ByUser,RMSE.ByRating,NUsers,NAttempted,NGood,Coverage,nDCG,MAE.ByUser,MAE.ByRating
alg,ml-100k/u.data,4,275,53496,0.8687715835334255,0.9068903606652052,188,1880,1880,1.0,0.9494244442919031,0.716556587205196,0.7165565872051962
alg,ml-100k/u.data,3,274,53679,0.9301128049884214,0.9710213825824617,188,1880,1880,1.0,0.9446616581539691,0.7732014267239181,0.7732014267239183
alg,ml-100k/u.data,1,270,54714,0.9366193476122202,0.9724963927276584,189,1890,1890,1.0,0.9443814781178722,0.7801194631980345,0.7801194631980346
alg,ml-100k/u.data,0,260,56483,0.9187705890611108,0.9553450893463606,189,1890,1890,1.0,0.9500917681232641,0.7465357638679962,0.746535763867996
alg,ml-100k/u.data,2,272,56997,0.9869226516584688,1.0314779435538748,189,1890,1890,1.0,0.9425404697468247,0.8030417708130724,0.8030417708130719
