Algorithm,DataSet,Partition,BuildTime,TestTime,RMSE.ByUser,RMSE.ByRating,NUsers,NAttempted,NGood,Coverage,nDCG,MAE.ByUser,MAE.ByRating
alg,ml-100k/u.data,1,237,48343,0.9366193476122202,0.9724963927276584,189,1890,1890,1.0,0.9443814781178722,0.7801194631980345,0.7801194631980346
alg,ml-100k/u.data,3,246,48914,0.9301128049884214,0.9710213825824617,188,1880,1880,1.0,0.9446616581539691,0.7732014267239181,0.7732014267239183
alg,ml-100k/u.data,4,259,49314,0.8687715835334255,0.9068903606652052,188,1880,1880,1.0,0.9494244442919031,0.716556587205196,0.7165565872051962
alg,ml-100k/u.data,0,241,52283,0.9234361764185057,0.9605098478743512,189,1890,1890,1.0,0.9496514034580287,0.7466593826553957,0.7466593826553956
alg,ml-100k/u.data,2,260,52396,0.990927245507972,1.0349761268479136,189,1890,1890,1.0,0.9418486120183687,0.8054362102620617,0.8054362102620612
