Algorithm,DataSet,Partition,BuildTime,TestTime,RMSE.ByUser,RMSE.ByRating,NUsers,NAttempted,NGood,Coverage,nDCG,MAE.ByUser,MAE.ByRating
alg,ml-100k/u.data,4,251,50935,0.8687715835334255,0.9068903606652052,188,1880,1880,1.0,0.9494244442919031,0.716556587205196,0.7165565872051962
alg,ml-100k/u.data,3,255,51083,0.9301128049884214,0.9710213825824617,188,1880,1880,1.0,0.9446616581539691,0.7732014267239181,0.7732014267239183
alg,ml-100k/u.data,1,252,51300,0.9366193476122202,0.9724963927276584,189,1890,1890,1.0,0.9443814781178722,0.7801194631980345,0.7801194631980346
alg,ml-100k/u.data,2,235,54150,0.9796881005886466,1.024282603900492,189,1890,1890,1.0,0.9440643078681773,0.7980450948030373,0.7980450948030374
alg,ml-100k/u.data,0,235,54193,0.9160588638502707,0.9522218892506682,189,1890,1890,1.0,0.9502462127748954,0.7427937712626751,0.7427937712626755
