Algorithm,DataSet,Partition,BuildTime,TestTime,RMSE.ByUser,RMSE.ByRating,NUsers,NAttempted,NGood,Coverage,nDCG,MAE.ByUser,MAE.ByRating
alg,ml-100k/u.data,4,259,42946,0.8687715835334255,0.9068903606652052,188,1880,1880,1.0,0.9494244442919031,0.716556587205196,0.7165565872051962
alg,ml-100k/u.data,1,224,43250,0.9366193476122202,0.9724963927276584,189,1890,1890,1.0,0.9443814781178722,0.7801194631980345,0.7801194631980346
alg,ml-100k/u.data,3,223,43465,0.9301128049884214,0.9710213825824617,188,1880,1880,1.0,0.9446616581539691,0.7732014267239181,0.7732014267239183
alg,ml-100k/u.data,2,241,46358,0.9829523732049249,1.0274864922133378,189,1890,1890,1.0,0.9439671884881399,0.8000165971672317,0.8000165971672318
alg,ml-100k/u.data,0,239,46379,0.9193629024487061,0.9565683091181898,189,1890,1890,1.0,0.9496749692506888,0.7440758066726669,0.7440758066726673
