Algorithm,DataSet,Partition,BuildTime,TestTime,RMSE.ByUser,RMSE.ByRating,NUsers,NAttempted,NGood,Coverage,nDCG,MAE.ByUser,MAE.ByRating
alg,ml-100k/u.data,4,256,46013,0.8687715835334255,0.9068903606652052,188,1880,1880,1.0,0.9494244442919031,0.716556587205196,0.7165565872051962
alg,ml-100k/u.data,3,271,46408,0.9301128049884214,0.9710213825824617,188,1880,1880,1.0,0.9446616581539691,0.7732014267239181,0.7732014267239183
alg,ml-100k/u.data,1,263,47142,0.9366193476122202,0.9724963927276584,189,1890,1890,1.0,0.9443814781178722,0.7801194631980345,0.7801194631980346
alg,ml-100k/u.data,0,260,48935,0.9208473493263549,0.9578139428115073,189,1890,1890,1.0,0.9503077649091981,0.7449183021046555,0.7449183021046552
alg,ml-100k/u.data,2,250,49568,0.9872043459673017,1.0314651311973362,189,1890,1890,1.0,0.94287245216372,0.8025455994272336,0.8025455994272335
