Algorithm,DataSet,Partition,BuildTime,TestTime,RMSE.ByUser,RMSE.ByRating,NUsers,NAttempted,NGood,Coverage,nDCG,MAE.ByUser,MAE.ByRating
alg,ml-100k/u.data,4,287,51226,0.8687715835334255,0.9068903606652052,188,1880,1880,1.0,0.9494244442919031,0.716556587205196,0.7165565872051962
alg,ml-100k/u.data,3,265,51564,0.9301128049884214,0.9710213825824617,188,1880,1880,1.0,0.9446616581539691,0.7732014267239181,0.7732014267239183
alg,ml-100k/u.data,1,255,51593,0.9366193476122202,0.9724963927276584,189,1890,1890,1.0,0.9443814781178722,0.7801194631980345,0.7801194631980346
alg,ml-100k/u.data,0,247,54386,0.9463850827749791,0.9841322713927685,189,1890,1890,1.0,0.946035649889099,0.7719614422831943,0.7719614422831939
alg,ml-100k/u.data,2,252,54864,1.0087932875592887,1.051299709184542,189,1890,1890,1.0,0.9384212527097504,0.8240099882219206,0.8240099882219194
