Algorithm,DataSet,Partition,BuildTime,TestTime,RMSE.ByUser,RMSE.ByRating,NUsers,NAttempted,NGood,Coverage,nDCG,MAE.ByUser,MAE.ByRating
alg,ml-100k/u.data,3,260,65005,0.9301128049884214,0.9710213825824617,188,1880,1880,1.0,0.9446616581539691,0.7732014267239181,0.7732014267239183
alg,ml-100k/u.data,1,264,65103,0.9366193476122202,0.9724963927276584,189,1890,1890,1.0,0.9443814781178722,0.7801194631980345,0.7801194631980346
alg,ml-100k/u.data,4,312,65252,0.8687715835334255,0.9068903606652052,188,1880,1880,1.0,0.9494244442919031,0.716556587205196,0.7165565872051962
alg,ml-100k/u.data,0,274,68461,0.9236066564593117,0.9607408822410131,189,1890,1890,1.0,0.9499832680605633,0.7491601417548261,0.7491601417548261
alg,ml-100k/u.data,2,285,68461,0.9942033543510295,1.0382897604411103,189,1890,1890,1.0,0.9428643461942557,0.8085366009203246,0.808536600920324
