Algorithm,DataSet,Partition,BuildTime,TestTime,RMSE.ByUser,RMSE.ByRating,NUsers,NAttempted,NGood,Coverage,nDCG,MAE.ByUser,MAE.ByRating
alg,ml-100k/u.data,1,285,53986,0.9366193476122202,0.9724963927276584,189,1890,1890,1.0,0.9443814781178722,0.7801194631980345,0.7801194631980346
alg,ml-100k/u.data,4,301,54617,0.8687715835334255,0.9068903606652052,188,1880,1880,1.0,0.9494244442919031,0.716556587205196,0.7165565872051962
alg,ml-100k/u.data,3,291,55004,0.9301128049884214,0.9710213825824617,188,1880,1880,1.0,0.9446616581539691,0.7732014267239181,0.7732014267239183
alg,ml-100k/u.data,2,289,58171,0.9995024006422564,1.0436060961258524,189,1890,1890,1.0,0.9400459883571329,0.814777602818734,0.8147776028187341
alg,ml-100k/u.data,0,256,58417,0.9269545764451479,0.963928865254156,189,1890,1890,1.0,0.9489049197784377,0.751158616931476,0.751158616931476
