Algorithm,DataSet,Partition,BuildTime,TestTime,RMSE.ByUser,RMSE.ByRating,NUsers,NAttempted,NGood,Coverage,nDCG,MAE.ByUser,MAE.ByRating
alg,ml-100k/u.data,3,245,45194,0.9301128049884214,0.9710213825824617,188,1880,1880,1.0,0.9446616581539691,0.7732014267239181,0.7732014267239183
alg,ml-100k/u.data,1,229,45399,0.9366193476122202,0.9724963927276584,189,1890,1890,1.0,0.9443814781178722,0.7801194631980345,0.7801194631980346
alg,ml-100k/u.data,4,239,45693,0.8687715835334255,0.9068903606652052,188,1880,1880,1.0,0.9494244442919031,0.716556587205196,0.7165565872051962
alg,ml-100k/u.data,2,241,48670,1.0071383515699706,1.0500914165248032,189,1890,1890,1.0,0.9384400825290542,0.8206935337660477,0.8206935337660479
alg,ml-100k/u.data,0,208,49000,0.9444810035145285,0.9812313982746994,189,1890,1890,1.0,0.9467228301323527,0.7691857140541329,0.7691857140541326
