Algorithm,DataSet,Partition,BuildTime,TestTime,RMSE.ByUser,RMSE.ByRating,NUsers,NAttempted,NGood,Coverage,nDCG,MAE.ByUser,MAE.ByRating
alg,ml-100k/u.data,4,276,54742,0.8687715835334255,0.9068903606652052,188,1880,1880,1.0,0.9494244442919031,0.716556587205196,0.7165565872051962
alg,ml-100k/u.data,3,213,54827,0.9301128049884214,0.9710213825824617,188,1880,1880,1.0,0.9446616581539691,0.7732014267239181,0.7732014267239183
alg,ml-100k/u.data,1,263,55041,0.9366193476122202,0.9724963927276584,189,1890,1890,1.0,0.9443814781178722,0.7801194631980345,0.7801194631980346
alg,ml-100k/u.data,2,264,57770,0.9809632236452476,1.0266885865526214,189,1890,1890,1.0,0.9445484596093388,0.8009953909713565,0.8009953909713567
alg,ml-100k/u.data,0,233,58364,0.9153454661534249,0.9510820596412805,189,1890,1890,1.0,0.9495669596371699,0.7441636337879196,0.7441636337879198
