Algorithm,DataSet,Partition,BuildTime,TestTime,RMSE.ByUser,RMSE.ByRating,NUsers,NAttempted,NGood,Coverage,nDCG,MAE.ByUser,MAE.ByRating
alg,ml-100k/u.data,3,246,53767,0.9301128049884214,0.9710213825824617,188,1880,1880,1.0,0.9446616581539691,0.7732014267239181,0.7732014267239183
alg,ml-100k/u.data,4,261,53764,0.8687715835334255,0.9068903606652052,188,1880,1880,1.0,0.9494244442919031,0.716556587205196,0.7165565872051962
alg,ml-100k/u.data,1,240,53808,0.9366193476122202,0.9724963927276584,189,1890,1890,1.0,0.9443814781178722,0.7801194631980345,0.7801194631980346
alg,ml-100k/u.data,2,243,57003,0.9850612528127215,1.0298833540876715,189,1890,1890,1.0,0.9428961789733883,0.8029949708152672,0.8029949708152676
alg,ml-100k/u.data,0,251,57171,0.9185280211034523,0.9551292239940997,189,1890,1890,1.0,0.9505683889704889,0.7461917409907893,0.746191740990789
