Algorithm,DataSet,Partition,BuildTime,TestTime,RMSE.ByUser,RMSE.ByRating,NUsers,NAttempted,NGood,Coverage,nDCG,MAE.ByUser,MAE.ByRating
alg,ml-100k/u.data,1,262,48111,0.9366193476122202,0.9724963927276584,189,1890,1890,1.0,0.9443814781178722,0.7801194631980345,0.7801194631980346
alg,ml-100k/u.data,3,283,48303,0.9301128049884214,0.9710213825824617,188,1880,1880,1.0,0.9446616581539691,0.7732014267239181,0.7732014267239183
alg,ml-100k/u.data,4,287,48352,0.8687715835334255,0.9068903606652052,188,1880,1880,1.0,0.9494244442919031,0.716556587205196,0.7165565872051962
alg,ml-100k/u.data,0,288,51366,0.9167593120815788,0.952293146385166,189,1890,1890,1.0,0.9483253017070623,0.7458292521504122,0.7458292521504122
alg,ml-100k/u.data,2,270,51410,0.9810651547526271,1.0267947968096598,189,1890,1890,1.0,0.944405308370291,0.8009534228752916,0.8009534228752918
