Algorithm,DataSet,Partition,BuildTime,TestTime,RMSE.ByUser,RMSE.ByRating,NUsers,NAttempted,NGood,Coverage,nDCG,MAE.ByUser,MAE.ByRating
alg,ml-100k/u.data,1,248,66878,0.9366193476122202,0.9724963927276584,189,1890,1890,1.0,0.9443814781178722,0.7801194631980345,0.7801194631980346
alg,ml-100k/u.data,3,268,66883,0.9301128049884214,0.9710213825824617,188,1880,1880,1.0,0.9446616581539691,0.7732014267239181,0.7732014267239183
alg,ml-100k/u.data,4,255,66958,0.8687715835334255,0.9068903606652052,188,1880,1880,1.0,0.9494244442919031,0.716556587205196,0.7165565872051962
alg,ml-100k/u.data,2,264,70145,1.0083124519421578,1.050718754245015,189,1890,1890,1.0,0.9375777561844821,0.8228086019195321,0.8228086019195321
alg,ml-100k/u.data,0,234,70261,0.9450519037481403,0.9826254086366587,189,1890,1890,1.0,0.9467172203772987,0.7698838311932459,0.769883831193246
