Algorithm,DataSet,Partition,BuildTime,TestTime,RMSE.ByUser,RMSE.ByRating,NUsers,NAttempted,NGood,Coverage,nDCG,MAE.ByUser,MAE.ByRating
alg,ml-100k/u.data,1,260,49000,0.9366193476122202,0.9724963927276584,189,1890,1890,1.0,0.9443814781178722,0.7801194631980345,0.7801194631980346
alg,ml-100k/u.data,3,246,49126,0.9301128049884214,0.9710213825824617,188,1880,1880,1.0,0.9446616581539691,0.7732014267239181,0.7732014267239183
alg,ml-100k/u.data,4,246,49389,0.8687715835334255,0.9068903606652052,188,1880,1880,1.0,0.9494244442919031,0.716556587205196,0.7165565872051962
alg,ml-100k/u.data,2,233,51752,1.0081516738785359,1.0508217125244257,189,1890,1890,1.0,0.9388646338370273,0.8225554276194706,0.8225554276194709
alg,ml-100k/u.data,0,237,51967,0.9450004670905968,0.9827105256631216,189,1890,1890,1.0,0.9461837165248412,0.7704643604337789,0.7704643604337785
