Algorithm,DataSet,Partition,BuildTime,TestTime,RMSE.ByUser,RMSE.ByRating,NUsers,NAttempted,NGood,Coverage,nDCG,MAE.ByUser,MAE.ByRating
alg,ml-100k/u.data,1,269,51116,0.9366193476122202,0.9724963927276584,189,1890,1890,1.0,0.9443814781178722,0.7801194631980345,0.7801194631980346
alg,ml-100k/u.data,4,274,51147,0.8687715835334255,0.9068903606652052,188,1880,1880,1.0,0.9494244442919031,0.716556587205196,0.7165565872051962
alg,ml-100k/u.data,3,257,51176,0.9301128049884214,0.9710213825824617,188,1880,1880,1.0,0.9446616581539691,0.7732014267239181,0.7732014267239183
alg,ml-100k/u.data,0,259,54532,0.9267574593715421,0.9639139346372729,189,1890,1890,1.0,0.9486588484988187,0.7513164071622704,0.7513164071622705
alg,ml-100k/u.data,2,276,54670,0.997967639496281,1.042064302289257,189,1890,1890,1.0,0.9415433662456957,0.8127996743048758,0.8127996743048755
