Algorithm,DataSet,Partition,BuildTime,TestTime,RMSE.ByUser,RMSE.ByRating,NUsers,NAttempted,NGood,Coverage,nDCG,MAE.ByUser,MAE.ByRating
alg,ml-100k/u.data,4,251,48153,0.8687715835334255,0.9068903606652052,188,1880,1880,1.0,0.9494244442919031,0.716556587205196,0.7165565872051962
alg,ml-100k/u.data,1,236,48251,0.9366193476122202,0.9724963927276584,189,1890,1890,1.0,0.9443814781178722,0.7801194631980345,0.7801194631980346
alg,ml-100k/u.data,3,242,48285,0.9301128049884214,0.9710213825824617,188,1880,1880,1.0,0.9446616581539691,0.7732014267239181,0.7732014267239183
alg,ml-100k/u.data,2,252,50974,0.9991463130020514,1.0434191334289753,189,1890,1890,1.0,0.940491708504928,0.8149397847988907,0.8149397847988902
alg,ml-100k/u.data,0,231,51810,0.9269954112414772,0.9637513960443244,189,1890,1890,1.0,0.9487085851013738,0.7527389040119883,0.7527389040119887
