Algorithm,DataSet,Partition,BuildTime,TestTime,RMSE.ByUser,RMSE.ByRating,NUsers,NAttempted,NGood,Coverage,nDCG,MAE.ByUser,MAE.ByRating
alg,ml-100k/u.data,1,245,44540,0.9366193476122202,0.9724963927276584,189,1890,1890,1.0,0.9443814781178722,0.7801194631980345,0.7801194631980346
alg,ml-100k/u.data,3,258,44601,0.9301128049884214,0.9710213825824617,188,1880,1880,1.0,0.9446616581539691,0.7732014267239181,0.7732014267239183
alg,ml-100k/u.data,4,255,45089,0.8687715835334255,0.9068903606652052,188,1880,1880,1.0,0.9494244442919031,0.716556587205196,0.7165565872051962
alg,ml-100k/u.data,0,233,47455,0.9156408999398075,0.9514468980732874,189,1890,1890,1.0,0.9511796917419744,0.7426105052294547,0.7426105052294548
alg,ml-100k/u.data,2,250,47556,0.9792743064001522,1.0242458616124681,189,1890,1890,1.0,0.945554080500091,0.7980819077204087,0.7980819077204088
