Algorithm,DataSet,Partition,BuildTime,TestTime,RMSE.ByUser,RMSE.ByRating,NUsers,NAttempted,NGood,Coverage,nDCG,MAE.ByUser,MAE.ByRating
alg,ml-100k/u.data,1,276,48376,0.9366193476122202,0.9724963927276584,189,1890,1890,1.0,0.9443814781178722,0.7801194631980345,0.7801194631980346
alg,ml-100k/u.data,4,274,48754,0.8687715835334255,0.9068903606652052,188,1880,1880,1.0,0.9494244442919031,0.716556587205196,0.7165565872051962
alg,ml-100k/u.data,3,292,48758,0.9301128049884214,0.9710213825824617,188,1880,1880,1.0,0.9446616581539691,0.7732014267239181,0.7732014267239183
alg,ml-100k/u.data,0,281,51488,0.9152928632943075,0.951931416735384,189,1890,1890,1.0,0.9510138733672114,0.7419720541166703,0.7419720541166706
alg,ml-100k/u.data,2,272,51586,0.9816362293954787,1.026432996619637,189,1890,1890,1.0,0.9442860549639097,0.7991349395472271,0.799134939547227
