Algorithm,DataSet,Partition,BuildTime,TestTime,RMSE.ByUser,RMSE.ByRating,NUsers,NAttempted,NGood,Coverage,nDCG,MAE.ByUser,MAE.ByRating
alg,ml-100k/u.data,1,294,44335,0.9366193476122202,0.9724963927276584,189,1890,1890,1.0,0.9443814781178722,0.7801194631980345,0.7801194631980346
alg,ml-100k/u.data,4,304,44500,0.8687715835334255,0.9068903606652052,188,1880,1880,1.0,0.9494244442919031,0.716556587205196,0.7165565872051962
alg,ml-100k/u.data,3,296,44762,0.9301128049884214,0.9710213825824617,188,1880,1880,1.0,0.9446616581539691,0.7732014267239181,0.7732014267239183
alg,ml-100k/u.data,2,291,47615,0.9804253681516325,1.0260211879780583,189,1890,1890,1.0,0.9456674746512512,0.8010772814937578,0.8010772814937573
alg,ml-100k/u.data,0,298,47648,0.9149903101346842,0.9507140565014103,189,1890,1890,1.0,0.9497814785113885,0.7439416984152417,0.7439416984152416
