Algorithm,DataSet,Partition,BuildTime,TestTime,RMSE.ByUser,RMSE.ByRating,NUsers,NAttempted,NGood,Coverage,nDCG,MAE.ByUser,MAE.ByRating
alg,ml-100k/u.data,1,224,51351,0.9366193476122202,0.9724963927276584,189,1890,1890,1.0,0.9443814781178722,0.7801194631980345,0.7801194631980346
alg,ml-100k/u.data,3,244,51350,0.9301128049884214,0.9710213825824617,188,1880,1880,1.0,0.9446616581539691,0.7732014267239181,0.7732014267239183
alg,ml-100k/u.data,4,288,51536,0.8687715835334255,0.9068903606652052,188,1880,1880,1.0,0.9494244442919031,0.716556587205196,0.7165565872051962
alg,ml-100k/u.data,0,219,54399,0.9445586677136171,0.9816339904567957,189,1890,1890,1.0,0.9470056993389326,0.7698084311862405,0.7698084311862408
alg,ml-100k/u.data,2,227,54769,1.0072671527876897,1.0500370652258522,189,1890,1890,1.0,0.9379041935875123,0.821639063206234,0.8216390632062337
