Algorithm,DataSet,Partition,BuildTime,TestTime,RMSE.ByUser,RMSE.ByRating,NUsers,NAttempted,NGood,Coverage,nDCG,MAE.ByUser,MAE.ByRating
alg,ml-100k/u.data,1,230,44395,0.9366193476122202,0.9724963927276584,189,1890,1890,1.0,0.9443814781178722,0.7801194631980345,0.7801194631980346
alg,ml-100k/u.data,3,261,44445,0.9301128049884214,0.9710213825824617,188,1880,1880,1.0,0.9446616581539691,0.7732014267239181,0.7732014267239183
alg,ml-100k/u.data,4,258,44717,0.8687715835334255,0.9068903606652052,188,1880,1880,1.0,0.9494244442919031,0.716556587205196,0.7165565872051962
alg,ml-100k/u.data,2,243,47531,0.979648357493666,1.0250199893316878,189,1890,1890,1.0,0.9438667107933619,0.7989246588043496,0.7989246588043492
alg,ml-100k/u.data,0,254,47812,0.9152424911719187,0.9510316212203442,189,1890,1890,1.0,0.9505570013493316,0.7422398775357366,0.7422398775357371
