Algorithm,DataSet,Partition,BuildTime,TestTime,RMSE.ByUser,RMSE.ByRating,NUsers,NAttempted,NGood,Coverage,nDCG,MAE.ByUser,MAE.ByRating
alg,ml-100k/u.data,1,303,43717,0.9366193476122202,0.9724963927276584,189,1890,1890,1.0,0.9443814781178722,0.7801194631980345,0.7801194631980346
alg,ml-100k/u.data,3,309,43861,0.9301128049884214,0.9710213825824617,188,1880,1880,1.0,0.9446616581539691,0.7732014267239181,0.7732014267239183
alg,ml-100k/u.data,4,296,44076,0.8687715835334255,0.9068903606652052,188,1880,1880,1.0,0.9494244442919031,0.716556587205196,0.7165565872051962
alg,ml-100k/u.data,0,268,46840,0.9146752331753196,0.9502812381764254,189,1890,1890,1.0,0.9496020338605846,0.742875247106681,0.7428752471066813
alg,ml-100k/u.data,2,310,47040,0.9806792569524483,1.0263595241680412,189,1890,1890,1.0,0.945066553455983,0.799789552629032,0.7997895526290323
