Algorithm,DataSet,Partition,BuildTime,TestTime,RMSE.ByUser,RMSE.ByRating,NUsers,NAttempted,NGood,Coverage,nDCG,MAE.ByUser,MAE.ByRating
alg,ml-100k/u.data,1,289,46382,0.9366193476122202,0.9724963927276584,189,1890,1890,1.0,0.9443814781178722,0.7801194631980345,0.7801194631980346
alg,ml-100k/u.data,3,289,46770,0.9301128049884214,0.9710213825824617,188,1880,1880,1.0,0.9446616581539691,0.7732014267239181,0.7732014267239183
alg,ml-100k/u.data,4,289,47072,0.8687715835334255,0.9068903606652052,188,1880,1880,1.0,0.9494244442919031,0.716556587205196,0.7165565872051962
alg,ml-100k/u.data,0,282,49346,0.9137641803126045,0.9493947464316909,189,1890,1890,1.0,0.9499563925817092,0.7423395928905937,0.7423395928905938
alg,ml-100k/u.data,2,282,49709,0.9795400555097826,1.0249793546694013,189,1890,1890,1.0,0.9451521707133658,0.7994192060264279,0.7994192060264285
