Algorithm,DataSet,Partition,BuildTime,TestTime,RMSE.ByUser,RMSE.ByRating,NUsers,NAttempted,NGood,Coverage,nDCG,MAE.ByUser,MAE.ByRating
alg,ml-100k/u.data,1,240,43788,0.9366193476122202,0.9724963927276584,189,1890,1890,1.0,0.9443814781178722,0.7801194631980345,0.7801194631980346
alg,ml-100k/u.data,3,227,43805,0.9301128049884214,0.9710213825824617,188,1880,1880,1.0,0.9446616581539691,0.7732014267239181,0.7732014267239183
alg,ml-100k/u.data,4,251,44026,0.8687715835334255,0.9068903606652052,188,1880,1880,1.0,0.9494244442919031,0.716556587205196,0.7165565872051962
alg,ml-100k/u.data,2,213,46693,0.9834574692443445,1.0279163579847352,189,1890,1890,1.0,0.9438712211492805,0.800493328821148,0.8004933288211484
alg,ml-100k/u.data,0,249,46973,0.9178767535918948,0.9550815924420104,189,1890,1890,1.0,0.9505098010502208,0.7433401866921797,0.74334018669218
