Algorithm,DataSet,Partition,BuildTime,TestTime,RMSE.ByUser,RMSE.ByRating,NUsers,NAttempted,NGood,Coverage,nDCG,MAE.ByUser,MAE.ByRating
alg,ml-100k/u.data,4,344,49752,0.8687715835334255,0.9068903606652052,188,1880,1880,1.0,0.9494244442919031,0.716556587205196,0.7165565872051962
alg,ml-100k/u.data,3,341,49782,0.9301128049884214,0.9710213825824617,188,1880,1880,1.0,0.9446616581539691,0.7732014267239181,0.7732014267239183
alg,ml-100k/u.data,1,333,49874,0.9366193476122202,0.9724963927276584,189,1890,1890,1.0,0.9443814781178722,0.7801194631980345,0.7801194631980346
alg,ml-100k/u.data,0,333,53098,0.9151411841539894,0.9512952956015982,189,1890,1890,1.0,0.9505791127313838,0.7423495347819747,0.7423495347819752
alg,ml-100k/u.data,2,340,53104,0.9803808947213265,1.025207486414533,189,1890,1890,1.0,0.9444954340718654,0.7977872449203561,0.7977872449203561
