Algorithm,DataSet,Partition,BuildTime,TestTime,RMSE.ByUser,RMSE.ByRating,NUsers,NAttempted,NGood,Coverage,nDCG,MAE.ByUser,MAE.ByRating
alg,ml-100k/u.data,1,318,72035,0.9366193476122202,0.9724963927276584,189,1890,1890,1.0,0.9443814781178722,0.7801194631980345,0.7801194631980346
alg,ml-100k/u.data,3,313,72101,0.9301128049884214,0.9710213825824617,188,1880,1880,1.0,0.9446616581539691,0.7732014267239181,0.7732014267239183
alg,ml-100k/u.data,4,315,72149,0.8687715835334255,0.9068903606652052,188,1880,1880,1.0,0.9494244442919031,0.716556587205196,0.7165565872051962
alg,ml-100k/u.data,0,281,75549,0.916506238054883,0.9531908396820902,189,1890,1890,1.0,0.950071026466342,0.7433030612224785,0.7433030612224784
alg,ml-100k/u.data,2,326,75782,0.9829245503767805,1.0270707434656037,189,1890,1890,1.0,0.9443715038900844,0.800101367723549,0.8001013677235481
