Algorithm,DataSet,Partition,BuildTime,TestTime,RMSE.ByUser,RMSE.ByRating,NUsers,NAttempted,NGood,Coverage,nDCG,MAE.ByUser,MAE.ByRating
alg,ml-100k/u.data,1,263,61661,0.9366193476122202,0.9724963927276584,189,1890,1890,1.0,0.9443814781178722,0.7801194631980345,0.7801194631980346
alg,ml-100k/u.data,4,251,61937,0.8687715835334255,0.9068903606652052,188,1880,1880,1.0,0.9494244442919031,0.716556587205196,0.7165565872051962
alg,ml-100k/u.data,3,239,62245,0.9301128049884214,0.9710213825824617,188,1880,1880,1.0,0.9446616581539691,0.7732014267239181,0.7732014267239183
alg,ml-100k/u.data,0,222,65054,0.9144349536513927,0.9503997101975129,189,1890,1890,1.0,0.950946557181859,0.7411358366260745,0.7411358366260753
alg,ml-100k/u.data,2,245,65114,0.9788571893734817,1.0239948749194747,189,1890,1890,1.0,0.9443338537512149,0.7976629280579515,0.7976629280579515
