Algorithm,DataSet,Partition,BuildTime,TestTime,RMSE.ByUser,RMSE.ByRating,NUsers,NAttempted,NGood,Coverage,nDCG,MAE.ByUser,MAE.ByRating
alg,ml-100k/u.data,4,277,59789,0.8687715835334255,0.9068903606652052,188,1880,1880,1.0,0.9494244442919031,0.716556587205196,0.7165565872051962
alg,ml-100k/u.data,1,263,59820,0.9366193476122202,0.9724963927276584,189,1890,1890,1.0,0.9443814781178722,0.7801194631980345,0.7801194631980346
alg,ml-100k/u.data,3,272,60582,0.9301128049884214,0.9710213825824617,188,1880,1880,1.0,0.9446616581539691,0.7732014267239181,0.7732014267239183
alg,ml-100k/u.data,0,267,63255,0.9241117366007224,0.9613897658552889,189,1890,1890,1.0,0.9502980533138777,0.7484185070825924,0.7484185070825928
alg,ml-100k/u.data,2,289,63551,0.9944856362350868,1.038889913507088,189,1890,1890,1.0,0.9413097847464135,0.8084222758494618,0.8084222758494618
