Algorithm,DataSet,Partition,BuildTime,TestTime,RMSE.ByUser,RMSE.ByRating,NUsers,NAttempted,NGood,Coverage,nDCG,MAE.ByUser,MAE.ByRating
alg,ml-100k/u.data,1,333,55170,0.9366193476122202,0.9724963927276584,189,1890,1890,1.0,0.9443814781178722,0.7801194631980345,0.7801194631980346
alg,ml-100k/u.data,3,331,55266,0.9301128049884214,0.9710213825824617,188,1880,1880,1.0,0.9446616581539691,0.7732014267239181,0.7732014267239183
alg,ml-100k/u.data,4,360,55268,0.8687715835334255,0.9068903606652052,188,1880,1880,1.0,0.9494244442919031,0.716556587205196,0.7165565872051962
alg,ml-100k/u.data,0,341,58626,0.9180798039683721,0.9545209855002746,189,1890,1890,1.0,0.9497835641372913,0.7455093937491525,0.7455093937491528
alg,ml-100k/u.data,2,339,58807,0.9856772083421467,1.0300868580394216,189,1890,1890,1.0,0.9444155380777297,0.8020686969722335,0.8020686969722336
