Algorithm,DataSet,Partition,BuildTime,TestTime,RMSE.ByUser,RMSE.ByRating,NUsers,NAttempted,NGood,Coverage,nDCG,MAE.ByUser,MAE.ByRating
alg,ml-100k/u.data,4,255,43934,0.8687715835334255,0.9068903606652052,188,1880,1880,1.0,0.9494244442919031,0.716556587205196,0.7165565872051962
alg,ml-100k/u.data,1,251,44378,0.9366193476122202,0.9724963927276584,189,1890,1890,1.0,0.9443814781178722,0.7801194631980345,0.7801194631980346
alg,ml-100k/u.data,3,239,44414,0.9301128049884214,0.9710213825824617,188,1880,1880,1.0,0.9446616581539691,0.7732014267239181,0.7732014267239183
alg,ml-100k/u.data,2,240,47263,0.980594869688631,1.0260268789671967,189,1890,1890,1.0,0.9451313822999242,0.7996042695646624,0.7996042695646619
alg,ml-100k/u.data,0,225,47502,0.9158023431073256,0.9513886274764927,189,1890,1890,1.0,0.9506368209161662,0.742859469088328,0.7428594690883275
