Algorithm,DataSet,Partition,BuildTime,TestTime,RMSE.ByUser,RMSE.ByRating,NUsers,NAttempted,NGood,Coverage,nDCG,MAE.ByUser,MAE.ByRating
alg,ml-100k/u.data,1,243,54087,0.9366193476122202,0.9724963927276584,189,1890,1890,1.0,0.9443814781178722,0.7801194631980345,0.7801194631980346
alg,ml-100k/u.data,4,264,54471,0.8687715835334255,0.9068903606652052,188,1880,1880,1.0,0.9494244442919031,0.716556587205196,0.7165565872051962
alg,ml-100k/u.data,3,263,54817,0.9301128049884214,0.9710213825824617,188,1880,1880,1.0,0.9446616581539691,0.7732014267239181,0.7732014267239183
alg,ml-100k/u.data,0,264,57591,0.9206742150062716,0.9576878969863393,189,1890,1890,1.0,0.9493775430002263,0.7453068846600907,0.7453068846600901
alg,ml-100k/u.data,2,254,57921,0.9884728365700217,1.0325098107540291,189,1890,1890,1.0,0.9424563112765615,0.8034928360143767,0.8034928360143766
