Algorithm,DataSet,Partition,BuildTime,TestTime,RMSE.ByUser,RMSE.ByRating,NUsers,NAttempted,NGood,Coverage,nDCG,MAE.ByUser,MAE.ByRating
alg,ml-100k/u.data,3,263,53094,0.9301128049884214,0.9710213825824617,188,1880,1880,1.0,0.9446616581539691,0.7732014267239181,0.7732014267239183
alg,ml-100k/u.data,1,247,53328,0.9366193476122202,0.9724963927276584,189,1890,1890,1.0,0.9443814781178722,0.7801194631980345,0.7801194631980346
alg,ml-100k/u.data,4,264,53314,0.8687715835334255,0.9068903606652052,188,1880,1880,1.0,0.9494244442919031,0.716556587205196,0.7165565872051962
alg,ml-100k/u.data,0,267,56563,0.9169926443498426,0.9537163172613083,189,1890,1890,1.0,0.9498253012606072,0.7445394916294028,0.7445394916294021
alg,ml-100k/u.data,2,269,57119,0.9842423146328068,1.0289486915622925,189,1890,1890,1.0,0.9431276968235693,0.8023495899971388,0.8023495899971385
