Algorithm,DataSet,Partition,BuildTime,TestTime,RMSE.ByUser,RMSE.ByRating,NUsers,NAttempted,NGood,Coverage,nDCG,MAE.ByUser,MAE.ByRating
alg,ml-100k/u.data,3,283,50154,0.9301128049884214,0.9710213825824617,188,1880,1880,1.0,0.9446616581539691,0.7732014267239181,0.7732014267239183
alg,ml-100k/u.data,4,271,50196,0.8687715835334255,0.9068903606652052,188,1880,1880,1.0,0.9494244442919031,0.716556587205196,0.7165565872051962
alg,ml-100k/u.data,1,265,50211,0.9366193476122202,0.9724963927276584,189,1890,1890,1.0,0.9443814781178722,0.7801194631980345,0.7801194631980346
alg,ml-100k/u.data,2,267,53414,0.9891474789854436,1.032983629818046,189,1890,1890,1.0,0.9424570722011169,0.8039676148547816,0.8039676148547811
alg,ml-100k/u.data,0,272,53687,0.923455951531295,0.9603826622772995,189,1890,1890,1.0,0.9490955938262176,0.7464260197994798,0.7464260197994791
