Algorithm,DataSet,Partition,BuildTime,TestTime,RMSE.ByUser,RMSE.ByRating,NUsers,NAttempted,NGood,Coverage,nDCG,MAE.ByUser,MAE.ByRating
alg,ml-100k/u.data,1,249,56562,0.9366193476122202,0.9724963927276584,189,1890,1890,1.0,0.9443814781178722,0.7801194631980345,0.7801194631980346
alg,ml-100k/u.data,3,245,56804,0.9301128049884214,0.9710213825824617,188,1880,1880,1.0,0.9446616581539691,0.7732014267239181,0.7732014267239183
alg,ml-100k/u.data,4,267,56805,0.8687715835334255,0.9068903606652052,188,1880,1880,1.0,0.9494244442919031,0.716556587205196,0.7165565872051962
alg,ml-100k/u.data,2,260,59598,0.9934962678385214,1.0379709633570413,189,1890,1890,1.0,0.941922828480637,0.807722240903187,0.8077222409031868
alg,ml-100k/u.data,0,256,60047,0.9229276027902108,0.9598363216104089,189,1890,1890,1.0,0.949383136414209,0.7479033924845826,0.7479033924845837
