Algorithm,DataSet,Partition,BuildTime,TestTime,RMSE.ByUser,RMSE.ByRating,NUsers,NAttempted,NGood,Coverage,nDCG,MAE.ByUser,MAE.ByRating
alg,ml-100k/u.data,1,241,47954,0.9366193476122202,0.9724963927276584,189,1890,1890,1.0,0.9443814781178722,0.7801194631980345,0.7801194631980346
alg,ml-100k/u.data,3,231,48062,0.9301128049884214,0.9710213825824617,188,1880,1880,1.0,0.9446616581539691,0.7732014267239181,0.7732014267239183
alg,ml-100k/u.data,4,240,48092,0.8687715835334255,0.9068903606652052,188,1880,1880,1.0,0.9494244442919031,0.716556587205196,0.7165565872051962
alg,ml-100k/u.data,2,256,50927,1.001437229966365,1.0456975536323299,189,1890,1890,1.0,0.9397800850596575,0.8174699331631419,0.8174699331631416
alg,ml-100k/u.data,0,230,51103,0.9287354948293237,0.964931286640743,189,1890,1890,1.0,0.9488489728518108,0.7545278231954771,0.7545278231954764
