Algorithm,DataSet,Partition,BuildTime,TestTime,RMSE.ByUser,RMSE.ByRating,NUsers,NAttempted,NGood,Coverage,nDCG,MAE.ByUser,MAE.ByRating
alg,ml-100k/u.data,4,482,47072,0.8687715835334255,0.9068903606652052,188,1880,1880,1.0,0.9494244442919031,0.716556587205196,0.7165565872051962
alg,ml-100k/u.data,3,489,47335,0.9301128049884214,0.9710213825824617,188,1880,1880,1.0,0.9446616581539691,0.7732014267239181,0.7732014267239183
alg,ml-100k/u.data,1,428,47430,0.9366193476122202,0.9724963927276584,189,1890,1890,1.0,0.9443814781178722,0.7801194631980345,0.7801194631980346
alg,ml-100k/u.data,0,430,49925,0.9135033426042863,0.9502062679545703,189,1890,1890,1.0,0.9512851891136407,0.7423886600946671,0.7423886600946659
alg,ml-100k/u.data,2,448,50352,0.9799706855202823,1.025574168014141,189,1890,1890,1.0,0.9450570523220322,0.8001508402142575,0.800150840214257
