Algorithm,DataSet,Partition,BuildTime,TestTime,RMSE.ByUser,RMSE.ByRating,NUsers,NAttempted,NGood,Coverage,nDCG,MAE.ByUser,MAE.ByRating
alg,ml-100k/u.data,1,255,51887,0.9366193476122202,0.9724963927276584,189,1890,1890,1.0,0.9443814781178722,0.7801194631980345,0.7801194631980346
alg,ml-100k/u.data,4,252,52065,0.8687715835334255,0.9068903606652052,188,1880,1880,1.0,0.9494244442919031,0.716556587205196,0.7165565872051962
alg,ml-100k/u.data,3,251,52356,0.9301128049884214,0.9710213825824617,188,1880,1880,1.0,0.9446616581539691,0.7732014267239181,0.7732014267239183
alg,ml-100k/u.data,0,251,55381,0.9204473319647593,0.9577302226073584,189,1890,1890,1.0,0.9499588505746488,0.7449579690344271,0.7449579690344275
alg,ml-100k/u.data,2,270,55554,0.9896043097546621,1.0336369373058147,189,1890,1890,1.0,0.94161631104899,0.8039856183508399,0.8039856183508407
