Algorithm,DataSet,Partition,BuildTime,TestTime,RMSE.ByUser,RMSE.ByRating,NUsers,NAttempted,NGood,Coverage,nDCG,MAE.ByUser,MAE.ByRating
alg,ml-100k/u.data,3,263,43772,0.9301128049884214,0.9710213825824617,188,1880,1880,1.0,0.9446616581539691,0.7732014267239181,0.7732014267239183
alg,ml-100k/u.data,1,233,43817,0.9366193476122202,0.9724963927276584,189,1890,1890,1.0,0.9443814781178722,0.7801194631980345,0.7801194631980346
alg,ml-100k/u.data,4,254,44082,0.8687715835334255,0.9068903606652052,188,1880,1880,1.0,0.9494244442919031,0.716556587205196,0.7165565872051962
alg,ml-100k/u.data,0,260,46851,0.9336459908575598,0.9698642971069442,189,1890,1890,1.0,0.9470180148171603,0.7595090202399817,0.7595090202399811
alg,ml-100k/u.data,2,233,46908,1.0001014687407577,1.0438603442322434,189,1890,1890,1.0,0.9416577810140866,0.8128784936853141,0.8128784936853145
