Algorithm,DataSet,Partition,BuildTime,TestTime,RMSE.ByUser,RMSE.ByRating,NUsers,NAttempted,NGood,Coverage,nDCG,MAE.ByUser,MAE.ByRating
alg,ml-100k/u.data,1,327,54319,0.9366193476122202,0.9724963927276584,189,1890,1890,1.0,0.9443814781178722,0.7801194631980345,0.7801194631980346
alg,ml-100k/u.data,4,345,54389,0.8687715835334255,0.9068903606652052,188,1880,1880,1.0,0.9494244442919031,0.716556587205196,0.7165565872051962
alg,ml-100k/u.data,3,344,54411,0.9301128049884214,0.9710213825824617,188,1880,1880,1.0,0.9446616581539691,0.7732014267239181,0.7732014267239183
alg,ml-100k/u.data,0,329,57097,0.9154484206167708,0.9516124639548107,189,1890,1890,1.0,0.9498132546328112,0.7420139283969883,0.7420139283969885
alg,ml-100k/u.data,2,338,57507,0.9794317975934088,1.0245337968651842,189,1890,1890,1.0,0.9443546331120574,0.7979017654339287,0.7979017654339285
