Algorithm,DataSet,Partition,BuildTime,TestTime,RMSE.ByUser,RMSE.ByRating,NUsers,NAttempted,NGood,Coverage,nDCG,MAE.ByUser,MAE.ByRating
alg,ml-100k/u.data,1,300,51363,0.9366193476122202,0.9724963927276584,189,1890,1890,1.0,0.9443814781178722,0.7801194631980345,0.7801194631980346
alg,ml-100k/u.data,3,308,51608,0.9301128049884214,0.9710213825824617,188,1880,1880,1.0,0.9446616581539691,0.7732014267239181,0.7732014267239183
alg,ml-100k/u.data,4,294,51864,0.8687715835334255,0.9068903606652052,188,1880,1880,1.0,0.9494244442919031,0.716556587205196,0.7165565872051962
alg,ml-100k/u.data,0,290,55338,0.9155338763114711,0.9516171835162404,189,1890,1890,1.0,0.9504012463549392,0.7425701196940477,0.7425701196940482
alg,ml-100k/u.data,2,292,55362,0.9811261775799057,1.025195517895423,189,1890,1890,1.0,0.9448699724039886,0.7989498743031771,0.7989498743031775
