Algorithm,DataSet,Partition,BuildTime,TestTime,RMSE.ByUser,RMSE.ByRating,NUsers,NAttempted,NGood,Coverage,nDCG,MAE.ByUser,MAE.ByRating
alg,ml-100k/u.data,4,238,46397,0.8687715835334255,0.9068903606652052,188,1880,1880,1.0,0.9494244442919031,0.716556587205196,0.7165565872051962
alg,ml-100k/u.data,1,209,46690,0.9366193476122202,0.9724963927276584,189,1890,1890,1.0,0.9443814781178722,0.7801194631980345,0.7801194631980346
alg,ml-100k/u.data,3,241,46872,0.9301128049884214,0.9710213825824617,188,1880,1880,1.0,0.9446616581539691,0.7732014267239181,0.7732014267239183
alg,ml-100k/u.data,0,235,49687,0.9450026100863193,0.9823688857308513,189,1890,1890,1.0,0.9470723167193419,0.7697243382898856,0.769724338289886
alg,ml-100k/u.data,2,237,49781,1.0075582829209477,1.050130130992274,189,1890,1890,1.0,0.9370938627155534,0.82184688676649,0.8218468867664898
