Algorithm,DataSet,Partition,BuildTime,TestTime,RMSE.ByUser,RMSE.ByRating,NUsers,NAttempted,NGood,Coverage,nDCG,MAE.ByUser,MAE.ByRating
alg,ml-100k/u.data,1,280,43200,0.9366193476122202,0.9724963927276584,189,1890,1890,1.0,0.9443814781178722,0.7801194631980345,0.7801194631980346
alg,ml-100k/u.data,4,287,43281,0.8687715835334255,0.9068903606652052,188,1880,1880,1.0,0.9494244442919031,0.716556587205196,0.7165565872051962
alg,ml-100k/u.data,3,277,43467,0.9301128049884214,0.9710213825824617,188,1880,1880,1.0,0.9446616581539691,0.7732014267239181,0.7732014267239183
alg,ml-100k/u.data,0,273,46253,0.9156504910522061,0.9513707970047734,189,1890,1890,1.0,0.94961118743852,0.7421683086163158,0.7421683086163151
alg,ml-100k/u.data,2,274,46380,0.9796626374836837,1.0252280183588098,189,1890,1890,1.0,0.9455791731829836,0.7989068257580306,0.7989068257580308
