Algorithm,DataSet,Partition,BuildTime,TestTime,RMSE.ByUser,RMSE.ByRating,NUsers,NAttempted,NGood,Coverage,nDCG,MAE.ByUser,MAE.ByRating
alg,ml-100k/u.data,1,254,44641,0.9366193476122202,0.9724963927276584,189,1890,1890,1.0,0.9443814781178722,0.7801194631980345,0.7801194631980346
alg,ml-100k/u.data,4,294,44828,0.8687715835334255,0.9068903606652052,188,1880,1880,1.0,0.9494244442919031,0.716556587205196,0.7165565872051962
alg,ml-100k/u.data,3,293,45024,0.9301128049884214,0.9710213825824617,188,1880,1880,1.0,0.9446616581539691,0.7732014267239181,0.7732014267239183
alg,ml-100k/u.data,0,256,48066,0.917619704704501,0.9545150334155106,189,1890,1890,1.0,0.9518011196011672,0.7442709642444526,0.7442709642444527
alg,ml-100k/u.data,2,303,48033,0.9804192910109115,1.0254912133246992,189,1890,1890,1.0,0.9451978758014534,0.7997227919274595,0.7997227919274592
