Algorithm,DataSet,Partition,BuildTime,TestTime,RMSE.ByUser,RMSE.ByRating,NUsers,NAttempted,NGood,Coverage,nDCG,MAE.ByUser,MAE.ByRating
alg,ml-100k/u.data,3,266,50851,0.9301128049884214,0.9710213825824617,188,1880,1880,1.0,0.9446616581539691,0.7732014267239181,0.7732014267239183
alg,ml-100k/u.data,1,259,51023,0.9366193476122202,0.9724963927276584,189,1890,1890,1.0,0.9443814781178722,0.7801194631980345,0.7801194631980346
alg,ml-100k/u.data,4,274,51036,0.8687715835334255,0.9068903606652052,188,1880,1880,1.0,0.9494244442919031,0.716556587205196,0.7165565872051962
alg,ml-100k/u.data,0,269,54447,0.9153548471481802,0.9516102460209183,189,1890,1890,1.0,0.9501931651059324,0.742400335930956,0.7424003359309558
alg,ml-100k/u.data,2,272,54516,0.9794399933695238,1.0245502023077224,189,1890,1890,1.0,0.9447007226142246,0.7971336306642237,0.7971336306642242
