Algorithm,DataSet,Partition,BuildTime,TestTime,RMSE.ByUser,RMSE.ByRating,NUsers,NAttempted,NGood,Coverage,nDCG,MAE.ByUser,MAE.ByRating
alg,ml-100k/u.data,1,241,51751,0.9366193476122202,0.9724963927276584,189,1890,1890,1.0,0.9443814781178722,0.7801194631980345,0.7801194631980346
alg,ml-100k/u.data,4,238,51928,0.8687715835334255,0.9068903606652052,188,1880,1880,1.0,0.9494244442919031,0.716556587205196,0.7165565872051962
alg,ml-100k/u.data,3,249,52513,0.9301128049884214,0.9710213825824617,188,1880,1880,1.0,0.9446616581539691,0.7732014267239181,0.7732014267239183
alg,ml-100k/u.data,0,234,55539,0.9221775897698945,0.9592283051627106,189,1890,1890,1.0,0.9501275247753667,0.7471972995164988,0.7471972995164992
alg,ml-100k/u.data,2,258,55733,0.9916610067606315,1.0360914308180884,189,1890,1890,1.0,0.9423807415783456,0.8059614540289995,0.8059614540289997
