Algorithm,DataSet,Partition,BuildTime,TestTime,RMSE.ByUser,RMSE.ByRating,NUsers,NAttempted,NGood,Coverage,nDCG,MAE.ByUser,MAE.ByRating
alg,ml-100k/u.data,4,275,71080,0.8687715835334255,0.9068903606652052,188,1880,1880,1.0,0.9494244442919031,0.716556587205196,0.7165565872051962
alg,ml-100k/u.data,1,271,71187,0.9366193476122202,0.9724963927276584,189,1890,1890,1.0,0.9443814781178722,0.7801194631980345,0.7801194631980346
alg,ml-100k/u.data,3,269,71929,0.9301128049884214,0.9710213825824617,188,1880,1880,1.0,0.9446616581539691,0.7732014267239181,0.7732014267239183
alg,ml-100k/u.data,2,259,75081,0.9823052749502195,1.0266505366448249,189,1890,1890,1.0,0.9439964501699893,0.7996513369276411,0.7996513369276408
alg,ml-100k/u.data,0,252,75209,0.9161959915090806,0.9525646091931017,189,1890,1890,1.0,0.9497437533050993,0.7427922766389704,0.7427922766389695
