Algorithm,DataSet,Partition,BuildTime,TestTime,RMSE.ByUser,RMSE.ByRating,NUsers,NAttempted,NGood,Coverage,nDCG,MAE.ByUser,MAE.ByRating
alg,ml-100k/u.data,1,323,55239,0.9366193476122202,0.9724963927276584,189,1890,1890,1.0,0.9443814781178722,0.7801194631980345,0.7801194631980346
alg,ml-100k/u.data,3,334,55381,0.9301128049884214,0.9710213825824617,188,1880,1880,1.0,0.9446616581539691,0.7732014267239181,0.7732014267239183
alg,ml-100k/u.data,4,335,55611,0.8687715835334255,0.9068903606652052,188,1880,1880,1.0,0.9494244442919031,0.716556587205196,0.7165565872051962
alg,ml-100k/u.data,0,316,59157,0.9249457363035447,0.9617248919328825,189,1890,1890,1.0,0.9493438978965189,0.7502033530065072,0.7502033530065075
alg,ml-100k/u.data,2,324,59158,0.9969590955786202,1.0412050000729391,189,1890,1890,1.0,0.9415017915980871,0.8122759339883608,0.8122759339883607
