Algorithm,DataSet,Partition,BuildTime,TestTime,RMSE.ByUser,RMSE.ByRating,NUsers,NAttempted,NGood,Coverage,nDCG,MAE.ByUser,MAE.ByRating
alg,ml-100k/u.data,1,266,50429,0.9366193476122202,0.9724963927276584,189,1890,1890,1.0,0.9443814781178722,0.7801194631980345,0.7801194631980346
alg,ml-100k/u.data,3,291,50459,0.9301128049884214,0.9710213825824617,188,1880,1880,1.0,0.9446616581539691,0.7732014267239181,0.7732014267239183
alg,ml-100k/u.data,4,269,50577,0.8687715835334255,0.9068903606652052,188,1880,1880,1.0,0.9494244442919031,0.716556587205196,0.7165565872051962
alg,ml-100k/u.data,0,257,54278,0.9162864111135888,0.9531224202405574,189,1890,1890,1.0,0.9504679861447165,0.7432581681018247,0.7432581681018247
alg,ml-100k/u.data,2,280,54541,0.9830115766504302,1.0275432050725435,189,1890,1890,1.0,0.9435523483405439,0.7999398053419456,0.7999398053419462
