Algorithm,DataSet,Partition,BuildTime,TestTime,RMSE.ByUser,RMSE.ByRating,NUsers,NAttempted,NGood,Coverage,nDCG,MAE.ByUser,MAE.ByRating
alg,ml-100k/u.data,1,238,44885,0.9366193476122202,0.9724963927276584,189,1890,1890,1.0,0.9443814781178722,0.7801194631980345,0.7801194631980346
alg,ml-100k/u.data,3,263,45173,0.9301128049884214,0.9710213825824617,188,1880,1880,1.0,0.9446616581539691,0.7732014267239181,0.7732014267239183
alg,ml-100k/u.data,4,238,45471,0.8687715835334255,0.9068903606652052,188,1880,1880,1.0,0.9494244442919031,0.716556587205196,0.7165565872051962
alg,ml-100k/u.data,2,263,48048,0.979993248124935,1.0252963592817672,189,1890,1890,1.0,0.9455906099470966,0.7988119247097321,0.7988119247097328
alg,ml-100k/u.data,0,231,48348,0.9141734805086066,0.950102539815496,189,1890,1890,1.0,0.9514353509271196,0.7419658153769872,0.7419658153769867
