Algorithm,DataSet,Partition,BuildTime,TestTime,RMSE.ByUser,RMSE.ByRating,NUsers,NAttempted,NGood,Coverage,nDCG,MAE.ByUser,MAE.ByRating
alg,ml-100k/u.data,1,268,51334,0.9366193476122202,0.9724963927276584,189,1890,1890,1.0,0.9443814781178722,0.7801194631980345,0.7801194631980346
alg,ml-100k/u.data,4,283,51628,0.8687715835334255,0.9068903606652052,188,1880,1880,1.0,0.9494244442919031,0.716556587205196,0.7165565872051962
alg,ml-100k/u.data,3,287,51665,0.9301128049884214,0.9710213825824617,188,1880,1880,1.0,0.9446616581539691,0.7732014267239181,0.7732014267239183
alg,ml-100k/u.data,2,270,55108,0.9905871109946386,1.0350684246800312,189,1890,1890,1.0,0.942437508662504,0.80531106975353,0.8053110697535302
alg,ml-100k/u.data,0,290,55115,0.9220536568188946,0.9590478956765085,189,1890,1890,1.0,0.9504848797244104,0.7470126384990197,0.7470126384990197
