Algorithm,DataSet,Partition,BuildTime,TestTime,RMSE.ByUser,RMSE.ByRating,NUsers,NAttempted,NGood,Coverage,nDCG,MAE.ByUser,MAE.ByRating
alg,ml-100k/u.data,1,266,47896,0.9366193476122202,0.9724963927276584,189,1890,1890,1.0,0.9443814781178722,0.7801194631980345,0.7801194631980346
alg,ml-100k/u.data,4,271,48113,0.8687715835334255,0.9068903606652052,188,1880,1880,1.0,0.9494244442919031,0.716556587205196,0.7165565872051962
alg,ml-100k/u.data,3,269,48159,0.9301128049884214,0.9710213825824617,188,1880,1880,1.0,0.9446616581539691,0.7732014267239181,0.7732014267239183
alg,ml-100k/u.data,2,276,51078,0.9965409967231114,1.0407674760961079,189,1890,1890,1.0,0.9422851150325195,0.8112401707466681,0.8112401707466673
alg,ml-100k/u.data,0,260,51256,0.9266043602152084,0.9637803075171061,189,1890,1890,1.0,0.9490569628432701,0.7507547659530477,0.7507547659530484
