Algorithm,DataSet,Partition,BuildTime,TestTime,RMSE.ByUser,RMSE.ByRating,NUsers,NAttempted,NGood,Coverage,nDCG,MAE.ByUser,MAE.ByRating
alg,ml-100k/u.data,1,222,43784,0.9366193476122202,0.9724963927276584,189,1890,1890,1.0,0.9443814781178722,0.7801194631980345,0.7801194631980346
alg,ml-100k/u.data,4,240,43966,0.8687715835334255,0.9068903606652052,188,1880,1880,1.0,0.9494244442919031,0.716556587205196,0.7165565872051962
alg,ml-100k/u.data,3,252,44075,0.9301128049884214,0.9710213825824617,188,1880,1880,1.0,0.9446616581539691,0.7732014267239181,0.7732014267239183
alg,ml-100k/u.data,0,221,46693,0.916391475861354,0.9519017719998171,189,1890,1890,1.0,0.9490306893527826,0.7453124596492325,0.7453124596492325
alg,ml-100k/u.data,2,236,46921,0.9807935082559515,1.026464479659282,189,1890,1890,1.0,0.945098640497555,0.8008853957711426,0.8008853957711422
