Algorithm,DataSet,Partition,BuildTime,TestTime,RMSE.ByUser,RMSE.ByRating,NUsers,NAttempted,NGood,Coverage,nDCG,MAE.ByUser,MAE.ByRating
alg,ml-100k/u.data,4,272,45309,0.8687715835334255,0.9068903606652052,188,1880,1880,1.0,0.9494244442919031,0.716556587205196,0.7165565872051962
alg,ml-100k/u.data,3,270,45547,0.9301128049884214,0.9710213825824617,188,1880,1880,1.0,0.9446616581539691,0.7732014267239181,0.7732014267239183
alg,ml-100k/u.data,1,257,45735,0.9366193476122202,0.9724963927276584,189,1890,1890,1.0,0.9443814781178722,0.7801194631980345,0.7801194631980346
alg,ml-100k/u.data,2,267,48698,0.9800530898762048,1.025492368031874,189,1890,1890,1.0,0.9449166966725286,0.8003738093292425,0.8003738093292427
alg,ml-100k/u.data,0,250,48795,0.9134810375705394,0.9500975657092396,189,1890,1890,1.0,0.9514561546557304,0.7421958705316158,0.7421958705316164
