Algorithm,DataSet,Partition,BuildTime,TestTime,RMSE.ByUser,RMSE.ByRating,NUsers,NAttempted,NGood,Coverage,nDCG,MAE.ByUser,MAE.ByRating
alg,ml-100k/u.data,3,253,44595,0.9301128049884214,0.9710213825824617,188,1880,1880,1.0,0.9446616581539691,0.7732014267239181,0.7732014267239183
alg,ml-100k/u.data,1,224,44714,0.9366193476122202,0.9724963927276584,189,1890,1890,1.0,0.9443814781178722,0.7801194631980345,0.7801194631980346
alg,ml-100k/u.data,4,269,44767,0.8687715835334255,0.9068903606652052,188,1880,1880,1.0,0.9494244442919031,0.716556587205196,0.7165565872051962
alg,ml-100k/u.data,2,212,47370,0.9799811659122383,1.024712214077757,189,1890,1890,1.0,0.9434761310178592,0.7977056494282537,0.7977056494282534
alg,ml-100k/u.data,0,221,47455,0.9163973394200857,0.9522526596261109,189,1890,1890,1.0,0.9507666418448244,0.7432785233754285,0.7432785233754285
