Algorithm,DataSet,Partition,BuildTime,TestTime,RMSE.ByUser,RMSE.ByRating,NUsers,NAttempted,NGood,Coverage,nDCG,MAE.ByUser,MAE.ByRating
alg,ml-100k/u.data,4,267,47890,0.8687715835334255,0.9068903606652052,188,1880,1880,1.0,0.9494244442919031,0.716556587205196,0.7165565872051962
alg,ml-100k/u.data,1,244,48040,0.9366193476122202,0.9724963927276584,189,1890,1890,1.0,0.9443814781178722,0.7801194631980345,0.7801194631980346
alg,ml-100k/u.data,3,241,48199,0.9301128049884214,0.9710213825824617,188,1880,1880,1.0,0.9446616581539691,0.7732014267239181,0.7732014267239183
alg,ml-100k/u.data,2,254,51113,0.9931611320949879,1.0375455096763297,189,1890,1890,1.0,0.941751683136107,0.8072680025285547,0.8072680025285545
alg,ml-100k/u.data,0,244,51188,0.9243697241123287,0.9616449320235319,189,1890,1890,1.0,0.9499166158430011,0.7481015238202272,0.7481015238202275
