Algorithm,DataSet,Partition,BuildTime,TestTime,RMSE.ByUser,RMSE.ByRating,NUsers,NAttempted,NGood,Coverage,nDCG,MAE.ByUser,MAE.ByRating
alg,ml-100k/u.data,4,255,42880,0.8687715835334255,0.9068903606652052,188,1880,1880,1.0,0.9494244442919031,0.716556587205196,0.7165565872051962
alg,ml-100k/u.data,3,233,42945,0.9301128049884214,0.9710213825824617,188,1880,1880,1.0,0.9446616581539691,0.7732014267239181,0.7732014267239183
alg,ml-100k/u.data,1,237,43071,0.9366193476122202,0.9724963927276584,189,1890,1890,1.0,0.9443814781178722,0.7801194631980345,0.7801194631980346
alg,ml-100k/u.data,0,249,46486,0.9431298250441578,0.9802280781639824,189,1890,1890,1.0,0.9460702889408347,0.7686186948848853,0.7686186948848847
alg,ml-100k/u.data,2,231,46513,1.0057515976490976,1.0492016619866942,189,1890,1890,1.0,0.9393653491638774,0.8196434717639698,0.8196434717639696
