Algorithm,DataSet,Partition,BuildTime,TestTime,RMSE.ByUser,RMSE.ByRating,NUsers,NAttempted,NGood,Coverage,nDCG,MAE.ByUser,MAE.ByRating
alg,ml-100k/u.data,1,254,50481,0.9366193476122202,0.9724963927276584,189,1890,1890,1.0,0.9443814781178722,0.7801194631980345,0.7801194631980346
alg,ml-100k/u.data,4,267,51030,0.8687715835334255,0.9068903606652052,188,1880,1880,1.0,0.9494244442919031,0.716556587205196,0.7165565872051962
alg,ml-100k/u.data,3,256,51216,0.9301128049884214,0.9710213825824617,188,1880,1880,1.0,0.9446616581539691,0.7732014267239181,0.7732014267239183
alg,ml-100k/u.data,0,250,54629,0.9250428907414207,0.9618874882931796,189,1890,1890,1.0,0.94993002237941,0.7501901242598508,0.7501901242598504
alg,ml-100k/u.data,2,264,54768,0.9956403613751916,1.0397162778865823,189,1890,1890,1.0,0.9421272639574239,0.8104913827286871,0.8104913827286866
