Algorithm,DataSet,Partition,BuildTime,TestTime,RMSE.ByUser,RMSE.ByRating,NUsers,NAttempted,NGood,Coverage,nDCG,MAE.ByUser,MAE.ByRating
alg,ml-100k/u.data,3,230,47601,0.9301128049884214,0.9710213825824617,188,1880,1880,1.0,0.9446616581539691,0.7732014267239181,0.7732014267239183
alg,ml-100k/u.data,1,223,47907,0.9366193476122202,0.9724963927276584,189,1890,1890,1.0,0.9443814781178722,0.7801194631980345,0.7801194631980346
alg,ml-100k/u.data,4,275,47942,0.8687715835334255,0.9068903606652052,188,1880,1880,1.0,0.9494244442919031,0.716556587205196,0.7165565872051962
alg,ml-100k/u.data,0,219,51058,0.9275580426751951,0.963836950900273,189,1890,1890,1.0,0.9489457289750416,0.7538014302488072,0.7538014302488067
alg,ml-100k/u.data,2,243,51072,1.0010393049467496,1.0451887371748194,189,1890,1890,1.0,0.9397109574323894,0.8166473687377332,0.8166473687377335
