Algorithm,DataSet,Partition,BuildTime,TestTime,RMSE.ByUser,RMSE.ByRating,NUsers,NAttempted,NGood,Coverage,nDCG,MAE.ByUser,MAE.ByRating
alg,ml-100k/u.data,4,240,47681,0.8687715835334255,0.9068903606652052,188,1880,1880,1.0,0.9494244442919031,0.716556587205196,0.7165565872051962
alg,ml-100k/u.data,1,262,48260,0.9366193476122202,0.9724963927276584,189,1890,1890,1.0,0.9443814781178722,0.7801194631980345,0.7801194631980346
alg,ml-100k/u.data,3,251,48320,0.9301128049884214,0.9710213825824617,188,1880,1880,1.0,0.9446616581539691,0.7732014267239181,0.7732014267239183
alg,ml-100k/u.data,2,249,51401,0.9955733979758895,1.040059619770601,189,1890,1890,1.0,0.9427715135001721,0.8096950730808987,0.809695073080899
alg,ml-100k/u.data,0,243,51445,0.9258281915136808,0.9628949228856442,189,1890,1890,1.0,0.9487153869607867,0.7501628316044953,0.7501628316044948
