Algorithm,DataSet,Partition,BuildTime,TestTime,RMSE.ByUser,RMSE.ByRating,NUsers,NAttempted,NGood,Coverage,nDCG,MAE.ByUser,MAE.ByRating
alg,ml-100k/u.data,3,246,49794,0.9301128049884214,0.9710213825824617,188,1880,1880,1.0,0.9446616581539691,0.7732014267239181,0.7732014267239183
alg,ml-100k/u.data,1,228,49877,0.9366193476122202,0.9724963927276584,189,1890,1890,1.0,0.9443814781178722,0.7801194631980345,0.7801194631980346
alg,ml-100k/u.data,4,261,49874,0.8687715835334255,0.9068903606652052,188,1880,1880,1.0,0.9494244442919031,0.716556587205196,0.7165565872051962
alg,ml-100k/u.data,2,250,52746,0.9971855405949779,1.0413785606549386,189,1890,1890,1.0,0.9413972804820733,0.8127950041381903,0.8127950041381892
alg,ml-100k/u.data,0,250,52814,0.9259725165301832,0.9627940915963537,189,1890,1890,1.0,0.9484675781437631,0.7513653593300342,0.7513653593300346
