Algorithm,DataSet,Partition,BuildTime,TestTime,RMSE.ByUser,RMSE.ByRating,NUsers,NAttempted,NGood,Coverage,nDCG,MAE.ByUser,MAE.ByRating
alg,ml-100k/u.data,4,243,45189,0.8687715835334255,0.9068903606652052,188,1880,1880,1.0,0.9494244442919031,0.716556587205196,0.7165565872051962
alg,ml-100k/u.data,1,255,45382,0.9366193476122202,0.9724963927276584,189,1890,1890,1.0,0.9443814781178722,0.7801194631980345,0.7801194631980346
alg,ml-100k/u.data,3,259,45629,0.9301128049884214,0.9710213825824617,188,1880,1880,1.0,0.9446616581539691,0.7732014267239181,0.7732014267239183
alg,ml-100k/u.data,0,230,48109,0.9148028201332487,0.9521054421570184,189,1890,1890,1.0,0.9507028604624346,0.7424066306616416,0.7424066306616405
alg,ml-100k/u.data,2,251,48511,0.9803062698541289,1.0254079781924985,189,1890,1890,1.0,0.9442545560597561,0.7994146907120389,0.7994146907120381
