Algorithm,DataSet,Partition,BuildTime,TestTime,RMSE.ByUser,RMSE.ByRating,NUsers,NAttempted,NGood,Coverage,nDCG,MAE.ByUser,MAE.ByRating
alg,ml-100k/u.data,1,243,46568,0.9366193476122202,0.9724963927276584,189,1890,1890,1.0,0.9443814781178722,0.7801194631980345,0.7801194631980346
alg,ml-100k/u.data,4,270,47115,0.8687715835334255,0.9068903606652052,188,1880,1880,1.0,0.9494244442919031,0.716556587205196,0.7165565872051962
alg,ml-100k/u.data,3,257,47555,0.9301128049884214,0.9710213825824617,188,1880,1880,1.0,0.9446616581539691,0.7732014267239181,0.7732014267239183
alg,ml-100k/u.data,0,232,50316,0.9448268600720922,0.9824915697297483,189,1890,1890,1.0,0.9470211621625734,0.7703650192610941,0.7703650192610945
alg,ml-100k/u.data,2,257,50337,1.0079359996021455,1.0504749028050488,189,1890,1890,1.0,0.9381030027274367,0.822661152536002,0.8226611525360018
