Algorithm,DataSet,Partition,BuildTime,TestTime,RMSE.ByUser,RMSE.ByRating,NUsers,NAttempted,NGood,Coverage,nDCG,MAE.ByUser,MAE.ByRating
alg,ml-100k/u.data,4,267,44785,0.8687715835334255,0.9068903606652052,188,1880,1880,1.0,0.9494244442919031,0.716556587205196,0.7165565872051962
alg,ml-100k/u.data,1,276,44882,0.9366193476122202,0.9724963927276584,189,1890,1890,1.0,0.9443814781178722,0.7801194631980345,0.7801194631980346
alg,ml-100k/u.data,3,278,45042,0.9301128049884214,0.9710213825824617,188,1880,1880,1.0,0.9446616581539691,0.7732014267239181,0.7732014267239183
alg,ml-100k/u.data,2,261,47890,0.9804488253030307,1.0258458361865155,189,1890,1890,1.0,0.9442511892341309,0.800047298883888,0.8000472988838885
alg,ml-100k/u.data,0,251,47984,0.9150527692303502,0.9506910406615018,189,1890,1890,1.0,0.9500236523766892,0.7422446473398044,0.7422446473398049
