alpha,RMSE.ByUser,RMSE.ByRating,MAE.ByUser,MAE.ByRating
4.0,0.912080733781,0.951020922193,0.746417933231,0.746417933231
