threshold,RMSE.ByUser,RMSE.ByRating,MAE.ByUser,MAE.ByRating
0.1,0.908094626064,0.946713991699,0.740664910719,0.740664910719
