alpha,RMSE.ByUser,RMSE.ByRating,MAE.ByUser,MAE.ByRating
4.0,0.911384302653,0.950264498793,0.745720015859,0.745720015859
