threshold,RMSE.ByUser,RMSE.ByRating,MAE.ByUser,MAE.ByRating
0.1,0.908386785944,0.946847215395,0.741176033411,0.741176033411
