alpha,RMSE.ByUser,RMSE.ByRating,MAE.ByUser,MAE.ByRating
4.0,0.911963242895,0.950907329646,0.746247530462,0.746247530462
