threshold,RMSE.ByUser,RMSE.ByRating,MAE.ByUser,MAE.ByRating
0.1,0.908237064387,0.946750827724,0.740774005716,0.740774005716
