alpha,RMSE.ByUser,RMSE.ByRating,MAE.ByUser,MAE.ByRating
4.0,0.910645084738,0.949376284787,0.745022363491,0.745022363491
