alpha,RMSE.ByUser,RMSE.ByRating,MAE.ByUser,MAE.ByRating
4.0,0.911874925075,0.950820820913,0.746186930473,0.746186930473
