threshold,RMSE.ByUser,RMSE.ByRating,MAE.ByUser,MAE.ByRating
0.1,0.908647393324,0.94710318266,0.741590333394,0.741590333394
