alpha,RMSE.ByUser,RMSE.ByRating,MAE.ByUser,MAE.ByRating
4.0,0.909135807062,0.947895392565,0.743421703376,0.743421703376
