threshold,RMSE.ByUser,RMSE.ByRating,MAE.ByUser,MAE.ByRating
0.1,0.909293929232,0.947668638548,0.742316677533,0.742316677533
