Algorithm,DataSet,Partition,BuildTime,TestTime,RMSE.ByUser,RMSE.ByRating,NUsers,NAttempted,NGood,Coverage,nDCG,MAE.ByUser,MAE.ByRating
alg,ml-100k/u.data,1,264,68089,0.9113895292029659,0.9466369273654336,189,1890,1890,1.0,0.948897484951401,0.7478598114361932,0.7478598114361931
alg,ml-100k/u.data,0,247,68376,0.9109197443405193,0.9467160957723518,189,1890,1890,1.0,0.950988818380188,0.7396985263149713,0.7396985263149716
alg,ml-100k/u.data,4,255,68471,0.8447201575609153,0.882322621941787,188,1880,1880,1.0,0.9557509277465024,0.6878607112064397,0.6878607112064399
alg,ml-100k/u.data,3,279,68485,0.8979771461812385,0.9365401248506241,188,1880,1880,1.0,0.951088650813988,0.7401247542549132,0.7401247542549128
alg,ml-100k/u.data,2,247,68671,0.9757372017444791,1.0211511728744336,189,1890,1890,1.0,0.9450302614305661,0.7954176597563131,0.7954176597563137
