Algorithm,DataSet,Partition,BuildTime,TestTime,RMSE.ByUser,RMSE.ByRating,NUsers,NAttempted,NGood,Coverage,nDCG,MAE.ByUser,MAE.ByRating
alg,ml-100k/u.data,1,257,52507,0.9141192502459577,0.9502639757671346,189,1890,1890,1.0,0.9500850537135983,0.7515762103476904,0.7515762103476902
alg,ml-100k/u.data,3,263,52856,0.8963647884376794,0.9351300021917104,188,1880,1880,1.0,0.9524398763560128,0.7370463349747675,0.7370463349747672
alg,ml-100k/u.data,4,268,52928,0.8434307327026525,0.8805623308039385,188,1880,1880,1.0,0.9557972916260828,0.6863492304013603,0.6863492304013605
alg,ml-100k/u.data,0,270,53009,0.9099458976647334,0.9459589452517838,189,1890,1890,1.0,0.9513251499619265,0.7347606910443921,0.7347606910443923
alg,ml-100k/u.data,2,257,53083,0.9736788761180958,1.0184047449134104,189,1890,1890,1.0,0.9465795666123529,0.791728279983289,0.7917282799832892
