Algorithm,DataSet,Partition,BuildTime,TestTime,RMSE.ByUser,RMSE.ByRating,NUsers,NAttempted,NGood,Coverage,nDCG,MAE.ByUser,MAE.ByRating
alg,ml-100k/u.data,4,272,53227,0.8440446564235763,0.8813478486417848,188,1880,1880,1.0,0.9561137189726955,0.6871424915593302,0.6871424915593304
alg,ml-100k/u.data,0,258,53278,0.9082103696357853,0.9442651781728865,189,1890,1890,1.0,0.951907175931206,0.7351977874679039,0.7351977874679037
alg,ml-100k/u.data,1,269,53395,0.9106883930025707,0.9459565438059184,189,1890,1890,1.0,0.9484980306318628,0.7477247106063178,0.7477247106063185
alg,ml-100k/u.data,2,267,53551,0.9740608161160438,1.0192079758965895,189,1890,1890,1.0,0.9459205941144393,0.7925698887913504,0.7925698887913508
alg,ml-100k/u.data,3,258,53592,0.8962521151055959,0.9349226278084708,188,1880,1880,1.0,0.9512286000636305,0.7379036432309605,0.7379036432309602
