Algorithm,DataSet,Partition,BuildTime,TestTime,RMSE.ByUser,RMSE.ByRating,NUsers,NAttempted,NGood,Coverage,nDCG,MAE.ByUser,MAE.ByRating
alg,ml-100k/u.data,1,302,51042,0.9103705586378352,0.9457316275510091,189,1890,1890,1.0,0.9489303720591946,0.7470584808808544,0.7470584808808548
alg,ml-100k/u.data,0,255,51319,0.911915985287414,0.9478991377160906,189,1890,1890,1.0,0.9507442624323083,0.7406518976133258,0.7406518976133263
alg,ml-100k/u.data,4,314,51343,0.8453163626879203,0.8831197779031784,188,1880,1880,1.0,0.9558208645032172,0.6883100553491193,0.6883100553491192
alg,ml-100k/u.data,3,303,51450,0.8984826606300218,0.9369849019028045,188,1880,1880,1.0,0.9512137978857697,0.7408958356186504,0.7408958356186507
alg,ml-100k/u.data,2,305,51525,0.9766764870441155,1.0221331152643847,189,1890,1890,1.0,0.9450587276274276,0.7964926233401193,0.7964926233401189
