Algorithm,DataSet,Partition,BuildTime,TestTime,RMSE.ByUser,RMSE.ByRating,NUsers,NAttempted,NGood,Coverage,nDCG,MAE.ByUser,MAE.ByRating
alg,ml-100k/u.data,0,1015,50452,0.9084736331041278,0.9447165473761361,189,1890,1890,1.0,0.9516551658590696,0.7360363897419786,0.736036389741978
alg,ml-100k/u.data,2,1017,50473,0.9745532419002929,1.0197191964234318,189,1890,1890,1.0,0.9459300589646322,0.793845643890294,0.7938456438902943
alg,ml-100k/u.data,3,1020,50483,0.8970001643864065,0.9358989210383877,188,1880,1880,1.0,0.950837175314361,0.7390528433536963,0.7390528433536967
alg,ml-100k/u.data,1,1015,50522,0.9103536209785574,0.9457064787191963,189,1890,1890,1.0,0.9489596016402706,0.747013960706509,0.7470139607065085
alg,ml-100k/u.data,4,1008,50691,0.8429625872303709,0.8807893532931714,188,1880,1880,1.0,0.9560933880399386,0.6861159984141795,0.686115998414179
