Algorithm,DataSet,Partition,BuildTime,TestTime,RMSE.ByUser,RMSE.ByRating,NUsers,NAttempted,NGood,Coverage,nDCG,MAE.ByUser,MAE.ByRating
alg,ml-100k/u.data,0,300,58651,0.9049648968877435,0.941216410293298,189,1890,1890,1.0,0.9528953303947221,0.7322623968510549,0.732262396851055
alg,ml-100k/u.data,1,275,58769,0.912044849523036,0.94744830528065,189,1890,1890,1.0,0.9490385462291576,0.7496758593013012,0.7496758593013008
alg,ml-100k/u.data,3,285,58788,0.8968048488727498,0.9359404634161479,188,1880,1880,1.0,0.952345373066757,0.7381606902173792,0.7381606902173791
alg,ml-100k/u.data,4,283,58847,0.8452366660303328,0.8821848905096698,188,1880,1880,1.0,0.9555489573994257,0.6870865489095432,0.6870865489095427
alg,ml-100k/u.data,2,280,58910,0.9743639858738471,1.0186093705052794,189,1890,1890,1.0,0.9458666739777242,0.7936050179103342,0.7936050179103338
