Algorithm,DataSet,Partition,BuildTime,TestTime,RMSE.ByUser,RMSE.ByRating,NUsers,NAttempted,NGood,Coverage,nDCG,MAE.ByUser,MAE.ByRating
alg,ml-100k/u.data,4,301,52576,0.8441585005912721,0.881390139895985,188,1880,1880,1.0,0.9556666699435414,0.68689202278761,0.6868920227876104
alg,ml-100k/u.data,1,299,52741,0.9146756679780386,0.9510238490624043,189,1890,1890,1.0,0.9498981206736046,0.7526177807551508,0.7526177807551515
alg,ml-100k/u.data,3,283,52891,0.8969737511395603,0.9357373314138727,188,1880,1880,1.0,0.95246880338607,0.7374353133703927,0.7374353133703928
alg,ml-100k/u.data,0,295,53116,0.9098559895500972,0.9459004483994704,189,1890,1890,1.0,0.9516109561916042,0.7344766676051239,0.7344766676051244
alg,ml-100k/u.data,2,297,53254,0.9738137361678345,1.0183199396690799,189,1890,1890,1.0,0.9462107742589873,0.791426667426091,0.7914266674260917
