Algorithm,DataSet,Partition,BuildTime,TestTime,RMSE.ByUser,RMSE.ByRating,NUsers,NAttempted,NGood,Coverage,nDCG,MAE.ByUser,MAE.ByRating
alg,ml-100k/u.data,1,291,50597,0.9131554577984728,0.9487170331553949,189,1890,1890,1.0,0.9486655308647615,0.7494157695826876,0.7494157695826875
alg,ml-100k/u.data,2,307,50719,0.9805948605433856,1.026464163906815,189,1890,1890,1.0,0.9444420941484178,0.8006917517870611,0.8006917517870612
alg,ml-100k/u.data,3,310,50790,0.9025771349730096,0.9417661702861112,188,1880,1880,1.0,0.9511431259366069,0.7453561415316733,0.7453561415316726
alg,ml-100k/u.data,4,312,50984,0.8475359430573318,0.8859175384419118,188,1880,1880,1.0,0.9542977501571792,0.690155193019881,0.6901551930198816
alg,ml-100k/u.data,0,305,51020,0.9155112290044546,0.9512391987737647,189,1890,1890,1.0,0.9487319512518941,0.7453157964453443,0.7453157964453445
