Algorithm,DataSet,Partition,BuildTime,TestTime,RMSE.ByUser,RMSE.ByRating,NUsers,NAttempted,NGood,Coverage,nDCG,MAE.ByUser,MAE.ByRating
alg,ml-100k/u.data,0,234,51294,0.9116082784741547,0.9471327363830292,189,1890,1890,1.0,0.9508270434433058,0.7395691186993877,0.7395691186993872
alg,ml-100k/u.data,2,239,51348,0.9753674594719763,1.020674888631407,189,1890,1890,1.0,0.944567550348348,0.7946745817622897,0.7946745817622899
alg,ml-100k/u.data,1,254,51385,0.9123800544690676,0.9476908319857169,189,1890,1890,1.0,0.9482599526635072,0.7489111716586674,0.7489111716586678
alg,ml-100k/u.data,4,260,51401,0.844472935808135,0.8816328183353502,188,1880,1880,1.0,0.9545501628065417,0.6880785525420955,0.6880785525420957
alg,ml-100k/u.data,3,260,51455,0.8975226177477811,0.936060014124462,188,1880,1880,1.0,0.951067465675236,0.7391383376549077,0.7391383376549078
