Algorithm,DataSet,Partition,BuildTime,TestTime,RMSE.ByUser,RMSE.ByRating,NUsers,NAttempted,NGood,Coverage,nDCG,MAE.ByUser,MAE.ByRating
alg,ml-100k/u.data,2,273,52389,0.9739737116558385,1.0187837407029534,189,1890,1890,1.0,0.9451215924713747,0.7921982118557522,0.7921982118557523
alg,ml-100k/u.data,1,290,52715,0.913585052864166,0.9496531592648819,189,1890,1890,1.0,0.949707107128187,0.7511427197773467,0.7511427197773461
alg,ml-100k/u.data,4,295,53065,0.8440023570468264,0.8808846552353095,188,1880,1880,1.0,0.955041157299823,0.6881734763021089,0.688173476302109
alg,ml-100k/u.data,0,305,53093,0.9118208843042195,0.9473418167119284,189,1890,1890,1.0,0.9506618749388511,0.7373128366645486,0.7373128366645489
alg,ml-100k/u.data,3,310,53199,0.8976480284966948,0.936428918930452,188,1880,1880,1.0,0.952319424242939,0.7385736679751297,0.7385736679751292
