Algorithm,DataSet,Partition,BuildTime,TestTime,RMSE.ByUser,RMSE.ByRating,NUsers,NAttempted,NGood,Coverage,nDCG,MAE.ByUser,MAE.ByRating
alg,ml-100k/u.data,3,379,51788,0.8991976986017913,0.938633894695255,188,1880,1880,1.0,0.9517365455268401,0.7417744384594799,0.7417744384594799
alg,ml-100k/u.data,1,376,51803,0.9100070642619502,0.9454087555476368,189,1890,1890,1.0,0.9494521250090202,0.7474556203591539,0.7474556203591537
alg,ml-100k/u.data,0,361,51942,0.9082759267928382,0.9441958900083994,189,1890,1890,1.0,0.9502973583817822,0.737364370217662,0.7373643702176624
alg,ml-100k/u.data,4,394,51930,0.8449655183634059,0.8832058581520448,188,1880,1880,1.0,0.9546656706433319,0.6867241634794844,0.6867241634794845
alg,ml-100k/u.data,2,376,51979,0.9775953722749058,1.0229147069273277,189,1890,1890,1.0,0.9449511861517271,0.7977787688692038,0.7977787688692044
