Algorithm,DataSet,Partition,BuildTime,TestTime,RMSE.ByUser,RMSE.ByRating,NUsers,NAttempted,NGood,Coverage,nDCG,MAE.ByUser,MAE.ByRating
alg,ml-100k/u.data,2,283,49734,0.9741590734638746,1.019170795844627,189,1890,1890,1.0,0.9461535468641413,0.7924177376606929,0.7924177376606926
alg,ml-100k/u.data,1,261,49914,0.9125117457163402,0.9478745498133286,189,1890,1890,1.0,0.9490212360495182,0.7493372986258154,0.7493372986258157
alg,ml-100k/u.data,4,281,49973,0.8445434126654513,0.881672607512796,188,1880,1880,1.0,0.9560255379294753,0.6873216962052431,0.6873216962052431
alg,ml-100k/u.data,3,266,50265,0.8955188991965264,0.9344205693354146,188,1880,1880,1.0,0.9526032229583645,0.7369199343797581,0.7369199343797578
alg,ml-100k/u.data,0,271,50293,0.9085881027717154,0.9445017786336027,189,1890,1890,1.0,0.9521682164007799,0.7349124665241802,0.7349124665241804
