Algorithm,DataSet,Partition,BuildTime,TestTime,RMSE.ByUser,RMSE.ByRating,NUsers,NAttempted,NGood,Coverage,nDCG,MAE.ByUser,MAE.ByRating
alg,ml-100k/u.data,1,268,60989,0.91153220790925,0.9467423634579452,189,1890,1890,1.0,0.9489557189976184,0.747891942291105,0.7478919422911048
alg,ml-100k/u.data,0,245,61123,0.9122242322510605,0.9479272585201268,189,1890,1890,1.0,0.9504179379417746,0.7413665772429038,0.7413665772429038
alg,ml-100k/u.data,2,261,61160,0.9774629842075566,1.0231336240643467,189,1890,1890,1.0,0.9447559185858191,0.7972799000046267,0.7972799000046262
alg,ml-100k/u.data,4,266,61171,0.8460040900331862,0.8841186535457755,188,1880,1880,1.0,0.9552693585896643,0.6889406836712357,0.6889406836712361
alg,ml-100k/u.data,3,277,61259,0.8992800188723814,0.9379560210889101,188,1880,1880,1.0,0.951267295138982,0.7417391609510422,0.7417391609510425
