Algorithm,DataSet,Partition,BuildTime,TestTime,RMSE.ByUser,RMSE.ByRating,NUsers,NAttempted,NGood,Coverage,nDCG,MAE.ByUser,MAE.ByRating
alg,ml-100k/u.data,3,279,66251,0.8966732423575015,0.935821610305208,188,1880,1880,1.0,0.9521223974790332,0.7371739974873505,0.7371739974873501
alg,ml-100k/u.data,1,276,66284,0.9146804608907783,0.9503896598166894,189,1890,1890,1.0,0.9503778216821889,0.7511324599918687,0.7511324599918684
alg,ml-100k/u.data,0,261,66446,0.9076056782410932,0.943591529822018,189,1890,1890,1.0,0.951462298801526,0.7332067304707959,0.7332067304707964
alg,ml-100k/u.data,4,290,66516,0.8443383828513372,0.8816391051401623,188,1880,1880,1.0,0.9565373405547207,0.6859744777932357,0.6859744777932361
alg,ml-100k/u.data,2,280,66544,0.9726359097010444,1.0173200261009376,189,1890,1890,1.0,0.9484692412527563,0.7904637576252453,0.790463757625246
