Algorithm,DataSet,Partition,BuildTime,TestTime,RMSE.ByUser,RMSE.ByRating,NUsers,NAttempted,NGood,Coverage,nDCG,MAE.ByUser,MAE.ByRating
alg,ml-100k/u.data,1,298,50180,0.9117629903887795,0.9470779178651579,189,1890,1890,1.0,0.9490885257858145,0.7482694020735361,0.7482694020735363
alg,ml-100k/u.data,4,295,50351,0.8441623064428264,0.8812621618921269,188,1880,1880,1.0,0.9550127085688929,0.6877591525670459,0.6877591525670455
alg,ml-100k/u.data,0,288,50676,0.9114489349743872,0.9470681957839288,189,1890,1890,1.0,0.9513094801144439,0.7380600510143172,0.7380600510143174
alg,ml-100k/u.data,2,300,50697,0.9752651463003609,1.0201940818482638,189,1890,1890,1.0,0.9459694193799816,0.7939183755741828,0.7939183755741822
alg,ml-100k/u.data,3,293,50943,0.8973866057764922,0.9359804456832925,188,1880,1880,1.0,0.9517192037028533,0.7388658475231938,0.7388658475231936
