Algorithm,DataSet,Partition,BuildTime,TestTime,RMSE.ByUser,RMSE.ByRating,NUsers,NAttempted,NGood,Coverage,nDCG,MAE.ByUser,MAE.ByRating
alg,ml-100k/u.data,1,250,47904,0.9109912011448862,0.946176191756474,189,1890,1890,1.0,0.948423829190494,0.7475767143047227,0.7475767143047226
alg,ml-100k/u.data,4,271,47971,0.8447541758082303,0.881944650595586,188,1880,1880,1.0,0.9555204031705588,0.6878040144777847,0.6878040144777853
alg,ml-100k/u.data,2,269,48016,0.9752728118973761,1.020425098014476,189,1890,1890,1.0,0.9454894008767175,0.7944765224533449,0.7944765224533451
alg,ml-100k/u.data,3,263,48154,0.8973913650475056,0.9359232870708669,188,1880,1880,1.0,0.9520716946440624,0.7388187346672243,0.7388187346672243
alg,ml-100k/u.data,0,262,48206,0.9108723241511996,0.9465124652614362,189,1890,1890,1.0,0.95190267273219,0.7380580397284441,0.7380580397284437
