Algorithm,DataSet,Partition,BuildTime,TestTime,RMSE.ByUser,RMSE.ByRating,NUsers,NAttempted,NGood,Coverage,nDCG,MAE.ByUser,MAE.ByRating
alg,ml-100k/u.data,2,236,46836,0.9758859999387727,1.0213942973407228,189,1890,1890,1.0,0.945108150969015,0.7952609403765027,0.7952609403765026
alg,ml-100k/u.data,1,259,46832,0.9116597845860647,0.9470066326975906,189,1890,1890,1.0,0.9488272862073217,0.7481484591730602,0.7481484591730607
alg,ml-100k/u.data,3,248,46896,0.8982340049037326,0.9367090121909699,188,1880,1880,1.0,0.9511440613169974,0.7399462489431939,0.739946248943194
alg,ml-100k/u.data,4,256,47120,0.8441624653174633,0.8814703978736517,188,1880,1880,1.0,0.9557046020709735,0.6877053061693743,0.687705306169374
alg,ml-100k/u.data,0,264,47159,0.9112663188853021,0.9468053844723044,189,1890,1890,1.0,0.9506242040559053,0.7393149466277702,0.7393149466277703
