Algorithm,DataSet,Partition,BuildTime,TestTime,RMSE.ByUser,RMSE.ByRating,NUsers,NAttempted,NGood,Coverage,nDCG,MAE.ByUser,MAE.ByRating
alg,ml-100k/u.data,1,256,70622,0.9256270729893805,0.9614872597240952,189,1890,1890,1.0,0.9490380687907656,0.7612133982965996,0.7612133982965996
alg,ml-100k/u.data,2,252,70813,0.9771193225109347,1.0210244209208674,189,1890,1890,1.0,0.945839686589774,0.7940277503786872,0.7940277503786874
alg,ml-100k/u.data,4,256,70849,0.8529969490340494,0.8897634042893726,188,1880,1880,1.0,0.9545201572655139,0.6955365346341988,0.6955365346341984
alg,ml-100k/u.data,0,244,71052,0.9133854221270492,0.9494980863492095,189,1890,1890,1.0,0.9490044725792665,0.7368274960317137,0.7368274960317137
alg,ml-100k/u.data,3,261,71087,0.9028577733954465,0.942013004219568,188,1880,1880,1.0,0.9511131244132901,0.7410199298658321,0.7410199298658321
