Algorithm,DataSet,Partition,BuildTime,TestTime,RMSE.ByUser,RMSE.ByRating,NUsers,NAttempted,NGood,Coverage,nDCG,MAE.ByUser,MAE.ByRating
alg,ml-100k/u.data,1,342,52138,0.9107433799136035,0.9461169190288955,189,1890,1890,1.0,0.9486163266559949,0.747610917941795,0.7476109179417948
alg,ml-100k/u.data,4,336,52286,0.8461554235609678,0.8848093447030201,188,1880,1880,1.0,0.9535790349855008,0.6885023552834293,0.6885023552834292
alg,ml-100k/u.data,0,317,52637,0.9109410341012659,0.9467796495758378,189,1890,1890,1.0,0.9503967057878036,0.7408210392693562,0.7408210392693566
alg,ml-100k/u.data,2,321,52665,0.9774219356331016,1.0230029940317593,189,1890,1890,1.0,0.9457784074091113,0.7967974711695742,0.7967974711695747
alg,ml-100k/u.data,3,327,52670,0.8993249954316912,0.9390267142844595,188,1880,1880,1.0,0.9512113497410857,0.742588232741636,0.7425882327416357
