Algorithm,DataSet,Partition,BuildTime,TestTime,RMSE.ByUser,RMSE.ByRating,NUsers,NAttempted,NGood,Coverage,nDCG,MAE.ByUser,MAE.ByRating
alg,ml-100k/u.data,3,280,53946,0.899222234052162,0.9381495660486934,188,1880,1880,1.0,0.951339247165949,0.7385383606390439,0.7385383606390437
alg,ml-100k/u.data,1,276,54117,0.9179638352526299,0.954173367120404,189,1890,1890,1.0,0.9490804532801496,0.75502118871354,0.7550211887135393
alg,ml-100k/u.data,0,284,54361,0.9087280963987787,0.9449322805257501,189,1890,1890,1.0,0.9502572668963999,0.7342867014377591,0.7342867014377582
alg,ml-100k/u.data,2,270,54443,0.9732775238290795,1.0175860358117321,189,1890,1890,1.0,0.9469065776640737,0.790681100443385,0.7906811004433844
alg,ml-100k/u.data,4,277,54562,0.8464432876112775,0.8835837792097698,188,1880,1880,1.0,0.9550228505803957,0.6874212592574899,0.6874212592574899
