Algorithm,DataSet,Partition,BuildTime,TestTime,RMSE.ByUser,RMSE.ByRating,NUsers,NAttempted,NGood,Coverage,nDCG,MAE.ByUser,MAE.ByRating
alg,ml-100k/u.data,4,289,49871,0.8445489330550999,0.8826230739119779,188,1880,1880,1.0,0.9562096231626618,0.6873886094928398,0.68738860949284
alg,ml-100k/u.data,1,257,49949,0.9096508232346785,0.9449072378211942,189,1890,1890,1.0,0.9493312241456772,0.7463699829461815,0.7463699829461821
alg,ml-100k/u.data,3,261,50082,0.8970416056499473,0.9359221631527962,188,1880,1880,1.0,0.9512503486006365,0.7391515841654382,0.739151584165439
alg,ml-100k/u.data,0,262,50465,0.9091285514966676,0.9452270707671339,189,1890,1890,1.0,0.950638512805588,0.7375542005027472,0.7375542005027474
alg,ml-100k/u.data,2,258,50473,0.97544535441523,1.0208258178961989,189,1890,1890,1.0,0.9459130029226223,0.7949219385337263,0.7949219385337266
