Algorithm,DataSet,Partition,BuildTime,TestTime,RMSE.ByUser,RMSE.ByRating,NUsers,NAttempted,NGood,Coverage,nDCG,MAE.ByUser,MAE.ByRating
alg,ml-100k/u.data,0,231,46005,0.908005361095729,0.9445664490126513,189,1890,1890,1.0,0.9505039160255959,0.7322951635915618,0.7322951635915617
alg,ml-100k/u.data,1,219,46094,0.9213640191413673,0.9566963405348151,189,1890,1890,1.0,0.9491791436495478,0.7570513031123988,0.7570513031123989
alg,ml-100k/u.data,2,239,46127,0.9749888632260391,1.018913202460921,189,1890,1890,1.0,0.9461535040558663,0.7927697212220529,0.7927697212220529
alg,ml-100k/u.data,3,245,46442,0.9004840900586518,0.9391927960025985,188,1880,1880,1.0,0.952947115633628,0.7398770217785794,0.7398770217785782
alg,ml-100k/u.data,4,227,46813,0.848335772829488,0.8853310561930583,188,1880,1880,1.0,0.9551631198259171,0.6909998391987966,0.6909998391987971
