Algorithm,DataSet,Partition,BuildTime,TestTime,RMSE.ByUser,RMSE.ByRating,NUsers,NAttempted,NGood,Coverage,nDCG,MAE.ByUser,MAE.ByRating
alg,ml-100k/u.data,2,1156,48376,0.9735124105129799,1.017803605016051,189,1890,1890,1.0,0.9457470155635935,0.7911337297945552,0.7911337297945551
alg,ml-100k/u.data,1,1147,48438,0.9156103576591571,0.9521834736503221,189,1890,1890,1.0,0.9488983905126579,0.7535098395221971,0.753509839522197
alg,ml-100k/u.data,3,1153,48693,0.8968634747868977,0.9358056665391199,188,1880,1880,1.0,0.9525496160703468,0.7369062101998736,0.736906210199874
alg,ml-100k/u.data,0,1151,48705,0.9099896809969249,0.9460364610228347,189,1890,1890,1.0,0.9509912665791281,0.7344543791622135,0.7344543791622132
alg,ml-100k/u.data,4,1154,48829,0.844497206362035,0.8817407522662583,188,1880,1880,1.0,0.9552322028251898,0.6873203949172999,0.6873203949173008
