Algorithm,DataSet,Partition,BuildTime,TestTime,RMSE.ByUser,RMSE.ByRating,NUsers,NAttempted,NGood,Coverage,nDCG,MAE.ByUser,MAE.ByRating
alg,ml-100k/u.data,2,278,51836,0.9775899430980386,1.0231788528388939,189,1890,1890,1.0,0.9450784978513093,0.7970145406135566,0.7970145406135567
alg,ml-100k/u.data,1,280,52177,0.9109482441720973,0.946334237059454,189,1890,1890,1.0,0.9486570635003129,0.747533005576124,0.7475330055761233
alg,ml-100k/u.data,0,262,52302,0.9120875777911727,0.9480487317530801,189,1890,1890,1.0,0.949911221325442,0.7414037084944414,0.7414037084944415
alg,ml-100k/u.data,3,266,52632,0.8991708010713758,0.9382074623218465,188,1880,1880,1.0,0.9517057550207313,0.7417481214574587,0.7417481214574577
alg,ml-100k/u.data,4,299,52661,0.84686696826146,0.8852297906259176,188,1880,1880,1.0,0.9544010120964904,0.6898747714490729,0.6898747714490725
