Algorithm,DataSet,Partition,BuildTime,TestTime,RMSE.ByUser,RMSE.ByRating,NUsers,NAttempted,NGood,Coverage,nDCG,MAE.ByUser,MAE.ByRating
alg,ml-100k/u.data,0,256,59020,0.9111374368554631,0.9466657693700447,189,1890,1890,1.0,0.9514337370301658,0.7373593129686274,0.7373593129686271
alg,ml-100k/u.data,4,258,59388,0.8440541659381982,0.8809201251633703,188,1880,1880,1.0,0.9554324423340628,0.6879929330645894,0.6879929330645896
alg,ml-100k/u.data,2,264,59407,0.9753502068978858,1.0203103887397595,189,1890,1890,1.0,0.9459417926135893,0.7932604802401215,0.7932604802401213
alg,ml-100k/u.data,1,271,59730,0.9122856127774153,0.947779454935556,189,1890,1890,1.0,0.9492882981105658,0.7490499119469901,0.7490499119469903
alg,ml-100k/u.data,3,264,59838,0.8970368859039767,0.9358079018370548,188,1880,1880,1.0,0.9520984229046695,0.7382176076648477,0.7382176076648475
