Algorithm,DataSet,Partition,BuildTime,TestTime,RMSE.ByUser,RMSE.ByRating,NUsers,NAttempted,NGood,Coverage,nDCG,MAE.ByUser,MAE.ByRating
alg,ml-100k/u.data,0,280,50280,0.9115173734495494,0.9467893722818002,189,1890,1890,1.0,0.9517781847227581,0.7382583766206656,0.7382583766206658
alg,ml-100k/u.data,1,242,50485,0.9131770424372923,0.9489969315808671,189,1890,1890,1.0,0.9495382164122367,0.7503246422020585,0.7503246422020583
alg,ml-100k/u.data,2,279,50633,0.974794938410332,1.0198841791910105,189,1890,1890,1.0,0.9467889089414181,0.7933319616855071,0.7933319616855078
alg,ml-100k/u.data,4,290,50629,0.8438782117714074,0.8805309671981586,188,1880,1880,1.0,0.9548293898940269,0.6883206684918722,0.688320668491872
alg,ml-100k/u.data,3,296,50665,0.897410818753366,0.9361601559231533,188,1880,1880,1.0,0.9520871780658373,0.7387767063851163,0.7387767063851159
