Algorithm,DataSet,Partition,BuildTime,TestTime,RMSE.ByUser,RMSE.ByRating,NUsers,NAttempted,NGood,Coverage,nDCG,MAE.ByUser,MAE.ByRating
alg,ml-100k/u.data,0,324,80978,0.9109925994414312,0.9464324431557979,189,1890,1890,1.0,0.9513251051586005,0.7365368681250225,0.7365368681250225
alg,ml-100k/u.data,2,323,81081,0.9736389494240805,1.0185429404076,189,1890,1890,1.0,0.9455172332423674,0.7917251462648821,0.791725146264882
alg,ml-100k/u.data,3,331,81247,0.8970245488109633,0.9358763025831086,188,1880,1880,1.0,0.9524405489168452,0.7380032567477061,0.7380032567477066
alg,ml-100k/u.data,1,327,81252,0.9127380176693407,0.9484686997677139,189,1890,1890,1.0,0.9495709997479183,0.750174774340093,0.7501747743400942
alg,ml-100k/u.data,4,331,81269,0.8434738168101656,0.8803307296734527,188,1880,1880,1.0,0.9550257772112425,0.6874245229440029,0.6874245229440024
