Algorithm,DataSet,Partition,BuildTime,TestTime,RMSE.ByUser,RMSE.ByRating,NUsers,NAttempted,NGood,Coverage,nDCG,MAE.ByUser,MAE.ByRating
alg,ml-100k/u.data,1,282,54876,0.9113958618429938,0.9467655684779301,189,1890,1890,1.0,0.9489393639705969,0.747802177426616,0.7478021774266159
alg,ml-100k/u.data,4,274,55041,0.8468390590056283,0.8852362323468301,188,1880,1880,1.0,0.9543338416909076,0.6897742451564122,0.6897742451564118
alg,ml-100k/u.data,3,284,55053,0.8999918664249709,0.938768980593582,188,1880,1880,1.0,0.9515130247126431,0.7425729519390682,0.7425729519390684
alg,ml-100k/u.data,2,277,55164,0.9777384602943001,1.023403827027847,189,1890,1890,1.0,0.9448214005328002,0.7976277733004817,0.797627773300482
alg,ml-100k/u.data,0,272,55199,0.9127642050176172,0.9484354600912329,189,1890,1890,1.0,0.9496907790210578,0.7423238347508291,0.74232383475083
