Algorithm,DataSet,Partition,BuildTime,TestTime,RMSE.ByUser,RMSE.ByRating,NUsers,NAttempted,NGood,Coverage,nDCG,MAE.ByUser,MAE.ByRating
alg,ml-100k/u.data,0,255,51019,0.9155466561153333,0.9512601761322297,189,1890,1890,1.0,0.9489838300083977,0.7452736630884332,0.7452736630884335
alg,ml-100k/u.data,1,261,51220,0.9131641621755291,0.9486898193521858,189,1890,1890,1.0,0.948804255808616,0.7494646678637343,0.7494646678637344
alg,ml-100k/u.data,3,260,51459,0.9027723415289586,0.9421048758301818,188,1880,1880,1.0,0.9508599248973723,0.7454845797145506,0.7454845797145503
alg,ml-100k/u.data,4,280,51453,0.847576852980053,0.8859530573304522,188,1880,1880,1.0,0.9542008093051113,0.6900904717858479,0.690090471785848
alg,ml-100k/u.data,2,249,51511,0.9807562016738247,1.0265287195832005,189,1890,1890,1.0,0.9441969388049606,0.8009242698564097,0.8009242698564099
