Algorithm,DataSet,Partition,BuildTime,TestTime,RMSE.ByUser,RMSE.ByRating,NUsers,NAttempted,NGood,Coverage,nDCG,MAE.ByUser,MAE.ByRating
alg,ml-100k/u.data,1,281,49508,0.9226710969419745,0.9583887293995197,189,1890,1890,1.0,0.9491548248299457,0.7585901205669495,0.7585901205669495
alg,ml-100k/u.data,0,273,49635,0.9109826328511319,0.9473579730812213,189,1890,1890,1.0,0.9494002534079647,0.7351983909149661,0.7351983909149659
alg,ml-100k/u.data,4,291,49680,0.850332710530802,0.8871898396523789,188,1880,1880,1.0,0.9545941482427335,0.6926797850945497,0.6926797850945495
alg,ml-100k/u.data,2,275,49753,0.975375335959803,1.0194410974830381,189,1890,1890,1.0,0.9458343105135022,0.7926897749752599,0.7926897749752599
alg,ml-100k/u.data,3,287,49784,0.9009366024635176,0.9398376896250602,188,1880,1880,1.0,0.9527630570251805,0.7396538440631134,0.7396538440631132
