Algorithm,DataSet,Partition,BuildTime,TestTime,RMSE.ByUser,RMSE.ByRating,NUsers,NAttempted,NGood,Coverage,nDCG,MAE.ByUser,MAE.ByRating
alg,ml-100k/u.data,1,253,56577,0.9110587182527958,0.9465780488979775,189,1890,1890,1.0,0.9485624091228917,0.7474766663832719,0.7474766663832716
alg,ml-100k/u.data,4,258,56647,0.8478997797224231,0.88656942222634,188,1880,1880,1.0,0.9545783978781152,0.6903366297980449,0.6903366297980447
alg,ml-100k/u.data,2,292,56699,0.9797503134058275,1.0255212779489478,189,1890,1890,1.0,0.9442091928959555,0.8001195986657185,0.8001195986657187
alg,ml-100k/u.data,3,260,56800,0.9005477737701618,0.93976668343045,188,1880,1880,1.0,0.9514885793485937,0.7432040678076072,0.7432040678076073
alg,ml-100k/u.data,0,246,56873,0.9131924919684821,0.9487395348823121,189,1890,1890,1.0,0.9497471797007259,0.743104537112899,0.7431045371128995
