Algorithm,DataSet,Partition,BuildTime,TestTime,RMSE.ByUser,RMSE.ByRating,NUsers,NAttempted,NGood,Coverage,nDCG,MAE.ByUser,MAE.ByRating
alg,ml-100k/u.data,4,304,50627,0.8460468393801193,0.8840863999990273,188,1880,1880,1.0,0.9552691055702975,0.6885951792846269,0.6885951792846269
alg,ml-100k/u.data,1,286,50712,0.9104188669167282,0.9458322008657595,189,1890,1890,1.0,0.9484891226288105,0.7474636723529702,0.74746367235297
alg,ml-100k/u.data,3,281,50741,0.8983539630089076,0.9373480735744728,188,1880,1880,1.0,0.9521066125574709,0.7405162563664491,0.7405162563664491
alg,ml-100k/u.data,0,261,50835,0.911057924066785,0.946932824856462,189,1890,1890,1.0,0.9509525911090084,0.7399747966443115,0.7399747966443114
alg,ml-100k/u.data,2,283,50874,0.976613969937692,1.0221172128990685,189,1890,1890,1.0,0.9452024536934183,0.7962789347990225,0.796278934799022
