Algorithm,DataSet,Partition,BuildTime,TestTime,RMSE.ByUser,RMSE.ByRating,NUsers,NAttempted,NGood,Coverage,nDCG,MAE.ByUser,MAE.ByRating
alg,ml-100k/u.data,1,277,50469,0.9245392741763274,0.9602993947683125,189,1890,1890,1.0,0.9491138369656947,0.7604030804260287,0.7604030804260288
alg,ml-100k/u.data,3,268,50698,0.9017906423636171,0.9407629430172839,188,1880,1880,1.0,0.9517645597128441,0.7400878078376177,0.7400878078376179
alg,ml-100k/u.data,2,256,50885,0.9767140344436187,1.020632996964584,189,1890,1890,1.0,0.946254586748502,0.7939499497471454,0.7939499497471457
alg,ml-100k/u.data,0,282,50980,0.9127240953995065,0.9487843460090855,189,1890,1890,1.0,0.949301731262548,0.7364349320422682,0.7364349320422691
alg,ml-100k/u.data,4,280,51060,0.8511862602349194,0.8879952074637821,188,1880,1880,1.0,0.95502690458247,0.6935639451727907,0.6935639451727909
