Algorithm,DataSet,Partition,BuildTime,TestTime,RMSE.ByUser,RMSE.ByRating,NUsers,NAttempted,NGood,Coverage,nDCG,MAE.ByUser,MAE.ByRating
alg,ml-100k/u.data,4,257,50876,0.8458582382651075,0.883263569324064,188,1880,1880,1.0,0.9544235947135212,0.686869941849146,0.686869941849146
alg,ml-100k/u.data,1,253,51055,0.9168582925618826,0.9528725471072764,189,1890,1890,1.0,0.9497305992055544,0.7538040375407188,0.7538040375407188
alg,ml-100k/u.data,3,265,51167,0.8976942564437996,0.9367600259443816,188,1880,1880,1.0,0.9519094188772917,0.7371721239856774,0.7371721239856774
alg,ml-100k/u.data,2,263,51242,0.9730858934631088,1.0176816939666917,189,1890,1890,1.0,0.947795911250063,0.790523868759527,0.7905238687595266
alg,ml-100k/u.data,0,239,51422,0.908945247324832,0.944964303271905,189,1890,1890,1.0,0.9507909405273541,0.7342729316377878,0.7342729316377877
