Algorithm,DataSet,Partition,BuildTime,TestTime,RMSE.ByUser,RMSE.ByRating,NUsers,NAttempted,NGood,Coverage,nDCG,MAE.ByUser,MAE.ByRating
alg,ml-100k/u.data,4,257,51822,0.8474178980903538,0.8857595587054927,188,1880,1880,1.0,0.9539251241243731,0.6899209701200574,0.6899209701200572
alg,ml-100k/u.data,0,279,52067,0.9136103604004387,0.9490524121577152,189,1890,1890,1.0,0.9494167121976324,0.7435149438894927,0.7435149438894931
alg,ml-100k/u.data,2,260,52134,0.9796402030001539,1.0254939558105278,189,1890,1890,1.0,0.9443949446627475,0.7999378261451872,0.7999378261451876
alg,ml-100k/u.data,1,258,52209,0.9117687135670345,0.9471964166842958,189,1890,1890,1.0,0.9486360918556792,0.748016065049318,0.7480160650493188
alg,ml-100k/u.data,3,266,52206,0.9017130665581251,0.940957568003566,188,1880,1880,1.0,0.9512786800540847,0.7441162509033808,0.7441162509033807
