Algorithm,DataSet,Partition,BuildTime,TestTime,RMSE.ByUser,RMSE.ByRating,NUsers,NAttempted,NGood,Coverage,nDCG,MAE.ByUser,MAE.ByRating
alg,ml-100k/u.data,1,307,49923,0.9173626475513805,0.9539663527843613,189,1890,1890,1.0,0.9481959048448885,0.7552226315542434,0.7552226315542439
alg,ml-100k/u.data,4,295,50150,0.8445973646094301,0.8816554396264255,188,1880,1880,1.0,0.9547685856448127,0.6877464132383742,0.6877464132383738
alg,ml-100k/u.data,0,276,50188,0.9090838598896136,0.9449787248501083,189,1890,1890,1.0,0.951523144217829,0.7344409711140518,0.7344409711140516
alg,ml-100k/u.data,2,310,50290,0.9728441112375529,1.0168680649961563,189,1890,1890,1.0,0.9463619823311314,0.7901632677722588,0.7901632677722588
alg,ml-100k/u.data,3,298,50357,0.898045946433659,0.9367674947196377,188,1880,1880,1.0,0.9525964291748055,0.7383068833739619,0.7383068833739619
