Algorithm,DataSet,Partition,BuildTime,TestTime,RMSE.ByUser,RMSE.ByRating,NUsers,NAttempted,NGood,Coverage,nDCG,MAE.ByUser,MAE.ByRating
alg,ml-100k/u.data,1,277,52543,0.9122588060645535,0.9477887610290062,189,1890,1890,1.0,0.9496975572484416,0.7488747410970233,0.7488747410970228
alg,ml-100k/u.data,4,280,52835,0.8429227696584823,0.8801045095834055,188,1880,1880,1.0,0.957354182978156,0.6848154591617064,0.6848154591617066
alg,ml-100k/u.data,0,259,52888,0.9067651203578396,0.9427101949457339,189,1890,1890,1.0,0.9521624826201983,0.7332612758366046,0.733261275836604
alg,ml-100k/u.data,3,276,52941,0.8947816863022051,0.9338928748187255,188,1880,1880,1.0,0.9526090100100275,0.736679679148139,0.7366796791481397
alg,ml-100k/u.data,2,267,53209,0.9731177961527838,1.0178334534103828,189,1890,1890,1.0,0.9476695887335977,0.791851065875004,0.7918510658750044
