Algorithm,DataSet,Partition,BuildTime,TestTime,RMSE.ByUser,RMSE.ByRating,NUsers,NAttempted,NGood,Coverage,nDCG,MAE.ByUser,MAE.ByRating
alg,ml-100k/u.data,2,562,53459,0.9770817765766303,1.022790258935048,189,1890,1890,1.0,0.9442187515052214,0.7970307942743975,0.797030794274397
alg,ml-100k/u.data,4,587,53492,0.8462686369392121,0.8844309646512375,188,1880,1880,1.0,0.9553381328804791,0.6892672163349695,0.6892672163349692
alg,ml-100k/u.data,1,532,53632,0.9113153167291971,0.9467155610420697,189,1890,1890,1.0,0.9496954881570802,0.7475955908237155,0.7475955908237154
alg,ml-100k/u.data,3,565,53632,0.8981209375962453,0.9369237284785004,188,1880,1880,1.0,0.951750591911724,0.7408959811635586,0.7408959811635586
alg,ml-100k/u.data,0,485,53751,0.9128923674662361,0.9486164497171844,189,1890,1890,1.0,0.9496437038984613,0.7423189342816235,0.7423189342816235
