Algorithm,DataSet,Partition,BuildTime,TestTime,RMSE.ByUser,RMSE.ByRating,NUsers,NAttempted,NGood,Coverage,nDCG,MAE.ByUser,MAE.ByRating
alg,ml-100k/u.data,1,266,54927,0.9176761673918621,0.9527839592436459,189,1890,1890,1.0,0.9485614526692845,0.7541637775093641,0.7541637775093641
alg,ml-100k/u.data,4,285,55003,0.8464773423236545,0.8835796220464475,188,1880,1880,1.0,0.9565618200708842,0.6884599863162415,0.6884599863162418
alg,ml-100k/u.data,3,299,55209,0.8977760308860839,0.9364693168167586,188,1880,1880,1.0,0.9535041701444694,0.738296693177583,0.7382966931775826
alg,ml-100k/u.data,2,270,55251,0.9737476883365616,1.0178405625749596,189,1890,1890,1.0,0.9456014439389498,0.7931899522228385,0.7931899522228393
alg,ml-100k/u.data,0,277,55393,0.9074302885967899,0.943653420000954,189,1890,1890,1.0,0.9516405432894658,0.7332090200808912,0.7332090200808913
