Algorithm,DataSet,Partition,BuildTime,TestTime,RMSE.ByUser,RMSE.ByRating,NUsers,NAttempted,NGood,Coverage,nDCG,MAE.ByUser,MAE.ByRating
alg,ml-100k/u.data,0,284,51626,0.9151047475770802,0.9513370362204123,189,1890,1890,1.0,0.947810090770227,0.738058217349322,0.7380582173493222
alg,ml-100k/u.data,3,284,51761,0.9032722306529429,0.9426414957534632,188,1880,1880,1.0,0.9510433000902841,0.7415420701996044,0.7415420701996043
alg,ml-100k/u.data,2,280,51905,0.9771451558074701,1.021120277147468,189,1890,1890,1.0,0.9455833516563145,0.7944063209736562,0.7944063209736554
alg,ml-100k/u.data,1,285,51931,0.9277268264993556,0.9640262727929698,189,1890,1890,1.0,0.9491745093781684,0.7633524444665863,0.7633524444665866
alg,ml-100k/u.data,4,302,51992,0.8542928268568112,0.8908529335154302,188,1880,1880,1.0,0.9548578761797301,0.6968116688700089,0.6968116688700088
