Algorithm,DataSet,Partition,BuildTime,TestTime,RMSE.ByUser,RMSE.ByRating,NUsers,NAttempted,NGood,Coverage,nDCG,MAE.ByUser,MAE.ByRating
alg,ml-100k/u.data,0,284,54671,0.9142756629422086,0.9495925545557301,189,1890,1890,1.0,0.9497680577115603,0.7440944624809285,0.7440944624809287
alg,ml-100k/u.data,3,294,54670,0.9002080441628705,0.9392181907765438,188,1880,1880,1.0,0.9512278570014607,0.7431347391813173,0.7431347391813179
alg,ml-100k/u.data,1,308,54816,0.9127086389675455,0.9479915954477488,189,1890,1890,1.0,0.9484477998075801,0.7489534451093158,0.7489534451093162
alg,ml-100k/u.data,4,307,54888,0.8469850189252859,0.8853024895125144,188,1880,1880,1.0,0.953358261215808,0.6898348565163187,0.6898348565163184
alg,ml-100k/u.data,2,282,55045,0.9790480586925433,1.0247765936442461,189,1890,1890,1.0,0.9446834161797032,0.7990943141661531,0.7990943141661538
