Algorithm,DataSet,Partition,BuildTime,TestTime,RMSE.ByUser,RMSE.ByRating,NUsers,NAttempted,NGood,Coverage,nDCG,MAE.ByUser,MAE.ByRating
alg,ml-100k/u.data,3,263,52318,0.8968773148937209,0.9353049745249263,188,1880,1880,1.0,0.9517211168218258,0.7389034711227337,0.738903471122734
alg,ml-100k/u.data,2,264,52448,0.9758189412452296,1.0209859924304463,189,1890,1890,1.0,0.9448212508453383,0.7946582890937137,0.7946582890937138
alg,ml-100k/u.data,0,255,52730,0.9117203895095639,0.9471892933964675,189,1890,1890,1.0,0.950713680604336,0.7393113416866143,0.7393113416866145
alg,ml-100k/u.data,1,269,52789,0.9122317500182153,0.9474603853776143,189,1890,1890,1.0,0.9485774565279712,0.7489639747438733,0.7489639747438734
alg,ml-100k/u.data,4,257,52989,0.8439813103535467,0.8811191287814223,188,1880,1880,1.0,0.955638513675988,0.6880139071036908,0.6880139071036907
