Algorithm,DataSet,Partition,BuildTime,TestTime,RMSE.ByUser,RMSE.ByRating,NUsers,NAttempted,NGood,Coverage,nDCG,MAE.ByUser,MAE.ByRating
alg,ml-100k/u.data,0,245,49886,0.9063191744818228,0.9422791750733251,189,1890,1890,1.0,0.9524885240283677,0.7326080064419289,0.7326080064419295
alg,ml-100k/u.data,2,222,50005,0.9726083639548666,1.0171209426332462,189,1890,1890,1.0,0.9476775346473331,0.7911653113882742,0.7911653113882741
alg,ml-100k/u.data,4,262,49989,0.8430503434700524,0.880150830735164,188,1880,1880,1.0,0.9564044200157762,0.6849734330003304,0.6849734330003303
alg,ml-100k/u.data,1,254,50018,0.9133159990449138,0.9489943708546753,189,1890,1890,1.0,0.9494566566802171,0.7500241090547825,0.7500241090547823
alg,ml-100k/u.data,3,252,50203,0.895463335511353,0.9346529009523691,188,1880,1880,1.0,0.9523791946651257,0.7369849610883197,0.7369849610883192
