Algorithm,DataSet,Partition,BuildTime,TestTime,RMSE.ByUser,RMSE.ByRating,NUsers,NAttempted,NGood,Coverage,nDCG,MAE.ByUser,MAE.ByRating
alg,ml-100k/u.data,1,267,50676,0.9094322448175893,0.9448343938104113,189,1890,1890,1.0,0.9493430577124916,0.7465557542440014,0.7465557542440014
alg,ml-100k/u.data,3,261,50782,0.8964962150446769,0.9358546243079415,188,1880,1880,1.0,0.9505736969728494,0.7386874025816866,0.738687402581687
alg,ml-100k/u.data,0,268,50895,0.9069937425729873,0.9428764795144764,189,1890,1890,1.0,0.9525851633008954,0.7358077250180481,0.7358077250180485
alg,ml-100k/u.data,4,282,51081,0.8431854306046161,0.8808645356209461,188,1880,1880,1.0,0.9561489849107105,0.6856460847885635,0.6856460847885639
alg,ml-100k/u.data,2,264,51209,0.9730197987740317,1.0180866635332604,189,1890,1890,1.0,0.9473031970326844,0.7919904141274304,0.7919904141274314
