Algorithm,DataSet,Partition,BuildTime,TestTime,RMSE.ByUser,RMSE.ByRating,NUsers,NAttempted,NGood,Coverage,nDCG,MAE.ByUser,MAE.ByRating
alg,ml-100k/u.data,0,229,50949,0.9088651793613596,0.9447821770499091,189,1890,1890,1.0,0.9505619798464667,0.7340232636382471,0.7340232636382463
alg,ml-100k/u.data,3,269,51394,0.8969851840379891,0.9362109111262603,188,1880,1880,1.0,0.9517774184279635,0.7369219323775382,0.7369219323775387
alg,ml-100k/u.data,2,300,51424,0.9731133680414799,1.0176848767601152,189,1890,1890,1.0,0.9480433440611604,0.790882127467607,0.7908821274676069
alg,ml-100k/u.data,1,268,51713,0.9158171661892692,0.9517831151453715,189,1890,1890,1.0,0.9496189081264268,0.7522734958460979,0.7522734958460979
alg,ml-100k/u.data,4,287,52305,0.8449123026039026,0.8821855461382464,188,1880,1880,1.0,0.9557473035881008,0.6863910415797931,0.6863910415797936
