Algorithm,DataSet,Partition,BuildTime,TestTime,RMSE.ByUser,RMSE.ByRating,NUsers,NAttempted,NGood,Coverage,nDCG,MAE.ByUser,MAE.ByRating
alg,ml-100k/u.data,4,277,50889,0.8437982776577095,0.8810792329702616,188,1880,1880,1.0,0.9552230018864696,0.6865726691812117,0.6865726691812112
alg,ml-100k/u.data,0,265,50936,0.9084610964737465,0.9442476706992566,189,1890,1890,1.0,0.9520926428406921,0.7339871615611783,0.7339871615611778
alg,ml-100k/u.data,2,270,51117,0.9735023699068135,1.0183044501941532,189,1890,1890,1.0,0.9474554089826794,0.7918911789146701,0.7918911789146701
alg,ml-100k/u.data,3,276,51319,0.8951324716467931,0.9338940038523483,188,1880,1880,1.0,0.9523050430256038,0.736676523748432,0.7366765237484326
alg,ml-100k/u.data,1,268,51528,0.9136640703667591,0.9494879208293617,189,1890,1890,1.0,0.9489758378895072,0.7507007863118971,0.7507007863118974
