Algorithm,DataSet,Partition,BuildTime,TestTime,RMSE.ByUser,RMSE.ByRating,NUsers,NAttempted,NGood,Coverage,nDCG,MAE.ByUser,MAE.ByRating
alg,ml-100k/u.data,4,298,52331,0.8554120258466502,0.8919875000555461,188,1880,1880,1.0,0.9543425727644702,0.6980903309324199,0.6980903309324193
alg,ml-100k/u.data,0,254,52413,0.9176316059633214,0.9538082365976089,189,1890,1890,1.0,0.9477499076352457,0.740165033860998,0.7401650338609973
alg,ml-100k/u.data,3,297,52447,0.9044597661286892,0.9438604639044662,188,1880,1880,1.0,0.9504506278316796,0.7425044980806302,0.74250449808063
alg,ml-100k/u.data,1,257,52790,0.9294183863854247,0.9659905634099228,189,1890,1890,1.0,0.9486801494640672,0.7649447023708075,0.7649447023708071
alg,ml-100k/u.data,2,249,52831,0.9773359235778535,1.0215014941314415,189,1890,1890,1.0,0.9470388367797491,0.7945189843870627,0.7945189843870624
