Algorithm,DataSet,Partition,BuildTime,TestTime,RMSE.ByUser,RMSE.ByRating,NUsers,NAttempted,NGood,Coverage,nDCG,MAE.ByUser,MAE.ByRating
alg,ml-100k/u.data,4,280,52317,0.8471791398254496,0.8860368230295045,188,1880,1880,1.0,0.9540603238977337,0.6894751427458536,0.6894751427458532
alg,ml-100k/u.data,2,278,52357,0.9789324258757637,1.0248041267622308,189,1890,1890,1.0,0.9447118732675963,0.7990342511352113,0.7990342511352114
alg,ml-100k/u.data,1,291,52516,0.911084558626329,0.9465626349284397,189,1890,1890,1.0,0.9491686980049446,0.747810471635645,0.7478104716356455
alg,ml-100k/u.data,3,288,52527,0.9004136532477566,0.9396966380335439,188,1880,1880,1.0,0.9512543956398152,0.7430102578369245,0.7430102578369242
alg,ml-100k/u.data,0,273,52624,0.9120538873966169,0.9480558990605442,189,1890,1890,1.0,0.9499646312836246,0.7421076758564666,0.7421076758564659
