Algorithm,DataSet,Partition,BuildTime,TestTime,RMSE.ByUser,RMSE.ByRating,NUsers,NAttempted,NGood,Coverage,nDCG,MAE.ByUser,MAE.ByRating
alg,ml-100k/u.data,1,270,70231,0.9120595527753751,0.9477312109663321,189,1890,1890,1.0,0.9488165836737681,0.7492080294146503,0.7492080294146498
alg,ml-100k/u.data,0,266,70265,0.9111268411777784,0.9466014930304468,189,1890,1890,1.0,0.9514390515212233,0.7371587017365228,0.7371587017365226
alg,ml-100k/u.data,2,267,70517,0.9741673734453704,1.019206460605972,189,1890,1890,1.0,0.9464600124242594,0.7923827213210639,0.792382721321064
alg,ml-100k/u.data,3,246,70906,0.8976091207907104,0.9363938011609159,188,1880,1880,1.0,0.9519670790068868,0.738893222649928,0.7388932226499283
alg,ml-100k/u.data,4,282,70881,0.8440349378710804,0.8809401875508092,188,1880,1880,1.0,0.9553604310608037,0.6882113236910866,0.6882113236910856
