Algorithm,DataSet,Partition,BuildTime,TestTime,RMSE.ByUser,RMSE.ByRating,NUsers,NAttempted,NGood,Coverage,nDCG,MAE.ByUser,MAE.ByRating
alg,ml-100k/u.data,1,259,52218,0.9133774766402321,0.9488771883342175,189,1890,1890,1.0,0.9486716670924713,0.7497008443399117,0.7497008443399118
alg,ml-100k/u.data,0,296,52537,0.9155836524719291,0.9512679532986843,189,1890,1890,1.0,0.9492045662339732,0.7453573939543774,0.7453573939543766
alg,ml-100k/u.data,4,316,52606,0.8476507151184917,0.8859885797529797,188,1880,1880,1.0,0.9541830279074304,0.6904183602603287,0.6904183602603285
alg,ml-100k/u.data,3,305,52627,0.9028660080577778,0.9422522748218765,188,1880,1880,1.0,0.9507756109665719,0.745551377785275,0.745551377785276
alg,ml-100k/u.data,2,312,52639,0.980925816618433,1.0267186147588128,189,1890,1890,1.0,0.9442962335261322,0.8010616898150655,0.801061689815065
