Algorithm,DataSet,Partition,BuildTime,TestTime,RMSE.ByUser,RMSE.ByRating,NUsers,NAttempted,NGood,Coverage,nDCG,MAE.ByUser,MAE.ByRating
alg,ml-100k/u.data,1,263,62753,0.9183075037401314,0.9544938046104738,189,1890,1890,1.0,0.9489591134962041,0.7553703828714814,0.7553703828714813
alg,ml-100k/u.data,2,283,63151,0.9735001535626739,1.017596720772352,189,1890,1890,1.0,0.9466447546599974,0.7906836020318735,0.7906836020318727
alg,ml-100k/u.data,4,284,63238,0.8471042501663362,0.8841759848520924,188,1880,1880,1.0,0.9555815426314161,0.6885052504926972,0.6885052504926967
alg,ml-100k/u.data,0,278,63282,0.9092541425884015,0.9456182384652664,189,1890,1890,1.0,0.9504740287018335,0.7347357947138108,0.7347357947138112
alg,ml-100k/u.data,3,282,63406,0.8991036732922825,0.9382203830183917,188,1880,1880,1.0,0.9510307270862385,0.7386049400930353,0.7386049400930352
