Algorithm,DataSet,Partition,BuildTime,TestTime,RMSE.ByUser,RMSE.ByRating,NUsers,NAttempted,NGood,Coverage,nDCG,MAE.ByUser,MAE.ByRating
alg,ml-100k/u.data,4,309,53132,0.845120690292341,0.8828257100149097,188,1880,1880,1.0,0.9558001823458201,0.6879689139742956,0.6879689139742957
alg,ml-100k/u.data,3,265,53204,0.8975581912593668,0.9362140092834651,188,1880,1880,1.0,0.9511598008364267,0.7396372475167472,0.7396372475167476
alg,ml-100k/u.data,1,267,53226,0.9107315880827196,0.946024183869705,189,1890,1890,1.0,0.9485733613345242,0.747386252382629,0.7473862523826283
alg,ml-100k/u.data,2,305,53236,0.9752099820319852,1.0205526785609904,189,1890,1890,1.0,0.9458101600415183,0.7948737110246811,0.794873711024681
alg,ml-100k/u.data,0,262,53279,0.9109025759840594,0.9468727839591368,189,1890,1890,1.0,0.9501960373788174,0.7392417329233798,0.7392417329233794
