Algorithm,DataSet,Partition,BuildTime,TestTime,RMSE.ByUser,RMSE.ByRating,NUsers,NAttempted,NGood,Coverage,nDCG,MAE.ByUser,MAE.ByRating
alg,ml-100k/u.data,1,239,52043,0.9136475230069796,0.9492024116798257,189,1890,1890,1.0,0.9491664801685707,0.750733256312672,0.7507332563126715
alg,ml-100k/u.data,2,265,52249,0.9745629574648959,1.0196543888228518,189,1890,1890,1.0,0.9462002152952197,0.7929713639355761,0.7929713639355761
alg,ml-100k/u.data,3,264,52505,0.8978421819425281,0.9366877030774663,188,1880,1880,1.0,0.9516994130400597,0.7392138734845773,0.7392138734845768
alg,ml-100k/u.data,0,260,52547,0.9115364914275829,0.9468106174386787,189,1890,1890,1.0,0.9522982762557454,0.7383683240575338,0.7383683240575347
alg,ml-100k/u.data,4,277,52586,0.8442800404203012,0.8809617485597648,188,1880,1880,1.0,0.9556251109448836,0.6886052558798098,0.6886052558798103
