Algorithm,DataSet,Partition,BuildTime,TestTime,RMSE.ByUser,RMSE.ByRating,NUsers,NAttempted,NGood,Coverage,nDCG,MAE.ByUser,MAE.ByRating
alg,ml-100k/u.data,2,326,52421,0.9803223578971478,1.026217278281574,189,1890,1890,1.0,0.9443335622330422,0.8008315389828807,0.8008315389828813
alg,ml-100k/u.data,0,319,52492,0.9146684757025504,0.9502003073928936,189,1890,1890,1.0,0.9492696090973531,0.744397242192831,0.7443972421928311
alg,ml-100k/u.data,4,327,52490,0.8474149514129713,0.8857632841688792,188,1880,1880,1.0,0.9538607298680605,0.6900505120905897,0.6900505120905897
alg,ml-100k/u.data,3,307,52582,0.9016181532649562,0.9407912542441363,188,1880,1880,1.0,0.9518874603503482,0.7443182176617652,0.7443182176617659
alg,ml-100k/u.data,1,309,52677,0.9128975749894216,0.9483503698799121,189,1890,1890,1.0,0.9485852852955099,0.7490025683671107,0.7490025683671107
