Algorithm,DataSet,Partition,BuildTime,TestTime,RMSE.ByUser,RMSE.ByRating,NUsers,NAttempted,NGood,Coverage,nDCG,MAE.ByUser,MAE.ByRating
alg,ml-100k/u.data,1,241,50155,0.9131092075936194,0.9485896171397188,189,1890,1890,1.0,0.9489925027838343,0.7498597435098419,0.7498597435098412
alg,ml-100k/u.data,2,275,50153,0.9748897716074288,1.020019727269493,189,1890,1890,1.0,0.9460407655223803,0.7932688511848456,0.7932688511848452
alg,ml-100k/u.data,3,255,50240,0.8974467911566255,0.9361319303697954,188,1880,1880,1.0,0.9521414655795232,0.7390273337198013,0.7390273337198014
alg,ml-100k/u.data,0,245,50305,0.9115120591705028,0.9468493029597108,189,1890,1890,1.0,0.9515960553427188,0.7388442819249804,0.7388442819249804
alg,ml-100k/u.data,4,249,50430,0.8441344992078509,0.8807130431475093,188,1880,1880,1.0,0.955929184211613,0.6883931032712656,0.6883931032712653
