Algorithm,DataSet,Partition,BuildTime,TestTime,RMSE.ByUser,RMSE.ByRating,NUsers,NAttempted,NGood,Coverage,nDCG,MAE.ByUser,MAE.ByRating
alg,ml-100k/u.data,4,262,52223,0.8441180169377765,0.8812480480144984,188,1880,1880,1.0,0.9563538619275596,0.6872256028834648,0.687225602883465
alg,ml-100k/u.data,1,263,52848,0.9115755433158211,0.9469596515128986,189,1890,1890,1.0,0.9494688301094067,0.7481902229904903,0.7481902229904908
alg,ml-100k/u.data,3,265,52921,0.895581165952638,0.9343084244888429,188,1880,1880,1.0,0.9519913901911659,0.7369020797166219,0.7369020797166216
alg,ml-100k/u.data,2,255,52941,0.9741803404573439,1.0191553744819535,189,1890,1890,1.0,0.9461532004106677,0.7923858291983507,0.7923858291983514
alg,ml-100k/u.data,0,259,52981,0.9087706618020598,0.9447896935705278,189,1890,1890,1.0,0.95274058798261,0.7350548538242968,0.7350548538242969
