Algorithm,DataSet,Partition,BuildTime,TestTime,RMSE.ByUser,RMSE.ByRating,NUsers,NAttempted,NGood,Coverage,nDCG,MAE.ByUser,MAE.ByRating
alg,ml-100k/u.data,3,263,52794,0.8986973078807712,0.9373947031710669,188,1880,1880,1.0,0.9521470247983441,0.7387567227921755,0.7387567227921753
alg,ml-100k/u.data,2,248,52921,0.9737668666972276,1.0177892187835322,189,1890,1890,1.0,0.9458889172248988,0.7917880747214386,0.7917880747214378
alg,ml-100k/u.data,1,260,52981,0.9187850483519835,0.9557650371282738,189,1890,1890,1.0,0.9478347630392924,0.7569951887402383,0.7569951887402384
alg,ml-100k/u.data,0,232,53009,0.9103285723214286,0.945889474032914,189,1890,1890,1.0,0.9513778554712533,0.7354977501176555,0.7354977501176554
alg,ml-100k/u.data,4,265,53108,0.8448918509101438,0.8815047596238548,188,1880,1880,1.0,0.9546469073572812,0.6885456512913547,0.6885456512913546
