Algorithm,DataSet,Partition,BuildTime,TestTime,RMSE.ByUser,RMSE.ByRating,NUsers,NAttempted,NGood,Coverage,nDCG,MAE.ByUser,MAE.ByRating
alg,ml-100k/u.data,0,266,50141,0.9105112288778815,0.946315699228148,189,1890,1890,1.0,0.9514629511367662,0.7382531420629428,0.7382531420629435
alg,ml-100k/u.data,3,276,50242,0.8976737026919762,0.9362360161861953,188,1880,1880,1.0,0.951683744782811,0.7394580797589234,0.7394580797589232
alg,ml-100k/u.data,4,271,50442,0.8454855472207061,0.8828299796236129,188,1880,1880,1.0,0.955361421535268,0.688206317148844,0.6882063171488436
alg,ml-100k/u.data,1,256,50522,0.9108081161383866,0.945964276659914,189,1890,1890,1.0,0.9481195896732346,0.747306952310431,0.7473069523104306
alg,ml-100k/u.data,2,281,50832,0.9753854160343879,1.020631133391966,189,1890,1890,1.0,0.9456694257576296,0.7948009946814744,0.7948009946814744
