Algorithm,DataSet,Partition,BuildTime,TestTime,RMSE.ByUser,RMSE.ByRating,NUsers,NAttempted,NGood,Coverage,nDCG,MAE.ByUser,MAE.ByRating
alg,ml-100k/u.data,3,313,57251,0.8957620289121083,0.9351007461571003,188,1880,1880,1.0,0.9513695749231412,0.7379617520865387,0.7379617520865382
alg,ml-100k/u.data,0,308,57490,0.9064230912387783,0.9425971396740452,189,1890,1890,1.0,0.952456995266379,0.7338358272832781,0.7338358272832779
alg,ml-100k/u.data,1,306,58046,0.9103657301026647,0.9457994454959492,189,1890,1890,1.0,0.9487878861097505,0.7471040578977028,0.7471040578977032
alg,ml-100k/u.data,4,327,58080,0.8438106129604334,0.8808049090428192,188,1880,1880,1.0,0.9562819981001751,0.6861046424020499,0.6861046424020502
alg,ml-100k/u.data,2,308,58141,0.9729415985033696,1.017695148472801,189,1890,1890,1.0,0.9469762915318533,0.7919377344994022,0.7919377344994017
