Algorithm,DataSet,Partition,BuildTime,TestTime,RMSE.ByUser,RMSE.ByRating,NUsers,NAttempted,NGood,Coverage,nDCG,MAE.ByUser,MAE.ByRating
alg,ml-100k/u.data,2,270,79996,0.9735886675285371,1.0176134692455996,189,1890,1890,1.0,0.9461818578670365,0.7933080132720138,0.7933080132720142
alg,ml-100k/u.data,4,274,80118,0.8449378368172782,0.882073421887467,188,1880,1880,1.0,0.9558333127187971,0.6874040463972569,0.6874040463972567
alg,ml-100k/u.data,1,283,80138,0.9143193537767939,0.9495499646402874,189,1890,1890,1.0,0.9490586331165414,0.7518226813955481,0.7518226813955479
alg,ml-100k/u.data,0,259,80368,0.9054867088681168,0.94166868407033,189,1890,1890,1.0,0.9520272127478377,0.7321120212601818,0.732112021260182
alg,ml-100k/u.data,3,270,80550,0.897192913090324,0.9362976859106561,188,1880,1880,1.0,0.9533135417705795,0.7382942511881951,0.7382942511881952
