Algorithm,DataSet,Partition,BuildTime,TestTime,RMSE.ByUser,RMSE.ByRating,NUsers,NAttempted,NGood,Coverage,nDCG,MAE.ByUser,MAE.ByRating
alg,ml-100k/u.data,3,245,49548,0.8990265152338863,0.9377885229097811,188,1880,1880,1.0,0.95329541543068,0.7391860214790785,0.739186021479078
alg,ml-100k/u.data,4,258,49539,0.8475356513862209,0.8845108354008429,188,1880,1880,1.0,0.9555591472244367,0.6896723905319411,0.689672390531941
alg,ml-100k/u.data,1,272,49562,0.919060455372311,0.9541997500762215,189,1890,1890,1.0,0.9499622946478703,0.7546103851081389,0.7546103851081389
alg,ml-100k/u.data,0,251,49695,0.9074148636414294,0.9437735357681348,189,1890,1890,1.0,0.9511139694031447,0.732771574960314,0.7327715749603141
alg,ml-100k/u.data,2,243,49739,0.9742773060702722,1.0181980372633093,189,1890,1890,1.0,0.945903974209401,0.7927411748419778,0.7927411748419773
