Algorithm,DataSet,Partition,BuildTime,TestTime,RMSE.ByUser,RMSE.ByRating,NUsers,NAttempted,NGood,Coverage,nDCG,MAE.ByUser,MAE.ByRating
alg,ml-100k/u.data,4,274,52439,0.8440846175542845,0.8814915535337136,188,1880,1880,1.0,0.9557807514823267,0.6873341707385056,0.6873341707385057
alg,ml-100k/u.data,2,270,52658,0.9741233567553342,1.0191796322536757,189,1890,1890,1.0,0.9454452851217112,0.7930633275828093,0.7930633275828095
alg,ml-100k/u.data,1,277,52665,0.9099792370808154,0.9451808273068883,189,1890,1890,1.0,0.9492460696038314,0.7469871601981425,0.7469871601981437
alg,ml-100k/u.data,3,278,52737,0.896748308411286,0.9355043990365823,188,1880,1880,1.0,0.9519675173748408,0.738565797602665,0.7385657976026652
alg,ml-100k/u.data,0,264,52856,0.9085270029979661,0.944494227576553,189,1890,1890,1.0,0.9520470688851702,0.7359346013767996,0.7359346013767987
