Algorithm,DataSet,Partition,BuildTime,TestTime,RMSE.ByUser,RMSE.ByRating,NUsers,NAttempted,NGood,Coverage,nDCG,MAE.ByUser,MAE.ByRating
alg,ml-100k/u.data,1,293,67962,0.9092578627240367,0.9444752460667554,189,1890,1890,1.0,0.9490117495594571,0.7463801421254365,0.7463801421254371
alg,ml-100k/u.data,0,284,68156,0.9078091226170758,0.9434584395652659,189,1890,1890,1.0,0.9520952481218514,0.737016520743621,0.7370165207436215
alg,ml-100k/u.data,4,294,68284,0.8440294352629137,0.8823700134134193,188,1880,1880,1.0,0.9545213798150401,0.6861842244047814,0.6861842244047814
alg,ml-100k/u.data,3,282,68312,0.8972108773593418,0.936680519499057,188,1880,1880,1.0,0.9506872867511693,0.7399579150525238,0.7399579150525237
alg,ml-100k/u.data,2,292,68541,0.9745171397720261,1.0196192923733942,189,1890,1890,1.0,0.9468438711700189,0.7940223919030684,0.794022391903069
