Algorithm,DataSet,Partition,BuildTime,TestTime,RMSE.ByUser,RMSE.ByRating,NUsers,NAttempted,NGood,Coverage,nDCG,MAE.ByUser,MAE.ByRating
alg,ml-100k/u.data,3,294,50968,0.8965612995712131,0.9349770214293653,188,1880,1880,1.0,0.9523758750375929,0.7385142490007623,0.7385142490007627
alg,ml-100k/u.data,4,295,51459,0.8438234360836339,0.8808515313104585,188,1880,1880,1.0,0.9556949553043709,0.6881883292849087,0.6881883292849094
alg,ml-100k/u.data,2,295,51514,0.9753860055362151,1.020541295107825,189,1890,1890,1.0,0.9449515484763259,0.7940059716962465,0.794005971696247
alg,ml-100k/u.data,1,283,51706,0.9131075172896042,0.9485624393516504,189,1890,1890,1.0,0.9483284463537932,0.7496482136742422,0.7496482136742423
alg,ml-100k/u.data,0,281,51742,0.9118291985985828,0.9471736810123028,189,1890,1890,1.0,0.9508263955892946,0.7391167245711944,0.7391167245711945
