Algorithm,DataSet,Partition,BuildTime,TestTime,RMSE.ByUser,RMSE.ByRating,NUsers,NAttempted,NGood,Coverage,nDCG,MAE.ByUser,MAE.ByRating
alg,ml-100k/u.data,1,246,51065,0.9130707035776002,0.9486854372329264,189,1890,1890,1.0,0.9486593743547622,0.7500229515471836,0.7500229515471841
alg,ml-100k/u.data,3,248,51159,0.8949371615590352,0.9337050455168071,188,1880,1880,1.0,0.9523563734950367,0.736489846837848,0.7364898468378479
alg,ml-100k/u.data,4,261,51303,0.8440835850441146,0.8812571931603236,188,1880,1880,1.0,0.9555902672112686,0.6868435197674199,0.686843519767419
alg,ml-100k/u.data,0,244,51389,0.909066479041444,0.9449761937602946,189,1890,1890,1.0,0.9521406181119283,0.7348831368979882,0.7348831368979879
alg,ml-100k/u.data,2,253,51439,0.9742245791435133,1.0189823070592479,189,1890,1890,1.0,0.946788106444607,0.7922241211796086,0.7922241211796085
