Algorithm,DataSet,Partition,BuildTime,TestTime,RMSE.ByUser,RMSE.ByRating,NUsers,NAttempted,NGood,Coverage,nDCG,MAE.ByUser,MAE.ByRating
alg,ml-100k/u.data,1,255,49516,0.9107107935946024,0.946030246271289,189,1890,1890,1.0,0.9484078836733834,0.7474767783779293,0.7474767783779294
alg,ml-100k/u.data,2,236,49872,0.972713391967704,1.0176421696435034,189,1890,1890,1.0,0.9469978927684127,0.7916845036076828,0.7916845036076823
alg,ml-100k/u.data,3,250,49922,0.8958197724610779,0.9350210401470466,188,1880,1880,1.0,0.9513174216288384,0.737879207581113,0.7378792075811127
alg,ml-100k/u.data,0,244,50060,0.9072844534926258,0.9431438639011097,189,1890,1890,1.0,0.952229764332347,0.7350923049070165,0.7350923049070162
alg,ml-100k/u.data,4,257,50379,0.8435922951118471,0.8809711622157783,188,1880,1880,1.0,0.9562766714798167,0.6863251775790384,0.6863251775790389
