Algorithm,DataSet,Partition,BuildTime,TestTime,RMSE.ByUser,RMSE.ByRating,NUsers,NAttempted,NGood,Coverage,nDCG,MAE.ByUser,MAE.ByRating
alg,ml-100k/u.data,2,249,51214,0.9767484481971378,1.0225002964760546,189,1890,1890,1.0,0.9453448734959361,0.7961290910559414,0.7961290910559414
alg,ml-100k/u.data,1,279,51234,0.9104571434694639,0.9456950477026931,189,1890,1890,1.0,0.9494258456996397,0.7471649189341357,0.7471649189341352
alg,ml-100k/u.data,0,248,51342,0.9100300915062033,0.9460465453895632,189,1890,1890,1.0,0.9515964580806809,0.7390588110829391,0.7390588110829386
alg,ml-100k/u.data,3,285,51307,0.8983304844802897,0.9374705597239253,188,1880,1880,1.0,0.9514583524535685,0.7409410640850814,0.7409410640850813
alg,ml-100k/u.data,4,287,51484,0.8457360646093505,0.8839669752604676,188,1880,1880,1.0,0.9552017367984491,0.6877940113862026,0.6877940113862021
