Algorithm,DataSet,Partition,BuildTime,TestTime,RMSE.ByUser,RMSE.ByRating,NUsers,NAttempted,NGood,Coverage,nDCG,MAE.ByUser,MAE.ByRating
alg,ml-100k/u.data,2,279,52302,0.9757825927884358,1.020729578300471,189,1890,1890,1.0,0.9458840026445003,0.7939996787590796,0.793999678759079
alg,ml-100k/u.data,1,274,52436,0.9119998421705096,0.9473711483400636,189,1890,1890,1.0,0.9489131932663608,0.7487295279796315,0.7487295279796314
alg,ml-100k/u.data,0,268,52486,0.9111765067414431,0.9467977414366227,189,1890,1890,1.0,0.9514555772665426,0.737607188423893,0.7376071884238927
alg,ml-100k/u.data,4,278,52516,0.844049842478391,0.8808518653336698,188,1880,1880,1.0,0.9556728099148353,0.6878655872481513,0.6878655872481517
alg,ml-100k/u.data,3,295,52669,0.8976402766474824,0.9363653228776467,188,1880,1880,1.0,0.9515338083828078,0.7387189614107792,0.7387189614107792
