threshold,RMSE.ByUser,RMSE.ByRating,MAE.ByUser,MAE.ByRating
1.0,0.911531704519,0.95042325855,0.74590611267,0.74590611267
