threshold,RMSE.ByUser,RMSE.ByRating,MAE.ByUser,MAE.ByRating
1.0,0.911370544595,0.950233074269,0.745604645704,0.745604645704
