threshold,RMSE.ByUser,RMSE.ByRating,MAE.ByUser,MAE.ByRating
1.0,0.911010362751,0.949867014058,0.7450283745,0.7450283745
