alpha,RMSE.ByUser,RMSE.ByRating,MAE.ByUser,MAE.ByRating
14.0,0.910867132694,0.949776739222,0.745189202505,0.745189202505
