threshold,RMSE.ByUser,RMSE.ByRating,MAE.ByUser,MAE.ByRating
1.0,0.911129825556,0.950187269886,0.745603778184,0.745603778184
