threshold,RMSE.ByUser,RMSE.ByRating,MAE.ByUser,MAE.ByRating
1.0,0.911755017961,0.950633755205,0.746066506557,0.746066506557
