threshold,RMSE.ByUser,RMSE.ByRating,MAE.ByUser,MAE.ByRating
1.0,0.911218144297,0.950067623386,0.745386168333,0.745386168333
