alpha,RMSE.ByUser,RMSE.ByRating,MAE.ByUser,MAE.ByRating
14.0,0.910794091427,0.949717314919,0.745111946527,0.745111946527
