alpha,RMSE.ByUser,RMSE.ByRating,MAE.ByUser,MAE.ByRating
14.0,0.908034907595,0.946716935072,0.742421048489,0.742421048489
