alpha,RMSE.ByUser,RMSE.ByRating,MAE.ByUser,MAE.ByRating
14.0,0.909588810195,0.948282077413,0.743879552847,0.743879552847
