threshold,RMSE.ByUser,RMSE.ByRating,MAE.ByUser,MAE.ByRating
1.0,0.910944009056,0.94989434338,0.745144112762,0.745144112762
