alpha,RMSE.ByUser,RMSE.ByRating,MAE.ByUser,MAE.ByRating
14.0,0.90792230063,0.946352710899,0.740654209303,0.740654209303
