threshold,RMSE.ByUser,RMSE.ByRating,MAE.ByUser,MAE.ByRating
1.0,0.912060541205,0.95106607544,0.746413020858,0.746413020858
