alpha,RMSE.ByUser,RMSE.ByRating,MAE.ByUser,MAE.ByRating
14.0,0.910266498718,0.949131335946,0.744662039436,0.744662039436
