threshold,RMSE.ByUser,RMSE.ByRating,MAE.ByUser,MAE.ByRating
1.0,0.911273654838,0.950143708787,0.745580677653,0.745580677653
