threshold,RMSE.ByUser,RMSE.ByRating,MAE.ByUser,MAE.ByRating
1.0,0.911160361151,0.95003510239,0.745313529448,0.745313529448
