threshold,RMSE.ByUser,RMSE.ByRating,MAE.ByUser,MAE.ByRating
1.0,0.911769947008,0.950673230657,0.746130331614,0.746130331614
