threshold,RMSE.ByUser,RMSE.ByRating,MAE.ByUser,MAE.ByRating
1.0,0.910989521595,0.949989021243,0.745365510834,0.745365510834
