alpha,RMSE.ByUser,RMSE.ByRating,MAE.ByUser,MAE.ByRating
14.0,0.910731046711,0.949640039853,0.745012630072,0.745012630072
