threshold,RMSE.ByUser,RMSE.ByRating,MAE.ByUser,MAE.ByRating
1.0,0.912646208406,0.951670247759,0.747007999648,0.747007999648
