threshold,RMSE.ByUser,RMSE.ByRating,MAE.ByUser,MAE.ByRating
1.0,0.911045377569,0.950086760547,0.745431204474,0.745431204474
