threshold,RMSE.ByUser,RMSE.ByRating,MAE.ByUser,MAE.ByRating
1.0,0.911876542482,0.950808053595,0.746239185663,0.746239185663
