threshold,RMSE.ByUser,RMSE.ByRating,MAE.ByUser,MAE.ByRating
1.0,0.911282387372,0.950160696116,0.745583403509,0.745583403509
