Algorithm,DataSet,Partition,BuildTime,TestTime,RMSE.ByUser,RMSE.ByRating,NUsers,NAttempted,NGood,Coverage,nDCG,MAE.ByUser,MAE.ByRating
alg,ml-100k/u.data,1,254,53317,0.9144265571105573,0.9497602657447409,189,1890,1890,1.0,0.9489191600880345,0.7508907628643383,0.750890762864338
alg,ml-100k/u.data,0,230,53464,0.9145911873777581,0.9499347157638475,189,1890,1890,1.0,0.9497658957672188,0.7433550402346276,0.7433550402346272
alg,ml-100k/u.data,4,258,53515,0.8470129244070425,0.885154614642112,188,1880,1880,1.0,0.9537120777644149,0.6901371182555025,0.6901371182555022
alg,ml-100k/u.data,3,248,53530,0.9017404293613263,0.9411909579500347,188,1880,1880,1.0,0.9509546293236657,0.7439133190805199,0.7439133190805203
alg,ml-100k/u.data,2,254,53614,0.978319623226972,1.0242975628311815,189,1890,1890,1.0,0.9445230380164343,0.7986346012295273,0.7986346012295276
