Algorithm,DataSet,Partition,BuildTime,TestTime,RMSE.ByUser,RMSE.ByRating,NUsers,NAttempted,NGood,Coverage,nDCG,MAE.ByUser,MAE.ByRating
alg,ml-100k/u.data,1,231,67933,0.9153642439625936,0.9509424134740326,189,1890,1890,1.0,0.9491580944856588,0.7520909789470577,0.7520909789470582
alg,ml-100k/u.data,2,245,68149,0.9767731030030669,1.0226349191853994,189,1890,1890,1.0,0.9466423455803983,0.7974155868020476,0.797415586802048
alg,ml-100k/u.data,0,242,68246,0.9147085962798137,0.950074174063726,189,1890,1890,1.0,0.9503724251429658,0.7424549357504318,0.7424549357504329
alg,ml-100k/u.data,4,243,68444,0.8467541385608016,0.884734471310699,188,1880,1880,1.0,0.9541093143638929,0.6903554673417945,0.6903554673417946
alg,ml-100k/u.data,3,264,68441,0.9007355816624963,0.9404977180763605,188,1880,1880,1.0,0.9520541860314095,0.7436290436855109,0.743629043685511
