Algorithm,DataSet,Partition,BuildTime,TestTime,RMSE.ByUser,RMSE.ByRating,NUsers,NAttempted,NGood,Coverage,nDCG,MAE.ByUser,MAE.ByRating
alg,ml-100k/u.data,1,235,49733,0.9131702077495261,0.9483519796279425,189,1890,1890,1.0,0.9487732604615542,0.7497529736958998,0.7497529736959002
alg,ml-100k/u.data,0,232,49847,0.9155136974753258,0.9510064904600098,189,1890,1890,1.0,0.9488343959717891,0.744588731509073,0.7445887315090728
alg,ml-100k/u.data,2,232,49969,0.9792193254012992,1.0251200440838555,189,1890,1890,1.0,0.944976588874211,0.7993890486108856,0.7993890486108861
alg,ml-100k/u.data,4,252,49980,0.846830812133906,0.8852465819047397,188,1880,1880,1.0,0.9543397413934144,0.6898297803066925,0.689829780306693
alg,ml-100k/u.data,3,250,50043,0.9016778941021346,0.9410783845028836,188,1880,1880,1.0,0.9508184468893404,0.744356483423481,0.744356483423481
