Algorithm,DataSet,Partition,BuildTime,TestTime,RMSE.ByUser,RMSE.ByRating,NUsers,NAttempted,NGood,Coverage,nDCG,MAE.ByUser,MAE.ByRating
alg,ml-100k/u.data,1,275,54094,0.9131488893082725,0.9485658747682416,189,1890,1890,1.0,0.9487535968223401,0.7493532759218005,0.7493532759218005
alg,ml-100k/u.data,0,263,54243,0.9154330950183507,0.9509322841611881,189,1890,1890,1.0,0.948860472361577,0.7448747819608029,0.7448747819608029
alg,ml-100k/u.data,3,288,54279,0.9025322967262709,0.9417576264667052,188,1880,1880,1.0,0.9509255740218762,0.7453794108403292,0.7453794108403294
alg,ml-100k/u.data,2,286,54400,0.9802665978316449,1.0261280251087959,189,1890,1890,1.0,0.9446773462243123,0.8006827735695408,0.8006827735695407
alg,ml-100k/u.data,4,286,54441,0.8473942109198731,0.8857849655184454,188,1880,1880,1.0,0.9540672405842235,0.6900422904903836,0.6900422904903835
