Algorithm,DataSet,Partition,BuildTime,TestTime,RMSE.ByUser,RMSE.ByRating,NUsers,NAttempted,NGood,Coverage,nDCG,MAE.ByUser,MAE.ByRating
alg,ml-100k/u.data,1,436,52437,0.9125746985628501,0.9481030178128802,189,1890,1890,1.0,0.9490168454641396,0.7490551960199613,0.7490551960199611
alg,ml-100k/u.data,3,500,52437,0.9029553061226642,0.9424371515279867,188,1880,1880,1.0,0.9510664517243762,0.745646117267675,0.7456461172676755
alg,ml-100k/u.data,0,431,52677,0.9159301677213744,0.9516784351903605,189,1890,1890,1.0,0.948585972848853,0.7457362531344771,0.7457362531344777
alg,ml-100k/u.data,2,485,52696,0.9813493605906699,1.027156369667879,189,1890,1890,1.0,0.9441559635335717,0.8015066106268038,0.8015066106268037
alg,ml-100k/u.data,4,509,52807,0.8474931730256373,0.885955402998901,188,1880,1880,1.0,0.9539197961071678,0.6901209272386172,0.6901209272386166
