Algorithm,DataSet,Partition,BuildTime,TestTime,RMSE.ByUser,RMSE.ByRating,NUsers,NAttempted,NGood,Coverage,nDCG,MAE.ByUser,MAE.ByRating
alg,ml-100k/u.data,2,264,52044,0.9798099895776581,1.0256183700586285,189,1890,1890,1.0,0.9447023567860761,0.8001062997928162,0.8001062997928161
alg,ml-100k/u.data,0,257,52266,0.9155247795198321,0.9510334612641327,189,1890,1890,1.0,0.948974344658757,0.7449774066175541,0.7449774066175544
alg,ml-100k/u.data,4,274,52409,0.8469697917576631,0.8854185417424832,188,1880,1880,1.0,0.9544011270746509,0.6897637515879046,0.6897637515879045
alg,ml-100k/u.data,3,269,52433,0.9021431395952947,0.9415199369637063,188,1880,1880,1.0,0.9510414490720307,0.7449092576891586,0.7449092576891593
alg,ml-100k/u.data,1,263,52542,0.9132108221444712,0.9485259827230542,189,1890,1890,1.0,0.9482789300194746,0.7497738476606018,0.7497738476606018
