Algorithm,DataSet,Partition,BuildTime,TestTime,RMSE.ByUser,RMSE.ByRating,NUsers,NAttempted,NGood,Coverage,nDCG,MAE.ByUser,MAE.ByRating
alg,ml-100k/u.data,1,264,65191,0.9152439479582475,0.9508528162533537,189,1890,1890,1.0,0.9491781073885187,0.7520539163533634,0.7520539163533632
alg,ml-100k/u.data,3,259,65488,0.9007302592690453,0.9404930116400632,188,1880,1880,1.0,0.9520541860314095,0.7435975283887578,0.7435975283887571
alg,ml-100k/u.data,2,254,65636,0.9766753717062009,1.0225659937546066,189,1890,1890,1.0,0.9466174085158067,0.7972730601102104,0.7972730601102104
alg,ml-100k/u.data,4,263,65644,0.8466531824960408,0.8846410643800177,188,1880,1880,1.0,0.9540652872167381,0.6902269386006611,0.6902269386006615
alg,ml-100k/u.data,0,238,65815,0.9146676957052574,0.9500336885688441,189,1890,1890,1.0,0.9503870422344434,0.7424082891822408,0.742408289182241
