Algorithm,DataSet,Partition,BuildTime,TestTime,RMSE.ByUser,RMSE.ByRating,NUsers,NAttempted,NGood,Coverage,nDCG,MAE.ByUser,MAE.ByRating
alg,ml-100k/u.data,1,246,53565,0.9159629544163936,0.9518508718932998,189,1890,1890,1.0,0.9484938686241409,0.7533309591506175,0.7533309591506175
alg,ml-100k/u.data,0,230,54147,0.9144188790094182,0.9500753014477225,189,1890,1890,1.0,0.9500312398747085,0.7424609290728806,0.7424609290728805
alg,ml-100k/u.data,4,252,54315,0.8464895712198618,0.8846036088949534,188,1880,1880,1.0,0.9539301316479446,0.6901603492828284,0.690160349282829
alg,ml-100k/u.data,3,256,54433,0.9008477507352023,0.9406169276895899,188,1880,1880,1.0,0.9507759382679415,0.7436260682268583,0.7436260682268577
alg,ml-100k/u.data,2,250,54649,0.9779299723991558,1.023789639506723,189,1890,1890,1.0,0.9460911585507341,0.7984405851879989,0.7984405851879991
