Algorithm,DataSet,Partition,BuildTime,TestTime,RMSE.ByUser,RMSE.ByRating,NUsers,NAttempted,NGood,Coverage,nDCG,MAE.ByUser,MAE.ByRating
alg,ml-100k/u.data,2,275,67105,0.9751396386835136,1.0205147829720853,189,1890,1890,1.0,0.9458641040599983,0.7945966992632757,0.7945966992632755
alg,ml-100k/u.data,4,289,67173,0.8446140274983649,0.8820958704959617,188,1880,1880,1.0,0.955086967216771,0.6889934660582266,0.6889934660582263
alg,ml-100k/u.data,1,259,67236,0.9135966589585,0.949411116711897,189,1890,1890,1.0,0.948440291737215,0.7517773324112943,0.751777332411294
alg,ml-100k/u.data,0,287,67302,0.9104228828817195,0.9460556709402995,189,1890,1890,1.0,0.950855351946985,0.7384636505888005,0.7384636505888
alg,ml-100k/u.data,3,287,67592,0.8964013299522514,0.9355072342418318,188,1880,1880,1.0,0.9521400492919666,0.7382740941230834,0.7382740941230834
