Algorithm,DataSet,Partition,BuildTime,TestTime,RMSE.ByUser,RMSE.ByRating,NUsers,NAttempted,NGood,Coverage,nDCG,MAE.ByUser,MAE.ByRating
alg,ml-100k/u.data,1,218,48749,0.9155815450044382,0.9512818599226469,189,1890,1890,1.0,0.9488439146344143,0.7526042239812217,0.7526042239812215
alg,ml-100k/u.data,0,224,48820,0.9147222284398869,0.9501648756295176,189,1890,1890,1.0,0.9498607209738329,0.7422713453649139,0.742271345364914
alg,ml-100k/u.data,4,234,48885,0.8469263700493674,0.8850012102723871,188,1880,1880,1.0,0.9540990023247359,0.6905304477280773,0.6905304477280773
alg,ml-100k/u.data,2,211,49048,0.9772066824454397,1.0231358314007835,189,1890,1890,1.0,0.9461333619252593,0.7979412346344286,0.7979412346344289
alg,ml-100k/u.data,3,247,49060,0.9005107820380489,0.9403613289879487,188,1880,1880,1.0,0.9518286910695567,0.7434803024611807,0.7434803024611807
