Algorithm,DataSet,Partition,BuildTime,TestTime,RMSE.ByUser,RMSE.ByRating,NUsers,NAttempted,NGood,Coverage,nDCG,MAE.ByUser,MAE.ByRating
alg,ml-100k/u.data,1,254,49267,0.9150704225399717,0.9506834996905856,189,1890,1890,1.0,0.9490315319835209,0.7517980624689466,0.7517980624689463
alg,ml-100k/u.data,0,269,49452,0.9147764774185506,0.9500446540609524,189,1890,1890,1.0,0.9501695387807646,0.7422823149936287,0.7422823149936284
alg,ml-100k/u.data,3,266,49495,0.9005822844970135,0.9403263121789852,188,1880,1880,1.0,0.9518594574131001,0.7432948639756858,0.7432948639756863
alg,ml-100k/u.data,2,279,49499,0.97671742594855,1.0226197146284468,189,1890,1890,1.0,0.9468947385585874,0.7972860430438709,0.7972860430438712
alg,ml-100k/u.data,4,257,49528,0.8465086231502342,0.8845260187054148,188,1880,1880,1.0,0.9542895599176868,0.6904018658792194,0.6904018658792194
