Algorithm,DataSet,Partition,BuildTime,TestTime,RMSE.ByUser,RMSE.ByRating,NUsers,NAttempted,NGood,Coverage,nDCG,MAE.ByUser,MAE.ByRating
alg,ml-100k/u.data,1,1009,52134,0.9129507539727287,0.9486059660552724,189,1890,1890,1.0,0.948890362236495,0.7493454053724116,0.7493454053724115
alg,ml-100k/u.data,2,1024,52220,0.9814122887081473,1.02710178004552,189,1890,1890,1.0,0.9442222803956535,0.8016390626978586,0.8016390626978587
alg,ml-100k/u.data,4,1023,52596,0.847970068463567,0.8864627646731097,188,1880,1880,1.0,0.954422873455836,0.6908469583205564,0.690846958320557
alg,ml-100k/u.data,0,1006,52623,0.9168287760932411,0.9527219271345544,189,1890,1890,1.0,0.9489712655795353,0.7467098996612915,0.746709899661291
alg,ml-100k/u.data,3,1024,52838,0.9040691547901181,0.9434588008850866,188,1880,1880,1.0,0.951362836705284,0.7464986721888807,0.7464986721888811
