Algorithm,DataSet,Partition,BuildTime,TestTime,RMSE.ByUser,RMSE.ByRating,NUsers,NAttempted,NGood,Coverage,nDCG,MAE.ByUser,MAE.ByRating
alg,ml-100k/u.data,1,240,52043,0.9149399718014591,0.9503683952102073,189,1890,1890,1.0,0.9492327595900361,0.7512749363957262,0.7512749363957262
alg,ml-100k/u.data,3,255,52234,0.900884171303911,0.9406758441272791,188,1880,1880,1.0,0.951779991389366,0.7432341799702145,0.7432341799702137
alg,ml-100k/u.data,4,254,52246,0.8468054176860661,0.8848536234117836,188,1880,1880,1.0,0.9542295557904001,0.6898790475180494,0.6898790475180498
alg,ml-100k/u.data,2,249,52252,0.9775520729172801,1.0233198695486443,189,1890,1890,1.0,0.9449996356514814,0.7978659563717629,0.7978659563717627
alg,ml-100k/u.data,0,247,52286,0.9148701800469741,0.9501173379916391,189,1890,1890,1.0,0.9497132133022518,0.742887752246396,0.7428877522463958
