Algorithm,DataSet,Partition,BuildTime,TestTime,RMSE.ByUser,RMSE.ByRating,NUsers,NAttempted,NGood,Coverage,nDCG,MAE.ByUser,MAE.ByRating
alg,ml-100k/u.data,1,248,52105,0.9155439119181673,0.9514224915648376,189,1890,1890,1.0,0.9484617970768604,0.7527368413869114,0.7527368413869119
alg,ml-100k/u.data,2,261,52141,0.9776886121651961,1.0235545007793505,189,1890,1890,1.0,0.9457193345148653,0.7982469324944206,0.7982469324944212
alg,ml-100k/u.data,4,269,52221,0.8464192353736016,0.8844941046594826,188,1880,1880,1.0,0.9534920734639973,0.6900425010075386,0.6900425010075387
alg,ml-100k/u.data,3,270,52239,0.9011830750415821,0.9408938941104782,188,1880,1880,1.0,0.9517515867881903,0.7440507770997918,0.7440507770997916
alg,ml-100k/u.data,0,250,52465,0.9143920533482807,0.9500688116194755,189,1890,1890,1.0,0.9500142545522731,0.7420789703819212,0.7420789703819215
