Algorithm,DataSet,Partition,BuildTime,TestTime,RMSE.ByUser,RMSE.ByRating,NUsers,NAttempted,NGood,Coverage,nDCG,MAE.ByUser,MAE.ByRating
alg,ml-100k/u.data,3,270,52532,0.901634765627948,0.9410241704680732,188,1880,1880,1.0,0.9509479147963119,0.7443449026403508,0.7443449026403507
alg,ml-100k/u.data,1,262,52615,0.9139010217171306,0.949245364169521,189,1890,1890,1.0,0.9486493990174182,0.7504056643555306,0.7504056643555299
alg,ml-100k/u.data,4,271,52728,0.8470596041568123,0.8853464342053122,188,1880,1880,1.0,0.9539458528953919,0.6900253701489252,0.6900253701489252
alg,ml-100k/u.data,0,252,52783,0.9150894731399183,0.9504987059464747,189,1890,1890,1.0,0.9493814019925125,0.7442091805960839,0.7442091805960838
alg,ml-100k/u.data,2,244,52814,0.9786834095493752,1.0246038691478885,189,1890,1890,1.0,0.9450159385262336,0.798918270522572,0.7989182705225707
