Algorithm,DataSet,Partition,BuildTime,TestTime,RMSE.ByUser,RMSE.ByRating,NUsers,NAttempted,NGood,Coverage,nDCG,MAE.ByUser,MAE.ByRating
alg,ml-100k/u.data,1,299,52635,0.9148105539372055,0.9502721935837938,189,1890,1890,1.0,0.9490755735948343,0.7512857755860571,0.7512857755860569
alg,ml-100k/u.data,2,291,53061,0.9778585268940142,1.0237157910509396,189,1890,1890,1.0,0.9445787784573622,0.7980472246316191,0.7980472246316187
alg,ml-100k/u.data,3,299,53063,0.9017106988602163,0.9413364622880049,188,1880,1880,1.0,0.9511753359262523,0.7440772348551137,0.7440772348551137
alg,ml-100k/u.data,4,300,53148,0.8468683425146408,0.8850533065434046,188,1880,1880,1.0,0.9539817363348593,0.6900973375348091,0.6900973375348095
alg,ml-100k/u.data,0,285,53179,0.9145536835478856,0.9497977584842371,189,1890,1890,1.0,0.9496064670813812,0.7430600746323436,0.7430600746323432
