Algorithm,DataSet,Partition,BuildTime,TestTime,RMSE.ByUser,RMSE.ByRating,NUsers,NAttempted,NGood,Coverage,nDCG,MAE.ByUser,MAE.ByRating
alg,ml-100k/u.data,1,240,54802,0.9152629181513869,0.9511123863144342,189,1890,1890,1.0,0.9489535726265071,0.7521375927064022,0.7521375927064018
alg,ml-100k/u.data,2,239,54843,0.9759124088414732,1.021676003990332,189,1890,1890,1.0,0.9467456561094836,0.7965773270837169,0.7965773270837166
alg,ml-100k/u.data,4,240,55015,0.846563241129055,0.8844068749907646,188,1880,1880,1.0,0.9539786403609265,0.6907402609811676,0.6907402609811674
alg,ml-100k/u.data,0,255,55110,0.913875820165652,0.9491510587738319,189,1890,1890,1.0,0.9510953363650065,0.7414144563133797,0.7414144563133794
alg,ml-100k/u.data,3,233,55202,0.899718105301868,0.9393103556608104,188,1880,1880,1.0,0.951968228212935,0.7424405600945688,0.7424405600945687
