Algorithm,DataSet,Partition,BuildTime,TestTime,RMSE.ByUser,RMSE.ByRating,NUsers,NAttempted,NGood,Coverage,nDCG,MAE.ByUser,MAE.ByRating
alg,ml-100k/u.data,4,253,49636,0.8476699850452871,0.8860279807429259,188,1880,1880,1.0,0.9544523361889952,0.6903255678436312,0.6903255678436317
alg,ml-100k/u.data,2,265,50084,0.9807007130005153,1.0264318700052772,189,1890,1890,1.0,0.9446885183278817,0.8008819880836576,0.8008819880836575
alg,ml-100k/u.data,3,266,50604,0.902804491503667,0.942225027874729,188,1880,1880,1.0,0.9514810942457567,0.7454758460247582,0.7454758460247588
alg,ml-100k/u.data,0,264,51186,0.9152180670522082,0.9508395332022423,189,1890,1890,1.0,0.9485750557184233,0.745143111812929,0.745143111812929
alg,ml-100k/u.data,1,249,51293,0.9129894558068657,0.9485158561479126,189,1890,1890,1.0,0.9486860471511521,0.7493694145501848,0.7493694145501851
