Algorithm,DataSet,Partition,BuildTime,TestTime,RMSE.ByUser,RMSE.ByRating,NUsers,NAttempted,NGood,Coverage,nDCG,MAE.ByUser,MAE.ByRating
alg,ml-100k/u.data,0,230,48564,0.9148940422633324,0.950273290075651,189,1890,1890,1.0,0.9504876814906542,0.7426297397927318,0.7426297397927313
alg,ml-100k/u.data,1,229,48874,0.9156299520726459,0.9512158344425621,189,1890,1890,1.0,0.949174021311982,0.7522686016944007,0.7522686016944008
alg,ml-100k/u.data,2,236,48980,0.977183893607266,1.0230706997614698,189,1890,1890,1.0,0.9459033688018181,0.7975344021177287,0.7975344021177286
alg,ml-100k/u.data,3,260,49096,0.9005728331822612,0.9404157812328048,188,1880,1880,1.0,0.9513822910428669,0.7433589286186317,0.7433589286186315
alg,ml-100k/u.data,4,271,49724,0.8464393241530359,0.884496111386153,188,1880,1880,1.0,0.9541704298909973,0.6899288915872825,0.6899288915872827
