threshold,RMSE.ByUser,RMSE.ByRating,MAE.ByUser,MAE.ByRating
1.0,0.911828260184,0.950698985306,0.746073581369,0.746073581369
