threshold,RMSE.ByUser,RMSE.ByRating,MAE.ByUser,MAE.ByRating
1.0,0.911556552324,0.950524810247,0.745760395402,0.745760395402
