threshold,RMSE.ByUser,RMSE.ByRating,MAE.ByUser,MAE.ByRating
1.0,0.912259695301,0.951235762649,0.746674799604,0.746674799604
