threshold,RMSE.ByUser,RMSE.ByRating,MAE.ByUser,MAE.ByRating
1.0,0.912017529014,0.950930051596,0.746129665631,0.746129665631
