threshold,RMSE.ByUser,RMSE.ByRating,MAE.ByUser,MAE.ByRating
1.0,0.911706091773,0.950626020299,0.745857714364,0.745857714364
