threshold,RMSE.ByUser,RMSE.ByRating,MAE.ByUser,MAE.ByRating
1.0,0.911848147903,0.950702128108,0.745935521894,0.745935521894
