threshold,RMSE.ByUser,RMSE.ByRating,MAE.ByUser,MAE.ByRating
1.0,0.911592250891,0.950583062503,0.74582802055,0.74582802055
