alpha,RMSE.ByUser,RMSE.ByRating,MAE.ByUser,MAE.ByRating
14.0,0.911332801877,0.950300689819,0.745466826646,0.745466826646
