threshold,RMSE.ByUser,RMSE.ByRating,MAE.ByUser,MAE.ByRating
1.0,0.912875035114,0.951952004147,0.747275772799,0.747275772799
