alpha,RMSE.ByUser,RMSE.ByRating,MAE.ByUser,MAE.ByRating
14.0,0.911450936905,0.950430122434,0.74564476845,0.74564476845
