threshold,RMSE.ByUser,RMSE.ByRating,MAE.ByUser,MAE.ByRating
1.0,0.912509206325,0.9515312874,0.746842570152,0.746842570152
