threshold,RMSE.ByUser,RMSE.ByRating,MAE.ByUser,MAE.ByRating
1.0,0.911697736793,0.950840768225,0.746024337744,0.746024337744
