threshold,RMSE.ByUser,RMSE.ByRating,MAE.ByUser,MAE.ByRating
1.0,0.911585175818,0.950535781329,0.745689007197,0.745689007197
