alpha,RMSE.ByUser,RMSE.ByRating,MAE.ByUser,MAE.ByRating
14.0,0.911628547873,0.950614686076,0.745874098417,0.745874098417
