alpha,RMSE.ByUser,RMSE.ByRating,MAE.ByUser,MAE.ByRating
14.0,0.91018687669,0.94888378156,0.744395064582,0.744395064582
