threshold,RMSE.ByUser,RMSE.ByRating,MAE.ByUser,MAE.ByRating
1.0,0.911946499927,0.950832378567,0.746158789734,0.746158789734
