threshold,RMSE.ByUser,RMSE.ByRating,MAE.ByUser,MAE.ByRating
1.0,0.911966085137,0.950905375452,0.746111992127,0.746111992127
