threshold,RMSE.ByUser,RMSE.ByRating,MAE.ByUser,MAE.ByRating
1.0,0.912030192518,0.950988404508,0.746322570187,0.746322570187
