threshold,RMSE.ByUser,RMSE.ByRating,MAE.ByUser,MAE.ByRating
1.0,0.911670921519,0.950763762543,0.7459055079,0.7459055079
