alpha,RMSE.ByUser,RMSE.ByRating,MAE.ByUser,MAE.ByRating
14.0,0.911036216306,0.949912892628,0.745172909369,0.745172909369
