alpha,RMSE.ByUser,RMSE.ByRating,MAE.ByUser,MAE.ByRating
14.0,0.90858106451,0.947101345216,0.742863226525,0.742863226525
