Algorithm,DataSet,Partition,BuildTime,TestTime,RMSE.ByUser,RMSE.ByRating,NUsers,NAttempted,NGood,Coverage,nDCG,MAE.ByUser,MAE.ByRating
alg,ml-100k/u.data,1,241,51360,0.915956745744047,0.9517958944516572,189,1890,1890,1.0,0.9486216668597729,0.7531061903989908,0.7531061903989905
alg,ml-100k/u.data,0,251,51587,0.914481961646738,0.9503512400247878,189,1890,1890,1.0,0.9501125281476879,0.7426192798877099,0.7426192798877089
alg,ml-100k/u.data,2,253,51809,0.9794363539982907,1.0255436766637227,189,1890,1890,1.0,0.945700731667156,0.7993845301815309,0.7993845301815309
alg,ml-100k/u.data,3,246,51949,0.9018589482370822,0.9416173481600658,188,1880,1880,1.0,0.9515133662567856,0.7447789289144101,0.7447789289144103
alg,ml-100k/u.data,4,245,52275,0.8467546743403611,0.8848956818234832,188,1880,1880,1.0,0.953517305086022,0.6902327593391722,0.6902327593391722
