Algorithm,DataSet,Partition,BuildTime,TestTime,RMSE.ByUser,RMSE.ByRating,NUsers,NAttempted,NGood,Coverage,nDCG,MAE.ByUser,MAE.ByRating
alg,ml-100k/u.data,1,308,57038,0.9149837503457996,0.9504423028610381,189,1890,1890,1.0,0.9492390654381376,0.7512398840713358,0.751239884071336
alg,ml-100k/u.data,3,315,57064,0.902096449325716,0.9415989845014889,188,1880,1880,1.0,0.9511225753141265,0.7445392260983504,0.7445392260983505
alg,ml-100k/u.data,2,295,57444,0.9799574651359514,1.0256793862441593,189,1890,1890,1.0,0.9445090867533844,0.7995656659838878,0.7995656659838875
alg,ml-100k/u.data,0,314,57429,0.9152054862105612,0.9505645360408054,189,1890,1890,1.0,0.9497216454637392,0.7441666235058993,0.7441666235058991
alg,ml-100k/u.data,4,309,57577,0.84699758849734,0.8852254308920708,188,1880,1880,1.0,0.9539686657813445,0.6901662098098598,0.6901662098098603
