Algorithm,DataSet,Partition,BuildTime,TestTime,RMSE.ByUser,RMSE.ByRating,NUsers,NAttempted,NGood,Coverage,nDCG,MAE.ByUser,MAE.ByRating
alg,ml-100k/u.data,3,302,71250,0.9017961736835022,0.9413532595613551,188,1880,1880,1.0,0.9511875312591164,0.7444842584368558,0.7444842584368564
alg,ml-100k/u.data,1,302,71451,0.9151569292584075,0.9508057635369455,189,1890,1890,1.0,0.9484298225795778,0.7514299869562282,0.7514299869562279
alg,ml-100k/u.data,0,295,71460,0.9150471932913382,0.9504383983401239,189,1890,1890,1.0,0.9497313784455228,0.7435305799920969,0.7435305799920968
alg,ml-100k/u.data,2,297,71564,0.9786828643233259,1.024615488186381,189,1890,1890,1.0,0.9447729188463129,0.7987736607743248,0.7987736607743244
alg,ml-100k/u.data,4,306,71561,0.8472427185344947,0.8854659970200016,188,1880,1880,1.0,0.9534890402941096,0.690226549826152,0.6902265498261522
