Algorithm,DataSet,Partition,BuildTime,TestTime,RMSE.ByUser,RMSE.ByRating,NUsers,NAttempted,NGood,Coverage,nDCG,MAE.ByUser,MAE.ByRating
alg,ml-100k/u.data,2,281,52786,0.9731792346321111,1.017327414403084,189,1890,1890,1.0,0.9458163658069214,0.7907741962923133,0.7907741962923135
alg,ml-100k/u.data,4,330,52819,0.8445626573799656,0.8817204782798101,188,1880,1880,1.0,0.9556843392294821,0.6873838700382628,0.6873838700382632
alg,ml-100k/u.data,1,320,53319,0.9164121637199122,0.9529631062806307,189,1890,1890,1.0,0.9481782137876095,0.7541870337827653,0.7541870337827649
alg,ml-100k/u.data,0,317,53361,0.9095601044612135,0.9453991817388117,189,1890,1890,1.0,0.9512487619545972,0.7342395367625888,0.7342395367625894
alg,ml-100k/u.data,3,311,53485,0.8974711617398612,0.9363439579164475,188,1880,1880,1.0,0.9524165686091304,0.7372853917023927,0.7372853917023925
