Algorithm,DataSet,Partition,BuildTime,TestTime,RMSE.ByUser,RMSE.ByRating,NUsers,NAttempted,NGood,Coverage,nDCG,MAE.ByUser,MAE.ByRating
alg,ml-100k/u.data,1,274,52221,0.9160917175602602,0.9518583482522304,189,1890,1890,1.0,0.9483734977844374,0.753221454781797,0.7532214547817971
alg,ml-100k/u.data,4,286,52278,0.8468141361756261,0.8850161532441183,188,1880,1880,1.0,0.9537516663715505,0.6903890422652196,0.6903890422652195
alg,ml-100k/u.data,2,283,52436,0.9789542682389357,1.0249796818290224,189,1890,1890,1.0,0.9454504751702353,0.7990743497079219,0.7990743497079216
alg,ml-100k/u.data,0,264,52581,0.9146469885103006,0.9503135581226365,189,1890,1890,1.0,0.9498678030313707,0.7423553254770625,0.7423553254770625
alg,ml-100k/u.data,3,276,52612,0.9018474971096041,0.9416510712684314,188,1880,1880,1.0,0.9510053856528736,0.7444873672666323,0.7444873672666318
