Algorithm,DataSet,Partition,BuildTime,TestTime,RMSE.ByUser,RMSE.ByRating,NUsers,NAttempted,NGood,Coverage,nDCG,MAE.ByUser,MAE.ByRating
alg,ml-100k/u.data,0,269,55864,0.9146689848153662,0.9501947136452513,189,1890,1890,1.0,0.9504894291357114,0.7428808224085961,0.7428808224085962
alg,ml-100k/u.data,4,323,56067,0.8469436198295772,0.8849392142757503,188,1880,1880,1.0,0.9537903499867736,0.6901785349958266,0.690178534995826
alg,ml-100k/u.data,1,325,56100,0.9158645805733107,0.9515134464840175,189,1890,1890,1.0,0.948629605366539,0.7522873388211447,0.7522873388211447
alg,ml-100k/u.data,3,326,56167,0.9016350246160254,0.941416853496067,188,1880,1880,1.0,0.9511114048017358,0.7445858570058409,0.7445858570058402
alg,ml-100k/u.data,2,317,56260,0.9786705517834353,1.0245598233335182,189,1890,1890,1.0,0.9451603011864504,0.7988694237797104,0.7988694237797086
