Algorithm,DataSet,Partition,BuildTime,TestTime,RMSE.ByUser,RMSE.ByRating,NUsers,NAttempted,NGood,Coverage,nDCG,MAE.ByUser,MAE.ByRating
alg,ml-100k/u.data,1,265,70879,0.9130718029483468,0.9485915272402123,189,1890,1890,1.0,0.9486238427687332,0.7493877158225517,0.7493877158225511
alg,ml-100k/u.data,4,278,71063,0.8474495354835242,0.885810337885472,188,1880,1880,1.0,0.954703040258513,0.6903584505747012,0.6903584505747011
alg,ml-100k/u.data,0,267,71464,0.9160784458003147,0.951776974843766,189,1890,1890,1.0,0.9489348851654952,0.7460192978425875,0.7460192978425871
alg,ml-100k/u.data,2,286,71499,0.9812974223197706,1.0271810239225514,189,1890,1890,1.0,0.9441088474903203,0.8016865702483238,0.8016865702483236
alg,ml-100k/u.data,3,287,71638,0.9034012699528297,0.9428189493553799,188,1880,1880,1.0,0.9510815816798767,0.7459219635320367,0.7459219635320365
