Algorithm,DataSet,Partition,BuildTime,TestTime,RMSE.ByUser,RMSE.ByRating,NUsers,NAttempted,NGood,Coverage,nDCG,MAE.ByUser,MAE.ByRating
alg,ml-100k/u.data,2,285,54839,0.980550386919863,1.0265381534166647,189,1890,1890,1.0,0.9445896603020635,0.8003530741433613,0.8003530741433611
alg,ml-100k/u.data,3,295,54912,0.9021462119252595,0.9415495875327579,188,1880,1880,1.0,0.9511774064743072,0.7446799154679105,0.7446799154679097
alg,ml-100k/u.data,0,289,54923,0.9162362757070693,0.9516522233086739,189,1890,1890,1.0,0.9488224232118793,0.7453168625803215,0.7453168625803225
alg,ml-100k/u.data,4,296,54949,0.8474461830460956,0.8858231514951561,188,1880,1880,1.0,0.9546475500351485,0.6903086910055247,0.6903086910055247
alg,ml-100k/u.data,1,285,55241,0.9137085874739039,0.9490871422253708,189,1890,1890,1.0,0.9493817235160208,0.7499897849556314,0.7499897849556317
