Algorithm,DataSet,Partition,BuildTime,TestTime,RMSE.ByUser,RMSE.ByRating,NUsers,NAttempted,NGood,Coverage,nDCG,MAE.ByUser,MAE.ByRating
alg,ml-100k/u.data,0,239,54333,0.9154764042984967,0.951071143137448,189,1890,1890,1.0,0.9489015163408141,0.7451710206377911,0.7451710206377918
alg,ml-100k/u.data,4,267,54702,0.84757476186857,0.8859882926571742,188,1880,1880,1.0,0.9544064212192018,0.6903580451352018,0.690358045135202
alg,ml-100k/u.data,1,257,54826,0.9132690442756136,0.9487938562147138,189,1890,1890,1.0,0.9487406381381831,0.7496179346108284,0.7496179346108288
alg,ml-100k/u.data,2,271,54866,0.9811600847700156,1.0270710035380541,189,1890,1890,1.0,0.9444794247243766,0.8011353965367991,0.8011353965367984
alg,ml-100k/u.data,3,270,55280,0.9026706673765358,0.9420177269907888,188,1880,1880,1.0,0.9507310258814543,0.7453304540151963,0.7453304540151969
