Algorithm,DataSet,Partition,BuildTime,TestTime,RMSE.ByUser,RMSE.ByRating,NUsers,NAttempted,NGood,Coverage,nDCG,MAE.ByUser,MAE.ByRating
alg,ml-100k/u.data,0,240,49235,0.915001613245683,0.9504564113308969,189,1890,1890,1.0,0.950541107261651,0.7427632887663156,0.7427632887663161
alg,ml-100k/u.data,3,243,49381,0.9013611923922571,0.9411174416076336,188,1880,1880,1.0,0.9511925832153943,0.7440978461710414,0.7440978461710405
alg,ml-100k/u.data,2,228,49661,0.9780855056411162,1.0239931548711625,189,1890,1890,1.0,0.9457441169741367,0.7983812930382782,0.7983812930382782
alg,ml-100k/u.data,4,242,50012,0.8469806902023039,0.8850535875434242,188,1880,1880,1.0,0.9534759300658974,0.6905663783980273,0.6905663783980273
alg,ml-100k/u.data,1,242,50160,0.9158256830422172,0.9515300168172175,189,1890,1890,1.0,0.9488906965223539,0.7524150358753421,0.7524150358753425
