Algorithm,DataSet,Partition,BuildTime,TestTime,RMSE.ByUser,RMSE.ByRating,NUsers,NAttempted,NGood,Coverage,nDCG,MAE.ByUser,MAE.ByRating
alg,ml-100k/u.data,3,266,68176,0.9016814899175878,0.9410873505252608,188,1880,1880,1.0,0.9511144740371932,0.7445304518684465,0.7445304518684462
alg,ml-100k/u.data,0,254,68197,0.9157781177994851,0.9511544095800305,189,1890,1890,1.0,0.9490562767943371,0.7448767818547553,0.7448767818547553
alg,ml-100k/u.data,1,261,68241,0.914320876267828,0.9498102937617531,189,1890,1890,1.0,0.9489397320816889,0.750798746867494,0.7507987468674939
alg,ml-100k/u.data,4,272,68263,0.8474150667277852,0.8856687079802152,188,1880,1880,1.0,0.9542373063531089,0.6903937963644023,0.6903937963644021
alg,ml-100k/u.data,2,271,68468,0.9805369489246664,1.0264411309874146,189,1890,1890,1.0,0.9443587221644423,0.8001941717156777,0.8001941717156783
