Algorithm,DataSet,Partition,BuildTime,TestTime,RMSE.ByUser,RMSE.ByRating,NUsers,NAttempted,NGood,Coverage,nDCG,MAE.ByUser,MAE.ByRating
alg,ml-100k/u.data,1,282,53449,0.9162790031764926,0.951939148199482,189,1890,1890,1.0,0.9488366707813708,0.7527359739693058,0.7527359739693057
alg,ml-100k/u.data,4,289,53582,0.8468002716462757,0.8846997144760801,188,1880,1880,1.0,0.9545289585256046,0.6907249858321775,0.6907249858321775
alg,ml-100k/u.data,0,284,53653,0.9140349701066758,0.9493323901058143,189,1890,1890,1.0,0.950747545867239,0.7417856387125374,0.7417856387125373
alg,ml-100k/u.data,2,261,53947,0.9776292482185704,1.0235728249664962,189,1890,1890,1.0,0.9460438515714676,0.7975225948901595,0.7975225948901589
alg,ml-100k/u.data,3,276,53945,0.9004375883795026,0.9400203853909395,188,1880,1880,1.0,0.9519150477039611,0.7430953534388574,0.7430953534388568
