Algorithm,DataSet,Partition,BuildTime,TestTime,RMSE.ByUser,RMSE.ByRating,NUsers,NAttempted,NGood,Coverage,nDCG,MAE.ByUser,MAE.ByRating
alg,ml-100k/u.data,2,313,59523,0.9783631919215162,1.024271426935034,189,1890,1890,1.0,0.9448409721233983,0.7988084313444757,0.7988084313444769
alg,ml-100k/u.data,0,315,59595,0.9151048380731176,0.9506299148597817,189,1890,1890,1.0,0.9500806549434234,0.7428133879433493,0.7428133879433487
alg,ml-100k/u.data,3,287,59636,0.9012028806857653,0.9409759854304219,188,1880,1880,1.0,0.9514963969328806,0.7441788210193917,0.7441788210193916
alg,ml-100k/u.data,1,331,59646,0.9159149418512413,0.9516241169371167,189,1890,1890,1.0,0.9490758668452438,0.7526348256462511,0.7526348256462507
alg,ml-100k/u.data,4,327,59740,0.8473754019251641,0.8854138683520507,188,1880,1880,1.0,0.9537288442589491,0.6907046367973968,0.6907046367973969
