Algorithm,DataSet,Partition,BuildTime,TestTime,RMSE.ByUser,RMSE.ByRating,NUsers,NAttempted,NGood,Coverage,nDCG,MAE.ByUser,MAE.ByRating
alg,ml-100k/u.data,2,268,70913,0.9816442686208072,1.027376818218974,189,1890,1890,1.0,0.9440515260482608,0.8018121227092124,0.8018121227092132
alg,ml-100k/u.data,0,239,70985,0.9172352772403626,0.9531995171335523,189,1890,1890,1.0,0.9487286904466079,0.7471724376629763,0.7471724376629767
alg,ml-100k/u.data,4,283,70951,0.8478588832567178,0.8863882933970099,188,1880,1880,1.0,0.9548326135781265,0.6910915806733007,0.6910915806733009
alg,ml-100k/u.data,1,264,70985,0.9132073138307718,0.9489183778614021,189,1890,1890,1.0,0.9489189727096694,0.7495798977299499,0.74957989772995
alg,ml-100k/u.data,3,258,71166,0.9044294326219691,0.9438770141240741,188,1880,1880,1.0,0.9510466309040109,0.7467228252194804,0.7467228252194812
