Algorithm,DataSet,Partition,BuildTime,TestTime,RMSE.ByUser,RMSE.ByRating,NUsers,NAttempted,NGood,Coverage,nDCG,MAE.ByUser,MAE.ByRating
alg,ml-100k/u.data,0,269,51731,0.9151312874737065,0.950567384314499,189,1890,1890,1.0,0.9500088067823061,0.744399547131307,0.7443995471313068
alg,ml-100k/u.data,2,249,51844,0.9801045147976807,1.0259235284999955,189,1890,1890,1.0,0.944678073276442,0.7998770894818801,0.7998770894818804
alg,ml-100k/u.data,3,265,51852,0.9019751904697885,0.9413757908989049,188,1880,1880,1.0,0.9507251538141774,0.7444781912183478,0.7444781912183476
alg,ml-100k/u.data,1,268,51876,0.9146334410490747,0.9501095258174134,189,1890,1890,1.0,0.9485946290913487,0.7511309645644765,0.7511309645644761
alg,ml-100k/u.data,4,273,52243,0.8472968671283401,0.8855186969985662,188,1880,1880,1.0,0.9538813433609548,0.6904821144480172,0.6904821144480172
