Algorithm,DataSet,Partition,BuildTime,TestTime,RMSE.ByUser,RMSE.ByRating,NUsers,NAttempted,NGood,Coverage,nDCG,MAE.ByUser,MAE.ByRating
alg,ml-100k/u.data,2,303,58078,0.9792683852946671,1.0251762461206035,189,1890,1890,1.0,0.9441304857323842,0.7994074704838787,0.7994074704838795
alg,ml-100k/u.data,3,297,58311,0.9023305717206267,0.9419343783847037,188,1880,1880,1.0,0.9510301288992831,0.7448406153592941,0.7448406153592941
alg,ml-100k/u.data,4,287,58366,0.8469943034042232,0.8851460511534904,188,1880,1880,1.0,0.95369106243142,0.6900540681149256,0.6900540681149254
alg,ml-100k/u.data,1,293,58759,0.915076682342232,0.9505950708553242,189,1890,1890,1.0,0.9491470487737457,0.7514429101775497,0.7514429101775495
alg,ml-100k/u.data,0,300,58786,0.914860516103683,0.9502783549803377,189,1890,1890,1.0,0.9500364791233356,0.7435435076853046,0.7435435076853044
