Algorithm,DataSet,Partition,BuildTime,TestTime,RMSE.ByUser,RMSE.ByRating,NUsers,NAttempted,NGood,Coverage,nDCG,MAE.ByUser,MAE.ByRating
alg,ml-100k/u.data,3,287,55431,0.9038192700114996,0.9431757589957639,188,1880,1880,1.0,0.9512614540453842,0.7463138441772336,0.7463138441772335
alg,ml-100k/u.data,1,284,55477,0.9130045041454299,0.9486356128447243,189,1890,1890,1.0,0.9488840268066497,0.7493180058198099,0.7493180058198102
alg,ml-100k/u.data,2,280,55642,0.9818032956512828,1.0275839276196574,189,1890,1890,1.0,0.9439681970309095,0.8019408803125756,0.8019408803125762
alg,ml-100k/u.data,0,277,56078,0.9163604562801335,0.9522784930544926,189,1890,1890,1.0,0.94859059267182,0.7461652895796219,0.7461652895796216
alg,ml-100k/u.data,4,299,56102,0.847558505537001,0.8859826444837605,188,1880,1880,1.0,0.9544325411003988,0.690474830873212,0.6904748308732119
