Algorithm,DataSet,Partition,BuildTime,TestTime,RMSE.ByUser,RMSE.ByRating,NUsers,NAttempted,NGood,Coverage,nDCG,MAE.ByUser,MAE.ByRating
alg,ml-100k/u.data,0,405,54861,0.9149278665636337,0.9504072382873591,189,1890,1890,1.0,0.9503005184938444,0.7427463262900397,0.7427463262900397
alg,ml-100k/u.data,2,414,54978,0.9777636492162308,1.0236659593987234,189,1890,1890,1.0,0.9460854929978308,0.7978531356315777,0.7978531356315778
alg,ml-100k/u.data,1,422,54987,0.9160119013758038,0.9517423691855611,189,1890,1890,1.0,0.9491059068988172,0.7525093716764593,0.752509371676459
alg,ml-100k/u.data,3,431,55007,0.9011667159589483,0.9408429459100525,188,1880,1880,1.0,0.9515350150009325,0.7438290454524895,0.7438290454524892
alg,ml-100k/u.data,4,419,55310,0.8467938762687093,0.8848449363157451,188,1880,1880,1.0,0.953395142244072,0.6903962541781855,0.6903962541781851
