Algorithm,DataSet,Partition,BuildTime,TestTime,RMSE.ByUser,RMSE.ByRating,NUsers,NAttempted,NGood,Coverage,nDCG,MAE.ByUser,MAE.ByRating
alg,ml-100k/u.data,0,231,48718,0.9150723656326836,0.9505194856428235,189,1890,1890,1.0,0.9505815744784017,0.743035815800572,0.7430358158005715
alg,ml-100k/u.data,2,247,48865,0.9782940670375126,1.0242228637862507,189,1890,1890,1.0,0.9459536344777945,0.7986822685417834,0.7986822685417834
alg,ml-100k/u.data,1,233,49152,0.9162792994180643,0.9519683237773947,189,1890,1890,1.0,0.9488999381328768,0.7528331468056922,0.7528331468056922
alg,ml-100k/u.data,4,239,49190,0.8471252326672942,0.8851830044734281,188,1880,1880,1.0,0.9535290376830095,0.6907352216972527,0.6907352216972528
alg,ml-100k/u.data,3,238,49209,0.9013717746071251,0.941179752697616,188,1880,1880,1.0,0.9510321255209789,0.7440840392398743,0.7440840392398744
