alpha,RMSE.ByUser,RMSE.ByRating,MAE.ByUser,MAE.ByRating
1.0,0.907971918149,0.947159104842,0.74183921389,0.74183921389
2.0,0.906353505359,0.94549773306,0.739696326324,0.739696326324
3.0,0.90674601596,0.945882143298,0.739522151305,0.739522151305
4.0,0.907415427602,0.946473819093,0.739671985818,0.739671985818
5.0,0.908243716413,0.94724944454,0.740150454162,0.740150454162
6.0,0.908779046465,0.947779548741,0.740287697726,0.740287697726
7.0,0.909582375833,0.948553346697,0.740735778648,0.740735778648
