alpha,RMSE.ByUser,RMSE.ByRating,MAE.ByUser,MAE.ByRating
1.0,0.908477360956,0.947543320355,0.742533777344,0.742533777344
2.0,0.906390527037,0.945507189838,0.739875594072,0.739875594072
3.0,0.906411770358,0.945300665333,0.739588791387,0.739588791387
4.0,0.907041857518,0.945894494408,0.739620639758,0.739620639758
5.0,0.907590721723,0.946292200263,0.74005001214,0.74005001214
6.0,0.908311800888,0.946942780117,0.740454668171,0.740454668171
7.0,0.908868528104,0.947524711082,0.740654774181,0.740654774181
