alpha,RMSE.ByUser,RMSE.ByRating,MAE.ByUser,MAE.ByRating
1.0,0.909485533647,0.948565372783,0.743718782174,0.743718782174
2.0,0.907557255089,0.946592047631,0.741491221439,0.741491221439
3.0,0.906909624071,0.945873718024,0.740363354038,0.740363354038
4.0,0.907046557686,0.946023667571,0.740120643678,0.740120643678
5.0,0.906754906078,0.945657610466,0.739630661691,0.739630661691
6.0,0.906999279916,0.945827597009,0.739702199973,0.739702199973
7.0,0.90916774115,0.949124929303,0.737737434712,0.737737434712
