alpha,RMSE.ByUser,RMSE.ByRating,MAE.ByUser,MAE.ByRating
1.0,0.909720999963,0.948683246802,0.743982999395,0.743982999395
2.0,0.907957453928,0.946963347484,0.742013813955,0.742013813955
3.0,0.907502787047,0.946475380875,0.741088204095,0.741088204095
4.0,0.907256679531,0.946191609539,0.740500836132,0.740500836132
5.0,0.907057194673,0.945990259091,0.740154752439,0.740154752439
6.0,0.906692414737,0.945582064249,0.739616131065,0.739616131065
