alpha,RMSE.ByUser,RMSE.ByRating,MAE.ByUser,MAE.ByRating
1.0,0.908983498219,0.94803795352,0.743229219005,0.743229219005
2.0,0.907094933996,0.946153207477,0.740790566872,0.740790566872
3.0,0.9067231304,0.945744930733,0.739978507781,0.739978507781
4.0,0.906737019714,0.945739066547,0.739606529862,0.739606529862
5.0,0.907095919479,0.945927944376,0.739538130019,0.739538130019
6.0,0.907255935828,0.946082450052,0.739716300979,0.739716300979
7.0,0.907560699546,0.946399001149,0.739945549411,0.739945549411
