Algorithm,DataSet,Partition,BuildTime,TestTime,RMSE.ByUser,RMSE.ByRating,NUsers,NAttempted,NGood,Coverage,nDCG,MAE.ByUser,MAE.ByRating
alg,ml-100k/u.data,1,214,80430,0.9087301765466981,0.9444419211940561,189,1890,1890,1.0,0.9488603501399506,0.7457218455482517,0.745721845548252
alg,ml-100k/u.data,2,237,80435,0.9759039224836648,1.021141243378989,189,1890,1890,1.0,0.9447554280683527,0.7940301867601013,0.7940301867601017
alg,ml-100k/u.data,0,236,80607,0.906516262414762,0.9426265188167862,189,1890,1890,1.0,0.9519090543115389,0.7342571919903199,0.7342571919903197
alg,ml-100k/u.data,3,238,80647,0.8995433632070287,0.9383334900218845,188,1880,1880,1.0,0.9515028945518856,0.7400379438036475,0.740037943803648
alg,ml-100k/u.data,4,235,80737,0.8455859544866221,0.8838690768506905,188,1880,1880,1.0,0.9555614025895216,0.6845343367905139,0.6845343367905135
