Algorithm,DataSet,Partition,BuildTime,TestTime,RMSE.ByUser,RMSE.ByRating,NUsers,NAttempted,NGood,Coverage,nDCG,MAE.ByUser,MAE.ByRating
alg,ml-100k/u.data,1,358,71892,0.9101422926882199,0.945588706186292,189,1890,1890,1.0,0.9484317647893338,0.747085942369546,0.7470859423695458
alg,ml-100k/u.data,2,361,72001,0.9783353398095794,1.0241729510948394,189,1890,1890,1.0,0.9444860752393529,0.7983905796551004,0.7983905796551001
alg,ml-100k/u.data,3,377,72130,0.9011537281597931,0.9407489037739907,188,1880,1880,1.0,0.9510769594162714,0.7438005910327686,0.743800591032768
alg,ml-100k/u.data,0,344,72181,0.9115023904828211,0.9473198271167317,189,1890,1890,1.0,0.9493242941963661,0.7413578454665438,0.7413578454665437
alg,ml-100k/u.data,4,386,72187,0.8462939170953595,0.8849964757424061,188,1880,1880,1.0,0.9544820359592465,0.6879589523477053,0.6879589523477055
