Algorithm,DataSet,Partition,BuildTime,TestTime,RMSE.ByUser,RMSE.ByRating,NUsers,NAttempted,NGood,Coverage,nDCG,MAE.ByUser,MAE.ByRating
alg,ml-100k/u.data,1,359,74717,0.9098360886889058,0.945095514809848,189,1890,1890,1.0,0.9484323682936388,0.7467604754744024,0.7467604754744027
alg,ml-100k/u.data,3,373,74877,0.9007983295720843,0.9402427674082656,188,1880,1880,1.0,0.9509765746126654,0.7435951489115591,0.7435951489115585
alg,ml-100k/u.data,0,357,75047,0.9121879429679851,0.9479248393609673,189,1890,1890,1.0,0.9497923872739756,0.7419519721458918,0.7419519721458919
alg,ml-100k/u.data,2,369,75161,0.9788841510494881,1.0245466664134606,189,1890,1890,1.0,0.9439910323430608,0.7988432103102457,0.7988432103102462
alg,ml-100k/u.data,4,374,75206,0.8468984875384105,0.8856064460152964,188,1880,1880,1.0,0.9540939128814302,0.6887641901338794,0.6887641901338795
