Algorithm,DataSet,Partition,BuildTime,TestTime,RMSE.ByUser,RMSE.ByRating,NUsers,NAttempted,NGood,Coverage,nDCG,MAE.ByUser,MAE.ByRating
alg,ml-100k/u.data,0,261,102518,0.906486417232894,0.9424830318949075,189,1890,1890,1.0,0.9521916436775637,0.7353505416119731,0.7353505416119734
alg,ml-100k/u.data,4,295,102584,0.8434986562688699,0.8825773160947612,188,1880,1880,1.0,0.9557987360093655,0.6842042253015747,0.6842042253015748
alg,ml-100k/u.data,1,280,102615,0.9076179403943553,0.9432209252132983,189,1890,1890,1.0,0.9495180685183352,0.7445278398228725,0.7445278398228719
alg,ml-100k/u.data,3,284,102715,0.8992554972756744,0.9387397063843648,188,1880,1880,1.0,0.9521636291688278,0.7410781829911549,0.7410781829911544
alg,ml-100k/u.data,2,275,102764,0.9750941240125611,1.0205149696005316,189,1890,1890,1.0,0.9456176647657347,0.7942171806334991,0.7942171806334992
