Algorithm,DataSet,Partition,BuildTime,TestTime,RMSE.ByUser,RMSE.ByRating,NUsers,NAttempted,NGood,Coverage,nDCG,MAE.ByUser,MAE.ByRating
alg,ml-100k/u.data,1,301,71820,0.908695788311545,0.9440225985509193,189,1890,1890,1.0,0.9486380971593424,0.7458766239508638,0.7458766239508642
alg,ml-100k/u.data,4,315,72245,0.845533825608305,0.8845493554137757,188,1880,1880,1.0,0.9536446764936758,0.6868934874805478,0.686893487480548
alg,ml-100k/u.data,3,315,72400,0.9004520612433491,0.9398606392538564,188,1880,1880,1.0,0.9514721952880374,0.742549588224831,0.7425495882248309
alg,ml-100k/u.data,2,315,72495,0.9774168649281483,1.023090382895005,189,1890,1890,1.0,0.9440665216262724,0.7974400279393858,0.7974400279393857
alg,ml-100k/u.data,0,306,73530,0.9102882646885779,0.946193625659883,189,1890,1890,1.0,0.9500524228399896,0.739909159125048,0.7399091591250476
