Algorithm,DataSet,Partition,BuildTime,TestTime,RMSE.ByUser,RMSE.ByRating,NUsers,NAttempted,NGood,Coverage,nDCG,MAE.ByUser,MAE.ByRating
alg,ml-100k/u.data,3,234,75954,0.902174298787019,0.9415027334899857,188,1880,1880,1.0,0.9520591066184982,0.7412923037386091,0.7412923037386094
alg,ml-100k/u.data,1,231,76007,0.9104447072152703,0.9458341593096012,189,1890,1890,1.0,0.9491766720042133,0.7472459473356927,0.7472459473356919
alg,ml-100k/u.data,0,215,76063,0.9063643798062129,0.9422278348078197,189,1890,1890,1.0,0.9524145689486866,0.7341716136448853,0.7341716136448855
alg,ml-100k/u.data,2,219,76111,0.9756909181617831,1.020244537411325,189,1890,1890,1.0,0.9454850496098431,0.7941659505276286,0.794165950527629
alg,ml-100k/u.data,4,244,76332,0.8468847004677846,0.8849046355660264,188,1880,1880,1.0,0.9567080009598669,0.6853975256068318,0.6853975256068319
