Algorithm,DataSet,Partition,BuildTime,TestTime,RMSE.ByUser,RMSE.ByRating,NUsers,NAttempted,NGood,Coverage,nDCG,MAE.ByUser,MAE.ByRating
alg,ml-100k/u.data,3,256,65777,0.8988774733359622,0.9377979614227704,188,1880,1880,1.0,0.9518994403685562,0.7394487892050662,0.7394487892050658
alg,ml-100k/u.data,4,262,65895,0.845715773987114,0.8839508427383838,188,1880,1880,1.0,0.9558438736223672,0.6846034971803977,0.6846034971803978
alg,ml-100k/u.data,1,250,65946,0.9088861298385297,0.9446135320017142,189,1890,1890,1.0,0.9488314996216443,0.7458032216042263,0.7458032216042269
alg,ml-100k/u.data,2,234,66041,0.975646326445698,1.0208410606171892,189,1890,1890,1.0,0.944631091994377,0.7941122129173681,0.7941122129173686
alg,ml-100k/u.data,0,239,66064,0.9063538937880165,0.9424363250984628,189,1890,1890,1.0,0.9515920782162262,0.7337229291881265,0.7337229291881268
