Algorithm,DataSet,Partition,BuildTime,TestTime,RMSE.ByUser,RMSE.ByRating,NUsers,NAttempted,NGood,Coverage,nDCG,MAE.ByUser,MAE.ByRating
alg,ml-100k/u.data,1,293,97327,0.9083646261546744,0.9440403523169665,189,1890,1890,1.0,0.94962191528592,0.7458530252989211,0.7458530252989211
alg,ml-100k/u.data,3,337,97475,0.8997851516933986,0.9391629178414284,188,1880,1880,1.0,0.9518703178167202,0.7410470888450982,0.7410470888450976
alg,ml-100k/u.data,0,298,97689,0.9057843045970848,0.9420083809061008,189,1890,1890,1.0,0.9525014012538834,0.7346323923494937,0.7346323923494941
alg,ml-100k/u.data,4,300,97854,0.844626858112999,0.8837774160619084,188,1880,1880,1.0,0.9563421780967968,0.6841260872388888,0.6841260872388887
alg,ml-100k/u.data,2,309,97973,0.9732065862358091,1.0184995981738496,189,1890,1890,1.0,0.9462085646640711,0.7928230378877992,0.7928230378877993
