Algorithm,DataSet,Partition,BuildTime,TestTime,RMSE.ByUser,RMSE.ByRating,NUsers,NAttempted,NGood,Coverage,nDCG,MAE.ByUser,MAE.ByRating
alg,ml-100k/u.data,0,244,73382,0.9073961329754142,0.9435698883128815,189,1890,1890,1.0,0.9524542059789454,0.7360115367024894,0.736011536702489
alg,ml-100k/u.data,2,259,73428,0.9748822764868236,1.0204392724481761,189,1890,1890,1.0,0.9452593479532283,0.7944415723129039,0.7944415723129038
alg,ml-100k/u.data,1,260,73532,0.9074603566887953,0.9429202908682712,189,1890,1890,1.0,0.9490164863702902,0.7443159972638098,0.7443159972638099
alg,ml-100k/u.data,4,281,73573,0.845060328306255,0.8837313125483407,188,1880,1880,1.0,0.9554076485171062,0.6856525051391127,0.6856525051391131
alg,ml-100k/u.data,3,266,73718,0.8997490258986072,0.9387078259400035,188,1880,1880,1.0,0.9518270724800946,0.7413951587716316,0.7413951587716315
