Algorithm,DataSet,Partition,BuildTime,TestTime,RMSE.ByUser,RMSE.ByRating,NUsers,NAttempted,NGood,Coverage,nDCG,MAE.ByUser,MAE.ByRating
alg,ml-100k/u.data,0,195,74311,0.9084617079006986,0.9446240719056348,189,1890,1890,1.0,0.9509032584735565,0.7360140009010276,0.7360140009010278
alg,ml-100k/u.data,1,245,74352,0.9073434195832996,0.9426001428336721,189,1890,1890,1.0,0.9497406008872008,0.744193468786637,0.7441934687866372
alg,ml-100k/u.data,3,242,74534,0.8991173902893098,0.9379655670772236,188,1880,1880,1.0,0.9513141575378424,0.740416045325101,0.7404160453251024
alg,ml-100k/u.data,2,209,74892,0.9751513115690995,1.0209978280361702,189,1890,1890,1.0,0.9458542851562605,0.7944182890450314,0.7944182890450311
alg,ml-100k/u.data,4,246,74924,0.8452121440218061,0.8837636856003263,188,1880,1880,1.0,0.9557155114170623,0.6857319581389607,0.6857319581389606
