Algorithm,DataSet,Partition,BuildTime,TestTime,RMSE.ByUser,RMSE.ByRating,NUsers,NAttempted,NGood,Coverage,nDCG,MAE.ByUser,MAE.ByRating
alg,ml-100k/u.data,1,280,69873,0.9077673247178717,0.9433147850592107,189,1890,1890,1.0,0.9497740698670735,0.7443906507891652,0.7443906507891649
alg,ml-100k/u.data,3,268,69982,0.89946228386337,0.9388258317101926,188,1880,1880,1.0,0.9520968631252215,0.7409070541550561,0.7409070541550553
alg,ml-100k/u.data,2,263,70033,0.9746125495426419,1.0196195502119147,189,1890,1890,1.0,0.9458456601757755,0.7939475461794334,0.7939475461794337
alg,ml-100k/u.data,4,289,70359,0.8447210410511362,0.8833906032037043,188,1880,1880,1.0,0.9551242204288051,0.6848277159464999,0.6848277159465005
alg,ml-100k/u.data,0,262,71303,0.9054956526130458,0.9413525564808851,189,1890,1890,1.0,0.9518001603649469,0.7338709898658541,0.7338709898658535
