Algorithm,DataSet,Partition,BuildTime,TestTime,RMSE.ByUser,RMSE.ByRating,NUsers,NAttempted,NGood,Coverage,nDCG,MAE.ByUser,MAE.ByRating
alg,ml-100k/u.data,1,233,67874,0.9084932263960505,0.9440097356785146,189,1890,1890,1.0,0.9490640823188583,0.7458547825253791,0.745854782525379
alg,ml-100k/u.data,0,251,68072,0.9087317926452538,0.9448668581934762,189,1890,1890,1.0,0.9513266371243149,0.7377347569809397,0.7377347569809398
alg,ml-100k/u.data,3,272,68169,0.8999785940689273,0.93924975966573,188,1880,1880,1.0,0.9509285487150007,0.7422467864813581,0.7422467864813581
alg,ml-100k/u.data,2,241,68320,0.9757113203197689,1.0212093616744418,189,1890,1890,1.0,0.9442659911268145,0.7955858030740216,0.795585803074021
alg,ml-100k/u.data,4,265,68397,0.844871342013746,0.8836245229411036,188,1880,1880,1.0,0.9554578282734465,0.6860339781349721,0.6860339781349721
