Algorithm,DataSet,Partition,BuildTime,TestTime,RMSE.ByUser,RMSE.ByRating,NUsers,NAttempted,NGood,Coverage,nDCG,MAE.ByUser,MAE.ByRating
alg,ml-100k/u.data,2,257,66724,0.9749150408561172,1.0202861859366334,189,1890,1890,1.0,0.9450299138462768,0.7939763085916038,0.7939763085916036
alg,ml-100k/u.data,1,264,66749,0.9083213931208927,0.943874271011412,189,1890,1890,1.0,0.9492073838103339,0.745003786481228,0.7450037864812277
alg,ml-100k/u.data,4,262,66821,0.8448333771139285,0.8833959794594245,188,1880,1880,1.0,0.9555279200757593,0.6846986787088658,0.6846986787088661
alg,ml-100k/u.data,0,266,66897,0.9070325438653775,0.9432404798783951,189,1890,1890,1.0,0.9516246530143692,0.7344890405494001,0.7344890405493999
alg,ml-100k/u.data,3,268,67082,0.8986721754318744,0.9374911360441377,188,1880,1880,1.0,0.951864436249057,0.7399854941257251,0.7399854941257247
