Algorithm,DataSet,Partition,BuildTime,TestTime,RMSE.ByUser,RMSE.ByRating,NUsers,NAttempted,NGood,Coverage,nDCG,MAE.ByUser,MAE.ByRating
alg,ml-100k/u.data,1,257,72602,0.9092321899270887,0.9448961663718497,189,1890,1890,1.0,0.9495722721378699,0.7460324402826731,0.746032440282673
alg,ml-100k/u.data,4,263,73182,0.8456991056124845,0.884483394166644,188,1880,1880,1.0,0.9569430367908605,0.6841725864519859,0.6841725864519861
alg,ml-100k/u.data,3,252,73320,0.8999519494743098,0.9392036073156549,188,1880,1880,1.0,0.9527164243652284,0.7398145020929885,0.739814502092989
alg,ml-100k/u.data,2,277,73405,0.9738873966385106,1.0192901053639438,189,1890,1890,1.0,0.9463306137348557,0.7934495064744937,0.7934495064744942
alg,ml-100k/u.data,0,260,73443,0.9049594381480175,0.9415374432697527,189,1890,1890,1.0,0.9527774059484215,0.7341417212221858,0.7341417212221854
