Algorithm,DataSet,Partition,BuildTime,TestTime,RMSE.ByUser,RMSE.ByRating,NUsers,NAttempted,NGood,Coverage,nDCG,MAE.ByUser,MAE.ByRating
alg,ml-100k/u.data,0,239,66383,0.9067137988374534,0.9428982383346532,189,1890,1890,1.0,0.9538794790270124,0.7338282984315426,0.7338282984315424
alg,ml-100k/u.data,3,229,66859,0.9023555925680021,0.9417721312223681,188,1880,1880,1.0,0.9515819982928418,0.7407473967238248,0.7407473967238248
alg,ml-100k/u.data,2,218,67066,0.9757705847962502,1.0202877912667223,189,1890,1890,1.0,0.9434074351670978,0.7937537836541254,0.7937537836541251
alg,ml-100k/u.data,4,257,67140,0.8486284799361775,0.8871950965153134,188,1880,1880,1.0,0.956400615800585,0.6849107465493104,0.6849107465493102
alg,ml-100k/u.data,1,232,67273,0.9144434230269212,0.9506134761451304,189,1890,1890,1.0,0.948073652360375,0.7504386678788055,0.7504386678788046
