Algorithm,DataSet,Partition,BuildTime,TestTime,RMSE.ByUser,RMSE.ByRating,NUsers,NAttempted,NGood,Coverage,nDCG,MAE.ByUser,MAE.ByRating
alg,ml-100k/u.data,3,238,94668,0.8986485531407846,0.937401554940646,188,1880,1880,1.0,0.9513303311646601,0.7400031611697987,0.7400031611697991
alg,ml-100k/u.data,1,242,94677,0.9077770522057165,0.9433193784037253,189,1890,1890,1.0,0.9495624962475289,0.7442521231882855,0.7442521231882863
alg,ml-100k/u.data,2,247,94714,0.9746900607378652,1.0203899642212493,189,1890,1890,1.0,0.9453299693828976,0.7938123049675148,0.7938123049675154
alg,ml-100k/u.data,0,239,94724,0.9078485086078699,0.9438976506266232,189,1890,1890,1.0,0.9516254821460639,0.7353483684445213,0.7353483684445217
alg,ml-100k/u.data,4,268,94875,0.8444978989920892,0.882901773054131,188,1880,1880,1.0,0.9557067095472387,0.6846646975561302,0.6846646975561308
