Algorithm,DataSet,Partition,BuildTime,TestTime,RMSE.ByUser,RMSE.ByRating,NUsers,NAttempted,NGood,Coverage,nDCG,MAE.ByUser,MAE.ByRating
alg,ml-100k/u.data,3,234,66326,0.9004067124657679,0.939477313399617,188,1880,1880,1.0,0.9525064456548272,0.7405006686840863,0.7405006686840864
alg,ml-100k/u.data,2,230,66357,0.9753489257539499,1.020168283021737,189,1890,1890,1.0,0.9455798540905651,0.7942443674597401,0.7942443674597397
alg,ml-100k/u.data,0,248,66691,0.9061133028655906,0.9421184522508737,189,1890,1890,1.0,0.9523016209058247,0.7339043176209599,0.7339043176209596
alg,ml-100k/u.data,1,228,66745,0.9093204800451591,0.9448258646970338,189,1890,1890,1.0,0.9501383045726559,0.7461022699900735,0.7461022699900731
alg,ml-100k/u.data,4,253,66949,0.8467641874839524,0.8848710879479491,188,1880,1880,1.0,0.9556264268282448,0.6854984369446265,0.6854984369446266
