Algorithm,DataSet,Partition,BuildTime,TestTime,RMSE.ByUser,RMSE.ByRating,NUsers,NAttempted,NGood,Coverage,nDCG,MAE.ByUser,MAE.ByRating
alg,ml-100k/u.data,4,277,82748,0.8471609955223306,0.8857050054404282,188,1880,1880,1.0,0.9569115230562688,0.684396991553021,0.6843969915530206
alg,ml-100k/u.data,1,228,82823,0.911984394328404,0.9478816515106744,189,1890,1890,1.0,0.9494340028320395,0.7488864347364191,0.7488864347364199
alg,ml-100k/u.data,0,249,83005,0.9062818262214227,0.9426274641095677,189,1890,1890,1.0,0.9525484736892281,0.7345063211518147,0.7345063211518148
alg,ml-100k/u.data,2,229,83029,0.9745187331945565,1.0195215656220629,189,1890,1890,1.0,0.9448155308824784,0.793092838364695,0.7930928383646944
alg,ml-100k/u.data,3,228,83131,0.9012726327998297,0.9405115360188551,188,1880,1880,1.0,0.9516102569603679,0.7398696850038817,0.7398696850038814
