Algorithm,DataSet,Partition,BuildTime,TestTime,RMSE.ByUser,RMSE.ByRating,NUsers,NAttempted,NGood,Coverage,nDCG,MAE.ByUser,MAE.ByRating
alg,ml-100k/u.data,1,304,70536,0.9071290352666809,0.9427304473584802,189,1890,1890,1.0,0.9495613322179408,0.7440418153439848,0.7440418153439852
alg,ml-100k/u.data,3,315,70830,0.8995110462859628,0.9386795486312445,188,1880,1880,1.0,0.9518801221693222,0.7419372122613936,0.741937212261394
alg,ml-100k/u.data,2,298,70920,0.9756006241197844,1.021086856826764,189,1890,1890,1.0,0.9435706417471836,0.7952346930818691,0.7952346930818691
alg,ml-100k/u.data,4,299,70982,0.8445666411736011,0.8834964934863656,188,1880,1880,1.0,0.9544914422626467,0.6853773461187904,0.6853773461187904
alg,ml-100k/u.data,0,291,71002,0.9086673231346618,0.9447726910798042,189,1890,1890,1.0,0.9515649577518304,0.7373617675559914,0.7373617675559914
