Algorithm,DataSet,Partition,BuildTime,TestTime,RMSE.ByUser,RMSE.ByRating,NUsers,NAttempted,NGood,Coverage,nDCG,MAE.ByUser,MAE.ByRating
alg,ml-100k/u.data,1,244,91152,0.9086307210366742,0.9440741293975847,189,1890,1890,1.0,0.9492835603420066,0.7452178596382049,0.7452178596382054
alg,ml-100k/u.data,4,238,91617,0.845462287326686,0.8837536433008821,188,1880,1880,1.0,0.9552549965866826,0.6851086001486736,0.685108600148674
alg,ml-100k/u.data,0,221,91644,0.907087429626429,0.9433820495070601,189,1890,1890,1.0,0.9520235196655079,0.7344276343543522,0.7344276343543521
alg,ml-100k/u.data,3,252,91702,0.8984486860201707,0.9374052120325035,188,1880,1880,1.0,0.9522987872029653,0.7396849940656388,0.739684994065638
alg,ml-100k/u.data,2,246,91809,0.9753672755690972,1.020522950807519,189,1890,1890,1.0,0.9453225593004313,0.7940719116602017,0.7940719116602017
