Algorithm,DataSet,Partition,BuildTime,TestTime,RMSE.ByUser,RMSE.ByRating,NUsers,NAttempted,NGood,Coverage,nDCG,MAE.ByUser,MAE.ByRating
alg,ml-100k/u.data,0,230,65832,0.9074723866307384,0.943313610358192,189,1890,1890,1.0,0.9528706059528549,0.7347792851769771,0.7347792851769772
alg,ml-100k/u.data,2,232,65978,0.9763931697541597,1.0210818856329318,189,1890,1890,1.0,0.945546223431918,0.7945407922029424,0.7945407922029425
alg,ml-100k/u.data,4,238,66040,0.8466378626315288,0.8845579673784314,188,1880,1880,1.0,0.9561269091948502,0.6849663762665649,0.6849663762665649
alg,ml-100k/u.data,3,236,66068,0.9023319794500057,0.9414376937822294,188,1880,1880,1.0,0.9521506848756304,0.7409953356032353,0.7409953356032348
alg,ml-100k/u.data,1,230,67153,0.9115072420536346,0.9472323982562446,189,1890,1890,1.0,0.9490533239465767,0.7479920816558742,0.7479920816558742
