Algorithm,DataSet,Partition,BuildTime,TestTime,RMSE.ByUser,RMSE.ByRating,NUsers,NAttempted,NGood,Coverage,nDCG,MAE.ByUser,MAE.ByRating
alg,ml-100k/u.data,4,234,92331,0.8452454286201032,0.8840113434412314,188,1880,1880,1.0,0.9553500144374588,0.685282344458657,0.6852823444586565
alg,ml-100k/u.data,0,242,92366,0.9076097679348296,0.9437423494202682,189,1890,1890,1.0,0.9526671917749043,0.7356205999746227,0.7356205999746226
alg,ml-100k/u.data,1,246,92366,0.9082029950225892,0.9436170347322563,189,1890,1890,1.0,0.9486304490879961,0.7449335098177625,0.7449335098177629
alg,ml-100k/u.data,2,242,92388,0.9748878037524848,1.0204870952883833,189,1890,1890,1.0,0.9451430441896497,0.7938624960428134,0.7938624960428142
alg,ml-100k/u.data,3,259,92473,0.8992867931023965,0.9382605149706537,188,1880,1880,1.0,0.9514764671013957,0.740904268096157,0.740904268096157
