Algorithm,DataSet,Partition,BuildTime,TestTime,RMSE.ByUser,RMSE.ByRating,NUsers,NAttempted,NGood,Coverage,nDCG,MAE.ByUser,MAE.ByRating
alg,ml-100k/u.data,1,200,71811,0.9078787212644768,0.943397320983758,189,1890,1890,1.0,0.9495825357912194,0.7442945967954584,0.7442945967954582
alg,ml-100k/u.data,0,206,71826,0.9074105493258566,0.9435033551368572,189,1890,1890,1.0,0.9521009433589359,0.7356299245913221,0.735629924591322
alg,ml-100k/u.data,4,232,71835,0.8447807886485859,0.8836866008284398,188,1880,1880,1.0,0.954801521566335,0.6852946390281596,0.6852946390281599
alg,ml-100k/u.data,2,221,71901,0.9745869170904681,1.0201381061234012,189,1890,1890,1.0,0.9450622839402876,0.7935610459274269,0.7935610459274269
alg,ml-100k/u.data,3,232,71951,0.8989586756727189,0.9379992705942143,188,1880,1880,1.0,0.9519386285461978,0.7411123325606225,0.7411123325606224
