Algorithm,DataSet,Partition,BuildTime,TestTime,RMSE.ByUser,RMSE.ByRating,NUsers,NAttempted,NGood,Coverage,nDCG,MAE.ByUser,MAE.ByRating
alg,ml-100k/u.data,4,257,60461,0.8448702299749793,0.8831210399486249,188,1880,1880,1.0,0.9553834207993803,0.6844303740030925,0.6844303740030924
alg,ml-100k/u.data,2,250,60725,0.9754298852071184,1.0208258208799705,189,1890,1890,1.0,0.9455201231441472,0.7941894321581795,0.7941894321581802
alg,ml-100k/u.data,0,251,60860,0.9072031082689744,0.9434279270805994,189,1890,1890,1.0,0.9522256463755722,0.7345924979746102,0.73459249797461
