Algorithm,DataSet,Partition,BuildTime,TestTime,RMSE.ByUser,RMSE.ByRating,NUsers,NAttempted,NGood,Coverage,nDCG,MAE.ByUser,MAE.ByRating
alg,ml-100k/u.data,1,221,84205,0.9077290273799357,0.9431728334667582,189,1890,1890,1.0,0.9492074272447192,0.7446907347359871,0.7446907347359872
alg,ml-100k/u.data,0,220,84350,0.908838303876995,0.9450374238301396,189,1890,1890,1.0,0.9516478798915341,0.7370198228871336,0.7370198228871326
alg,ml-100k/u.data,3,237,84527,0.8995681731773009,0.9383223089961797,188,1880,1880,1.0,0.9516206220154113,0.7407477540231754,0.740747754023175
alg,ml-100k/u.data,4,253,84597,0.8452295913028582,0.8835421107668859,188,1880,1880,1.0,0.9560857177666111,0.6857700318044793,0.6857700318044792
alg,ml-100k/u.data,2,228,84645,0.9749183019154777,1.020883370637085,189,1890,1890,1.0,0.9457386152156582,0.794275837209002,0.7942758372090021
