Algorithm,DataSet,Partition,BuildTime,TestTime,RMSE.ByUser,RMSE.ByRating,NUsers,NAttempted,NGood,Coverage,nDCG,MAE.ByUser,MAE.ByRating
alg,ml-100k/u.data,1,230,65952,0.9104907402801365,0.946820251307741,189,1890,1890,1.0,0.9479424688600331,0.7472975838719378,0.7472975838719376
alg,ml-100k/u.data,4,234,65973,0.8454183027131617,0.8834688488905673,188,1880,1880,1.0,0.9555063872769776,0.6842846941892564,0.6842846941892565
alg,ml-100k/u.data,0,218,66391,0.9068316999374977,0.9426633622360188,189,1890,1890,1.0,0.9515457803702239,0.7346047652477569,0.7346047652477562
alg,ml-100k/u.data,2,240,66410,0.9757244252857971,1.0209350700272142,189,1890,1890,1.0,0.9446901167418172,0.7940230561213488,0.794023056121349
alg,ml-100k/u.data,3,226,66497,0.8993383295148643,0.9381074732812766,188,1880,1880,1.0,0.9521626142560012,0.7395176476228279,0.7395176476228271
