Algorithm,DataSet,Partition,BuildTime,TestTime,RMSE.ByUser,RMSE.ByRating,NUsers,NAttempted,NGood,Coverage,nDCG,MAE.ByUser,MAE.ByRating
alg,ml-100k/u.data,4,255,73963,0.8477850618164701,0.8862539748318371,188,1880,1880,1.0,0.9566548746219999,0.6843546662434498,0.6843546662434498
alg,ml-100k/u.data,1,262,74277,0.9132444194913787,0.9494803507388018,189,1890,1890,1.0,0.9475249292978462,0.7500169661714551,0.7500169661714547
alg,ml-100k/u.data,2,245,74296,0.9743726154299401,1.0191166088727803,189,1890,1890,1.0,0.9454364713314575,0.7928166282536626,0.7928166282536622
alg,ml-100k/u.data,3,236,74514,0.9019151827033162,0.9411470120903223,188,1880,1880,1.0,0.9512595840853874,0.7399392482170208,0.7399392482170211
alg,ml-100k/u.data,0,246,74748,0.9065779528842801,0.9428997971694132,189,1890,1890,1.0,0.9532195414170451,0.7343109797426473,0.734310979742647
