Algorithm,DataSet,Partition,BuildTime,TestTime,RMSE.ByUser,RMSE.ByRating,NUsers,NAttempted,NGood,Coverage,nDCG,MAE.ByUser,MAE.ByRating
alg,ml-100k/u.data,1,260,77461,0.9100150992502336,0.9459086593683895,189,1890,1890,1.0,0.949922683188705,0.7469842117861366,0.7469842117861362
alg,ml-100k/u.data,2,272,77599,0.9735132989458103,1.0188601736131813,189,1890,1890,1.0,0.9457637821501547,0.7927230363081568,0.7927230363081568
alg,ml-100k/u.data,0,270,77658,0.9051250087512229,0.9413908138644099,189,1890,1890,1.0,0.9532449350239992,0.7335907141639455,0.7335907141639454
alg,ml-100k/u.data,4,263,77671,0.8478157950638465,0.8864892392603163,188,1880,1880,1.0,0.9563014465397917,0.6851882522345103,0.6851882522345099
alg,ml-100k/u.data,3,262,77736,0.9006079359989941,0.939720209358791,188,1880,1880,1.0,0.9519565565814063,0.739873714598031,0.7398737145980312
