Algorithm,DataSet,Partition,BuildTime,TestTime,RMSE.ByUser,RMSE.ByRating,NUsers,NAttempted,NGood,Coverage,nDCG,MAE.ByUser,MAE.ByRating
alg,ml-100k/u.data,4,262,67322,0.8462775638782983,0.8846214009737882,188,1880,1880,1.0,0.9558004571121179,0.6854175527036838,0.6854175527036833
alg,ml-100k/u.data,2,238,67409,0.9752762879452358,1.0205249991469036,189,1890,1890,1.0,0.9453494930336516,0.793739945447867,0.7937399454478672
alg,ml-100k/u.data,0,245,67414,0.9051502266502299,0.9412934957220525,189,1890,1890,1.0,0.9518092241304481,0.7331457097764009,0.7331457097764007
alg,ml-100k/u.data,1,240,67482,0.9087918560370492,0.9443266460707807,189,1890,1890,1.0,0.9501198582650932,0.7455607543444062,0.7455607543444062
alg,ml-100k/u.data,3,261,67638,0.8997133530772735,0.9387059301282422,188,1880,1880,1.0,0.9524890839988808,0.7402392365175241,0.7402392365175239
