Algorithm,DataSet,Partition,BuildTime,TestTime,RMSE.ByUser,RMSE.ByRating,NUsers,NAttempted,NGood,Coverage,nDCG,MAE.ByUser,MAE.ByRating
alg,ml-100k/u.data,0,264,74988,0.9091801107474083,0.9452179881836039,189,1890,1890,1.0,0.950508465205033,0.7388969181168163,0.7388969181168163
alg,ml-100k/u.data,4,263,75112,0.8450786777490245,0.8841890834278469,188,1880,1880,1.0,0.9551778750611791,0.6856169880280832,0.685616988028083
alg,ml-100k/u.data,2,257,75180,0.9764140194756455,1.0221168918393764,189,1890,1890,1.0,0.9448802662895915,0.7959981876186761,0.7959981876186764
alg,ml-100k/u.data,1,261,75242,0.9083934136902088,0.943932535090229,189,1890,1890,1.0,0.9481969034161337,0.7462482873667178,0.7462482873667181
alg,ml-100k/u.data,3,266,75261,0.9007933690833645,0.9403390256701478,188,1880,1880,1.0,0.9516090962362025,0.7424356883216063,0.7424356883216066
