Algorithm,DataSet,Partition,BuildTime,TestTime,RMSE.ByUser,RMSE.ByRating,NUsers,NAttempted,NGood,Coverage,nDCG,MAE.ByUser,MAE.ByRating
alg,ml-100k/u.data,1,224,67816,0.9084595894238583,0.9440722585655492,189,1890,1890,1.0,0.9485880340237791,0.7449462634861029,0.7449462634861029
alg,ml-100k/u.data,4,238,68106,0.8453334603135633,0.8840708167065893,188,1880,1880,1.0,0.9541382675707708,0.6851756763746212,0.6851756763746214
alg,ml-100k/u.data,2,227,68122,0.9746813253705436,1.0199003279252858,189,1890,1890,1.0,0.9453364524709732,0.7932083340289229,0.7932083340289229
alg,ml-100k/u.data,0,233,68206,0.9065113200254513,0.9428218151485178,189,1890,1890,1.0,0.9516336047558911,0.7347942729167141,0.7347942729167143
alg,ml-100k/u.data,3,242,68307,0.8986994034375829,0.9378301143869197,188,1880,1880,1.0,0.9513034018828791,0.7399081025057459,0.7399081025057459
