Algorithm,DataSet,Partition,BuildTime,TestTime,RMSE.ByUser,RMSE.ByRating,NUsers,NAttempted,NGood,Coverage,nDCG,MAE.ByUser,MAE.ByRating
alg,ml-100k/u.data,4,263,72973,0.844951197712227,0.8836864857658872,188,1880,1880,1.0,0.955632270497107,0.686478730923629,0.6864787309236291
alg,ml-100k/u.data,2,247,73059,0.9766590569430733,1.0222224472708177,189,1890,1890,1.0,0.944714984355438,0.7964471892017756,0.7964471892017757
alg,ml-100k/u.data,0,248,73149,0.9098618861467663,0.9459148634563634,189,1890,1890,1.0,0.9503925459794946,0.7388438756194985,0.7388438756194985
alg,ml-100k/u.data,3,241,73174,0.899309521491848,0.9385444123842765,188,1880,1880,1.0,0.9509304668453645,0.7419063647588766,0.7419063647588757
alg,ml-100k/u.data,1,258,73205,0.9090056073455801,0.9444485285420257,189,1890,1890,1.0,0.9484895819115214,0.7463929092725635,0.746392909272564
