alpha,RMSE.ByUser,RMSE.ByRating,MAE.ByUser,MAE.ByRating
4.0,0.91147673969,0.950401154451,0.745874462648,0.745874462648
