alpha,RMSE.ByUser,RMSE.ByRating,MAE.ByUser,MAE.ByRating
4.0,0.909118988133,0.947788534374,0.743289804714,0.743289804714
