alpha,RMSE.ByUser,RMSE.ByRating,MAE.ByUser,MAE.ByRating
4.0,0.911767829539,0.950673572656,0.746131307814,0.746131307814
