threshold,RMSE.ByUser,RMSE.ByRating,MAE.ByUser,MAE.ByRating
0.1,0.907714616905,0.946050355025,0.740529792257,0.740529792257
