alpha,RMSE.ByUser,RMSE.ByRating,MAE.ByUser,MAE.ByRating
4.0,0.911090840237,0.949953882041,0.745652027424,0.745652027424
