threshold,RMSE.ByUser,RMSE.ByRating,MAE.ByUser,MAE.ByRating
0.1,0.907930466028,0.946351335237,0.740844042903,0.740844042903
