threshold,RMSE.ByUser,RMSE.ByRating,MAE.ByUser,MAE.ByRating
0.1,0.9082185521,0.946667455775,0.741275269259,0.741275269259
