threshold,RMSE.ByUser,RMSE.ByRating,MAE.ByUser,MAE.ByRating
0.1,0.90835131082,0.946822885664,0.741463205211,0.741463205211
