alpha,RMSE.ByUser,RMSE.ByRating,MAE.ByUser,MAE.ByRating
4.0,0.910411723435,0.949130310572,0.744750520542,0.744750520542
