alpha,RMSE.ByUser,RMSE.ByRating,MAE.ByUser,MAE.ByRating
1.0,0.910784927987,0.949694483234,0.7450255984,0.7450255984
2.0,0.909478564438,0.948300910635,0.743736651326,0.743736651326
3.0,0.909273137039,0.948086759399,0.743128946026,0.743128946026
4.0,0.908459526929,0.947203643728,0.74231879478,0.74231879478
5.0,0.908109395046,0.946789196212,0.741715430034,0.741715430034
6.0,0.907748358142,0.946318524542,0.741355856245,0.741355856245
7.0,0.907406398266,0.945942278627,0.741069092788,0.741069092788
8.0,0.907602970395,0.946033816875,0.741327728376,0.741327728376
9.0,0.907689829229,0.946128296135,0.741252816771,0.741252816771
