Algorithm,DataSet,Partition,BuildTime,TestTime,RMSE.ByUser,RMSE.ByRating,NUsers,NAttempted,NGood,Coverage,nDCG,MAE.ByUser,MAE.ByRating
alg,ml-100k/u.data,2,236,45576,0.974568217821225,1.019781366763059,189,1890,1890,1.0,0.945382643564872,0.7932999978152611,0.7932999978152611
alg,ml-100k/u.data,1,241,46191,0.9106807032732632,0.9457003190676582,189,1890,1890,1.0,0.9489652798882005,0.7472652274870564,0.7472652274870569
alg,ml-100k/u.data,3,229,46235,0.8957764699558031,0.9343667731072774,188,1880,1880,1.0,0.9507011532298183,0.737523884886696,0.7375238848866955
alg,ml-100k/u.data,4,255,46474,0.8457367656390206,0.883034473510378,188,1880,1880,1.0,0.9552360763791605,0.6887550984477084,0.6887550984477088
alg,ml-100k/u.data,0,237,46859,0.9098091802117203,0.9453817446565863,189,1890,1890,1.0,0.9513226707914246,0.736958810930868,0.7369588109308681
