Algorithm,DataSet,Partition,BuildTime,TestTime,RMSE.ByUser,RMSE.ByRating,NUsers,NAttempted,NGood,Coverage,nDCG,MAE.ByUser,MAE.ByRating
alg,ml-100k/u.data,1,264,59024,0.909857039281363,0.9450795293417825,189,1890,1890,1.0,0.9490608817764457,0.7468806097853581,0.746880609785359
alg,ml-100k/u.data,2,249,59041,0.9751456389089739,1.0204243161450508,189,1890,1890,1.0,0.9450894983864185,0.7943526828884602,0.7943526828884602
alg,ml-100k/u.data,4,265,59069,0.8458767891239022,0.8833102025333794,188,1880,1880,1.0,0.9550884465116901,0.6888553307346158,0.6888553307346157
alg,ml-100k/u.data,0,239,59264,0.9096314614363027,0.9453144580801612,189,1890,1890,1.0,0.9513398409903258,0.7373231435830296,0.7373231435830291
alg,ml-100k/u.data,3,251,59328,0.8960174037319732,0.9346498854205092,188,1880,1880,1.0,0.951289548239118,0.7375678314600044,0.7375678314600043
