Algorithm,DataSet,Partition,BuildTime,TestTime,RMSE.ByUser,RMSE.ByRating,NUsers,NAttempted,NGood,Coverage,nDCG,MAE.ByUser,MAE.ByRating
alg,ml-100k/u.data,4,256,48135,0.8438962510609849,0.8815873260859302,188,1880,1880,1.0,0.9562719171938355,0.6854498656772531,0.6854498656772532
alg,ml-100k/u.data,1,246,48284,0.9094071171561792,0.9452410840556293,189,1890,1890,1.0,0.9493229228068296,0.7468153923916367,0.7468153923916364
alg,ml-100k/u.data,0,215,48384,0.9059768209510063,0.942223522559317,189,1890,1890,1.0,0.9534187722967546,0.7342615491936658,0.7342615491936657
alg,ml-100k/u.data,3,263,48522,0.8976741317604522,0.9375503463836584,188,1880,1880,1.0,0.9509740693276122,0.7390596388738059,0.7390596388738059
alg,ml-100k/u.data,2,258,48720,0.9735821891336102,1.0183901970842855,189,1890,1890,1.0,0.9456628393402111,0.7936757911746491,0.7936757911746497
