Algorithm,DataSet,Partition,BuildTime,TestTime,RMSE.ByUser,RMSE.ByRating,NUsers,NAttempted,NGood,Coverage,nDCG,MAE.ByUser,MAE.ByRating
alg,ml-100k/u.data,4,276,47329,0.8462480009176795,0.8847605768686565,188,1880,1880,1.0,0.9553988953198538,0.6884939035317387,0.6884939035317388
alg,ml-100k/u.data,3,287,47680,0.8988896305532977,0.9376868414445403,188,1880,1880,1.0,0.9509041021369485,0.7405339279562551,0.740533927956255
alg,ml-100k/u.data,1,271,47704,0.9102380468989344,0.9456234812557179,189,1890,1890,1.0,0.9491461957459753,0.7469553844253805,0.7469553844253806
alg,ml-100k/u.data,2,285,47870,0.9761660482412636,1.021518258129779,189,1890,1890,1.0,0.9461673983690397,0.7959455826623281,0.795945582662328
alg,ml-100k/u.data,0,257,48293,0.9100688656539377,0.9462553245127692,189,1890,1890,1.0,0.9510448072640362,0.7392390962334111,0.7392390962334109
