Algorithm,DataSet,Partition,BuildTime,TestTime,RMSE.ByUser,RMSE.ByRating,NUsers,NAttempted,NGood,Coverage,nDCG,MAE.ByUser,MAE.ByRating
alg,ml-100k/u.data,2,237,45772,0.9727056248197314,1.0168632563493099,189,1890,1890,1.0,0.9470155416436932,0.7921350761480138,0.7921350761480134
alg,ml-100k/u.data,1,252,46062,0.9112216090275168,0.9469329819864319,189,1890,1890,1.0,0.9498463138276712,0.748332148340417,0.7483321483404174
alg,ml-100k/u.data,0,233,46226,0.9060307646624166,0.9420289272599676,189,1890,1890,1.0,0.9522165957345472,0.7328670065348469,0.7328670065348477
alg,ml-100k/u.data,3,232,46295,0.8971587278966946,0.9364402284211284,188,1880,1880,1.0,0.9521698700868454,0.7376907508269485,0.7376907508269478
alg,ml-100k/u.data,4,249,46407,0.8436113197731333,0.8803673291843519,188,1880,1880,1.0,0.9559333199505218,0.6848737618003861,0.6848737618003861
