Algorithm,DataSet,Partition,BuildTime,TestTime,RMSE.ByUser,RMSE.ByRating,NUsers,NAttempted,NGood,Coverage,nDCG,MAE.ByUser,MAE.ByRating
alg,ml-100k/u.data,3,233,48606,0.897528730519855,0.9367503406084933,188,1880,1880,1.0,0.9509416898376049,0.740143563382596,0.7401435633825957
alg,ml-100k/u.data,1,233,48794,0.9093648325042323,0.9445138772046934,189,1890,1890,1.0,0.9493787471354216,0.7460988554518309,0.7460988554518306
alg,ml-100k/u.data,0,245,48832,0.9091518755212709,0.9452158251138821,189,1890,1890,1.0,0.9519299852560618,0.737414393388379,0.7374143933883786
alg,ml-100k/u.data,2,244,48885,0.97580928606642,1.0210501445621327,189,1890,1890,1.0,0.9462769184377647,0.7954682014481353,0.795468201448135
alg,ml-100k/u.data,4,268,48937,0.8448317007427616,0.8829286543862098,188,1880,1880,1.0,0.9555536019535025,0.6866746499844292,0.6866746499844298
