Algorithm,DataSet,Partition,BuildTime,TestTime,RMSE.ByUser,RMSE.ByRating,NUsers,NAttempted,NGood,Coverage,nDCG,MAE.ByUser,MAE.ByRating
alg,ml-100k/u.data,3,243,55909,0.8960317947173551,0.9345035888554124,188,1880,1880,1.0,0.9528584076024006,0.7367512091395416,0.7367512091395416
alg,ml-100k/u.data,1,238,56036,0.911600807895613,0.9471532050918856,189,1890,1890,1.0,0.9494254270598195,0.7482622199705538,0.7482622199705541
alg,ml-100k/u.data,4,261,56049,0.8441239929812457,0.8811542368989548,188,1880,1880,1.0,0.95574739224185,0.6869864798951041,0.686986479895104
alg,ml-100k/u.data,2,248,56579,0.9746782168734481,1.0191342707835542,189,1890,1890,1.0,0.9463671117028039,0.7926894604601454,0.7926894604601453
alg,ml-100k/u.data,0,241,56627,0.9093087339868994,0.9451181998665256,189,1890,1890,1.0,0.9517640510791571,0.7346538447420893,0.7346538447420898
