Algorithm,DataSet,Partition,BuildTime,TestTime,RMSE.ByUser,RMSE.ByRating,NUsers,NAttempted,NGood,Coverage,nDCG,MAE.ByUser,MAE.ByRating
alg,ml-100k/u.data,0,227,47481,0.9150610054853816,0.9506582636263505,189,1890,1890,1.0,0.9491596956349097,0.7448945151585543,0.7448945151585539
alg,ml-100k/u.data,2,228,48151,0.9797892213157785,1.0256822634053773,189,1890,1890,1.0,0.9453241509921422,0.8002868222268237,0.8002868222268239
alg,ml-100k/u.data,3,261,48304,0.9023434336796086,0.9416575968993987,188,1880,1880,1.0,0.9514455498718859,0.7450791610468123,0.7450791610468123
alg,ml-100k/u.data,1,237,48360,0.9131072588034902,0.9485108106360295,189,1890,1890,1.0,0.9484986548182069,0.7494061068082428,0.7494061068082434
alg,ml-100k/u.data,4,244,48655,0.8470827791679304,0.8854968376897385,188,1880,1880,1.0,0.9546386812216726,0.6897057079980613,0.6897057079980613
