Algorithm,DataSet,Partition,BuildTime,TestTime,RMSE.ByUser,RMSE.ByRating,NUsers,NAttempted,NGood,Coverage,nDCG,MAE.ByUser,MAE.ByRating
alg,ml-100k/u.data,1,231,50535,0.9111467811377769,0.946612534175931,189,1890,1890,1.0,0.9489533904278047,0.7480455314911754,0.7480455314911747
alg,ml-100k/u.data,3,240,50789,0.9004795274255253,0.9396413451788191,188,1880,1880,1.0,0.9517781042871447,0.742650162663426,0.7426501626634258
alg,ml-100k/u.data,2,223,50817,0.9783535348107787,1.023937269271822,189,1890,1890,1.0,0.9450753883705122,0.7986759983396127,0.7986759983396129
alg,ml-100k/u.data,0,236,50826,0.9124567873998684,0.9482150843251063,189,1890,1890,1.0,0.949924678087753,0.7425628837451659,0.7425628837451655
alg,ml-100k/u.data,4,241,50932,0.8474974232263344,0.8862306550765116,188,1880,1880,1.0,0.9543121255647903,0.6900717414703115,0.6900717414703122
