Algorithm,DataSet,Partition,BuildTime,TestTime,RMSE.ByUser,RMSE.ByRating,NUsers,NAttempted,NGood,Coverage,nDCG,MAE.ByUser,MAE.ByRating
alg,ml-100k/u.data,1,259,46813,0.9113053125573793,0.9467387934332979,189,1890,1890,1.0,0.949324619311035,0.7478850490573925,0.7478850490573927
alg,ml-100k/u.data,0,225,46913,0.9086430779472259,0.9444465125423481,189,1890,1890,1.0,0.9524425404042013,0.7341530827070262,0.7341530827070265
alg,ml-100k/u.data,2,227,47228,0.9750709578157729,1.019641980158487,189,1890,1890,1.0,0.9460774438981264,0.793249279739043,0.7932492797390429
alg,ml-100k/u.data,3,231,47426,0.8955328848898462,0.9340546239462799,188,1880,1880,1.0,0.9532007755681925,0.7364034768318938,0.7364034768318938
alg,ml-100k/u.data,4,245,47450,0.8446341242388595,0.8817135440792984,188,1880,1880,1.0,0.9552576743803233,0.687225776007722,0.687225776007722
