Algorithm,DataSet,Partition,BuildTime,TestTime,RMSE.ByUser,RMSE.ByRating,NUsers,NAttempted,NGood,Coverage,nDCG,MAE.ByUser,MAE.ByRating
alg,ml-100k/u.data,1,239,47342,0.9106007234675468,0.9457670779929158,189,1890,1890,1.0,0.9493194044082806,0.7475034307084992,0.7475034307084995
alg,ml-100k/u.data,0,217,47472,0.9120489023929582,0.9478408425809796,189,1890,1890,1.0,0.950200377459052,0.7416163478090136,0.7416163478090134
alg,ml-100k/u.data,2,234,47676,0.9774457368875342,1.0229810547951808,189,1890,1890,1.0,0.9453878677643816,0.7971736421039972,0.7971736421039969
alg,ml-100k/u.data,3,251,47674,0.8992526414055576,0.9382925712059705,188,1880,1880,1.0,0.9515497600026391,0.7416641010338718,0.741664101033871
alg,ml-100k/u.data,4,253,47672,0.8465714126002879,0.8849416232553553,188,1880,1880,1.0,0.9547764266419877,0.6891456398520804,0.6891456398520808
