Algorithm,DataSet,Partition,BuildTime,TestTime,RMSE.ByUser,RMSE.ByRating,NUsers,NAttempted,NGood,Coverage,nDCG,MAE.ByUser,MAE.ByRating
alg,ml-100k/u.data,2,253,46553,0.9743183029707566,1.0189865213080327,189,1890,1890,1.0,0.9462769445424783,0.7930142266771993,0.7930142266772
alg,ml-100k/u.data,1,250,46857,0.9104118796092321,0.9456660215671621,189,1890,1890,1.0,0.9511118535684947,0.7472473406622584,0.747247340662258
alg,ml-100k/u.data,4,262,46859,0.8441086908824277,0.8810779002163897,188,1880,1880,1.0,0.954863778252948,0.6863668595039626,0.6863668595039628
alg,ml-100k/u.data,0,247,47106,0.9076108074623377,0.9436060354070833,189,1890,1890,1.0,0.9517600348464843,0.7330617681043924,0.7330617681043924
alg,ml-100k/u.data,3,245,48507,0.8964048008147316,0.9351008630116469,188,1880,1880,1.0,0.9524464299165446,0.7369864849405559,0.7369864849405562
