Algorithm,DataSet,Partition,BuildTime,TestTime,RMSE.ByUser,RMSE.ByRating,NUsers,NAttempted,NGood,Coverage,nDCG,MAE.ByUser,MAE.ByRating
alg,ml-100k/u.data,2,250,47528,0.9737467563323071,1.0183032518590607,189,1890,1890,1.0,0.9461081195430797,0.7920859433730731,0.7920859433730727
alg,ml-100k/u.data,4,239,47749,0.8449247262926539,0.8818307887753327,188,1880,1880,1.0,0.9545694615025397,0.6867875005497238,0.6867875005497237
alg,ml-100k/u.data,0,233,47762,0.9090230085145694,0.944924658749954,189,1890,1890,1.0,0.9514917712264744,0.7334724925232787,0.7334724925232793
alg,ml-100k/u.data,3,254,47972,0.8956529879877397,0.9341677639787108,188,1880,1880,1.0,0.9532606502268378,0.7358831559447446,0.7358831559447444
alg,ml-100k/u.data,1,241,48302,0.9127577770594165,0.9483333235857832,189,1890,1890,1.0,0.9509642679400859,0.7493619779908062,0.7493619779908061
