Algorithm,DataSet,Partition,BuildTime,TestTime,RMSE.ByUser,RMSE.ByRating,NUsers,NAttempted,NGood,Coverage,nDCG,MAE.ByUser,MAE.ByRating
alg,ml-100k/u.data,4,240,54782,0.8473058880228868,0.885672138490714,188,1880,1880,1.0,0.9545913884073683,0.689915223166681,0.6899152231666807
alg,ml-100k/u.data,2,283,54788,0.9801704306617223,1.0259708641482364,189,1890,1890,1.0,0.9445475916316459,0.8005874121451684,0.8005874121451687
alg,ml-100k/u.data,1,210,55068,0.9131195607694289,0.9485663283645402,189,1890,1890,1.0,0.9483723789843246,0.7494854401304832,0.7494854401304822
alg,ml-100k/u.data,0,222,55204,0.9155593383717857,0.9511144244507238,189,1890,1890,1.0,0.9488577085374463,0.7451825830872569,0.7451825830872574
alg,ml-100k/u.data,3,240,55228,0.9026945172146603,0.9420423978330675,188,1880,1880,1.0,0.9510625397116159,0.7454809995403798,0.74548099954038
