Algorithm,DataSet,Partition,BuildTime,TestTime,RMSE.ByUser,RMSE.ByRating,NUsers,NAttempted,NGood,Coverage,nDCG,MAE.ByUser,MAE.ByRating
alg,ml-100k/u.data,4,248,51078,0.845852874455535,0.883850758843746,188,1880,1880,1.0,0.9551846727091161,0.6884013348872875,0.6884013348872878
alg,ml-100k/u.data,1,246,51095,0.9102537673765705,0.9456452557822341,189,1890,1890,1.0,0.9492844544293146,0.7465314102820437,0.7465314102820433
alg,ml-100k/u.data,2,240,51277,0.9760810268948039,1.0215307979204833,189,1890,1890,1.0,0.9448902503260854,0.7954088648125032,0.7954088648125035
alg,ml-100k/u.data,0,242,51308,0.9111363975697345,0.9470707060510872,189,1890,1890,1.0,0.9504101175263252,0.7391286148766971,0.7391286148766969
alg,ml-100k/u.data,3,262,51538,0.8972229089331641,0.9358484624610339,188,1880,1880,1.0,0.9507441781639735,0.7391069253100517,0.7391069253100515
