Algorithm,DataSet,Partition,BuildTime,TestTime,RMSE.ByUser,RMSE.ByRating,NUsers,NAttempted,NGood,Coverage,nDCG,MAE.ByUser,MAE.ByRating
alg,ml-100k/u.data,3,247,46061,0.8963655856513351,0.9352559794597234,188,1880,1880,1.0,0.9507698434868408,0.7380014143702818,0.7380014143702815
alg,ml-100k/u.data,1,252,46140,0.9088413446115169,0.943847949169649,189,1890,1890,1.0,0.949274549029174,0.7456243673944775,0.7456243673944772
alg,ml-100k/u.data,2,245,46575,0.9740417960982974,1.0190529105869464,189,1890,1890,1.0,0.9468576406905835,0.7933181144788829,0.7933181144788833
alg,ml-100k/u.data,0,245,46761,0.9074030952785966,0.9436109895513348,189,1890,1890,1.0,0.9516861345982658,0.7339660777279919,0.733966077727992
alg,ml-100k/u.data,4,255,46837,0.8438221348086962,0.8815093226372349,188,1880,1880,1.0,0.9564416213989265,0.6858378967530957,0.6858378967530965
