Algorithm,DataSet,Partition,BuildTime,TestTime,RMSE.ByUser,RMSE.ByRating,NUsers,NAttempted,NGood,Coverage,nDCG,MAE.ByUser,MAE.ByRating
alg,ml-100k/u.data,3,259,46902,0.8963328695648471,0.9347299467700959,188,1880,1880,1.0,0.9509706957344687,0.7373469496653956,0.7373469496653957
alg,ml-100k/u.data,0,258,47149,0.9092303113551511,0.9453411577973277,189,1890,1890,1.0,0.9514671534922626,0.7365663274303406,0.7365663274303396
alg,ml-100k/u.data,4,272,47212,0.8441381891980204,0.8818560832882505,188,1880,1880,1.0,0.9558740485631324,0.6869410147734206,0.6869410147734203
alg,ml-100k/u.data,2,282,47307,0.9744298127795323,1.0194969111674848,189,1890,1890,1.0,0.945863340267902,0.7936205076558748,0.793620507655875
alg,ml-100k/u.data,1,258,47641,0.9087591692086442,0.9442313382124493,189,1890,1890,1.0,0.9496487902438907,0.7452843933500842,0.7452843933500841
