Algorithm,DataSet,Partition,BuildTime,TestTime,RMSE.ByUser,RMSE.ByRating,NUsers,NAttempted,NGood,Coverage,nDCG,MAE.ByUser,MAE.ByRating
alg,ml-100k/u.data,1,259,59926,0.9092760343825347,0.9445488926572932,189,1890,1890,1.0,0.9493493897386492,0.7455581739966118,0.7455581739966116
alg,ml-100k/u.data,0,239,59992,0.9079766402021252,0.9439099605425989,189,1890,1890,1.0,0.9521452252670314,0.7346418825592261,0.7346418825592268
alg,ml-100k/u.data,2,287,59947,0.9742316920550409,1.0191535977872601,189,1890,1890,1.0,0.9459240713669287,0.793029141166167,0.7930291411661663
alg,ml-100k/u.data,4,291,60055,0.8454556036776845,0.8827636018794903,188,1880,1880,1.0,0.9548999387432239,0.6882801544058406,0.6882801544058403
alg,ml-100k/u.data,3,246,60166,0.8956556602444294,0.934142775363254,188,1880,1880,1.0,0.9517502190205746,0.736880142963756,0.7368801429637556
