Algorithm,DataSet,Partition,BuildTime,TestTime,RMSE.ByUser,RMSE.ByRating,NUsers,NAttempted,NGood,Coverage,nDCG,MAE.ByUser,MAE.ByRating
alg,ml-100k/u.data,2,223,67281,0.9748399591556959,1.0195898285661207,189,1890,1890,1.0,0.9456745418902204,0.7929425536004064,0.7929425536004069
alg,ml-100k/u.data,3,214,67402,0.8959278228871285,0.9343862425417976,188,1880,1880,1.0,0.951465992083374,0.7370073730863741,0.7370073730863748
alg,ml-100k/u.data,0,253,67415,0.9086320328423424,0.9445429732268803,189,1890,1890,1.0,0.9520552916681647,0.7348950821658511,0.7348950821658514
alg,ml-100k/u.data,4,248,67507,0.8448564088666768,0.8822949637331021,188,1880,1880,1.0,0.9547270112917516,0.6875050216744799,0.6875050216744801
alg,ml-100k/u.data,1,239,67902,0.9102514960342608,0.9455828359559678,189,1890,1890,1.0,0.950133806579138,0.7464757767749343,0.7464757767749343
