Algorithm,DataSet,Partition,BuildTime,TestTime,RMSE.ByUser,RMSE.ByRating,NUsers,NAttempted,NGood,Coverage,nDCG,MAE.ByUser,MAE.ByRating
alg,ml-100k/u.data,0,219,46710,0.9097509595655026,0.9452827601686062,189,1890,1890,1.0,0.9522194055905491,0.7366403614512124,0.7366403614512129
alg,ml-100k/u.data,1,233,47271,0.911239384698807,0.9463060875703759,189,1890,1890,1.0,0.9489233007066652,0.7478592152023488,0.7478592152023484
alg,ml-100k/u.data,3,255,47264,0.895614588027519,0.9342839357308098,188,1880,1880,1.0,0.9507312026032576,0.7371695094196085,0.7371695094196083
alg,ml-100k/u.data,4,257,47358,0.8450947605680784,0.8823139365585616,188,1880,1880,1.0,0.9553681596640536,0.6884817070681739,0.6884817070681737
alg,ml-100k/u.data,2,230,47457,0.9747874938404273,1.01994055030715,189,1890,1890,1.0,0.9450005709064111,0.7930001657615617,0.7930001657615623
