Algorithm,DataSet,Partition,BuildTime,TestTime,RMSE.ByUser,RMSE.ByRating,NUsers,NAttempted,NGood,Coverage,nDCG,MAE.ByUser,MAE.ByRating
alg,ml-100k/u.data,1,230,49183,0.9096499592027045,0.944695256798895,189,1890,1890,1.0,0.9493426751057368,0.746649760535936,0.7466497605359359
alg,ml-100k/u.data,4,245,49326,0.8462841515845265,0.8844748421007214,188,1880,1880,1.0,0.9549971762200952,0.6885697602280693,0.6885697602280687
alg,ml-100k/u.data,0,241,49577,0.9103094663321113,0.946293853824133,189,1890,1890,1.0,0.951692606082703,0.7392709557560838,0.7392709557560839
alg,ml-100k/u.data,3,234,49726,0.8978857532687745,0.9365431554851134,188,1880,1880,1.0,0.9505359206255194,0.740351381740168,0.7403513817401685
alg,ml-100k/u.data,2,255,49733,0.9766254280369366,1.021984453244077,189,1890,1890,1.0,0.945308854631812,0.7964990101419289,0.7964990101419289
