Algorithm,DataSet,Partition,BuildTime,TestTime,RMSE.ByUser,RMSE.ByRating,NUsers,NAttempted,NGood,Coverage,nDCG,MAE.ByUser,MAE.ByRating
alg,ml-100k/u.data,3,245,46374,0.8962212294082686,0.9350110887375204,188,1880,1880,1.0,0.9516673774504236,0.737578381641245,0.7375783816412449
alg,ml-100k/u.data,2,259,47091,0.9742379374949695,1.0196526795339975,189,1890,1890,1.0,0.9456133089022509,0.7931473298073339,0.793147329807334
alg,ml-100k/u.data,0,224,47131,0.9111674429072516,0.9465267545441592,189,1890,1890,1.0,0.9507706538983105,0.7385031671911377,0.7385031671911371
alg,ml-100k/u.data,1,242,47127,0.9117852799946281,0.9471088716344344,189,1890,1890,1.0,0.9488326194386196,0.7484929937187454,0.7484929937187454
alg,ml-100k/u.data,4,265,47178,0.845037256339589,0.8823420862255291,188,1880,1880,1.0,0.955052812674396,0.6885422114970409,0.6885422114970403
