Algorithm,DataSet,Partition,BuildTime,TestTime,RMSE.ByUser,RMSE.ByRating,NUsers,NAttempted,NGood,Coverage,nDCG,MAE.ByUser,MAE.ByRating
alg,ml-100k/u.data,3,245,46908,0.8966340701396323,0.9352209546295289,188,1880,1880,1.0,0.951007833859209,0.7381438963899289,0.7381438963899287
alg,ml-100k/u.data,2,244,47293,0.9753141764139575,1.0207401882418305,189,1890,1890,1.0,0.9451553765462273,0.7947429746986185,0.7947429746986178
alg,ml-100k/u.data,1,235,47347,0.9100241320447359,0.9454130379962703,189,1890,1890,1.0,0.9491019450480624,0.7465762102499701,0.7465762102499708
alg,ml-100k/u.data,0,244,47454,0.9111962885290106,0.946905463404876,189,1890,1890,1.0,0.9506601294955503,0.7389827651389299,0.7389827651389301
alg,ml-100k/u.data,4,243,48856,0.84557312358479,0.8833129784357913,188,1880,1880,1.0,0.9557620921828659,0.6883334347455993,0.6883334347455998
