Algorithm,DataSet,Partition,BuildTime,TestTime,RMSE.ByUser,RMSE.ByRating,NUsers,NAttempted,NGood,Coverage,nDCG,MAE.ByUser,MAE.ByRating
alg,ml-100k/u.data,4,256,46317,0.8452199147201556,0.8813179021891957,188,1880,1880,1.0,0.9566590697802514,0.68619684166206,0.6861968416620603
alg,ml-100k/u.data,0,252,46359,0.9092140964410375,0.9449669543305383,189,1890,1890,1.0,0.9519822411066491,0.733638207214871,0.7336382072148712
alg,ml-100k/u.data,2,253,46703,0.9748953598647728,1.0183515723937333,189,1890,1890,1.0,0.9474402980587263,0.7930966053098275,0.7930966053098275
alg,ml-100k/u.data,1,241,46759,0.9180897814913813,0.9546280160559047,189,1890,1890,1.0,0.9493260792793602,0.7543509686590535,0.7543509686590534
alg,ml-100k/u.data,3,266,46746,0.8991068261242553,0.9381700640825483,188,1880,1880,1.0,0.9525829731174533,0.7370824154386421,0.7370824154386413
