Algorithm,DataSet,Partition,BuildTime,TestTime,RMSE.ByUser,RMSE.ByRating,NUsers,NAttempted,NGood,Coverage,nDCG,MAE.ByUser,MAE.ByRating
alg,ml-100k/u.data,1,252,51178,0.9155821028930301,0.9522644381325226,189,1890,1890,1.0,0.9493560153559724,0.7536603845699796,0.7536603845699797
alg,ml-100k/u.data,0,226,51334,0.9102723284345245,0.9461265638923535,189,1890,1890,1.0,0.9516015548928494,0.7351910735261645,0.7351910735261644
alg,ml-100k/u.data,4,268,51324,0.8437921518638551,0.8806941548539431,188,1880,1880,1.0,0.9551346854725692,0.6868813329227542,0.6868813329227547
alg,ml-100k/u.data,2,227,51419,0.9742878276371805,1.018416333452216,189,1890,1890,1.0,0.9454717660827158,0.7925341067345857,0.7925341067345855
alg,ml-100k/u.data,3,244,51474,0.8971583496724951,0.9358357885429452,188,1880,1880,1.0,0.9526780930412132,0.738109448541182,0.7381094485411814
