Algorithm,DataSet,Partition,BuildTime,TestTime,RMSE.ByUser,RMSE.ByRating,NUsers,NAttempted,NGood,Coverage,nDCG,MAE.ByUser,MAE.ByRating
alg,ml-100k/u.data,4,269,47903,0.8435713877000532,0.8802355040413156,188,1880,1880,1.0,0.9562974985554743,0.6847349787160522,0.6847349787160519
alg,ml-100k/u.data,1,249,47961,0.9131929401169183,0.9485724819848348,189,1890,1890,1.0,0.9495119541576665,0.7496414152956014,0.7496414152956017
alg,ml-100k/u.data,3,260,47972,0.8967754149373842,0.9358667701015767,188,1880,1880,1.0,0.9528475553086233,0.7369726408187599,0.7369726408187595
alg,ml-100k/u.data,0,265,48332,0.9066159579683071,0.9424975643005646,189,1890,1890,1.0,0.9515329070042683,0.7329727157480332,0.7329727157480341
alg,ml-100k/u.data,2,254,48422,0.9723874583642186,1.0164445416295873,189,1890,1890,1.0,0.9479217377203598,0.7913823643310884,0.7913823643310893
