Algorithm,DataSet,Partition,BuildTime,TestTime,RMSE.ByUser,RMSE.ByRating,NUsers,NAttempted,NGood,Coverage,nDCG,MAE.ByUser,MAE.ByRating
alg,ml-100k/u.data,1,244,46851,0.9109411383791429,0.9462950253323906,189,1890,1890,1.0,0.9487658075514181,0.7475493686117051,0.7475493686117043
alg,ml-100k/u.data,0,225,46983,0.9109660830937201,0.9465176101502795,189,1890,1890,1.0,0.9509544120011629,0.7385322837042949,0.7385322837042952
alg,ml-100k/u.data,2,245,47030,0.9740429776225114,1.0195524514035594,189,1890,1890,1.0,0.9455321748765217,0.7935759086538606,0.7935759086538615
alg,ml-100k/u.data,3,250,47159,0.8961626897107369,0.9349958982692756,188,1880,1880,1.0,0.9513481240057035,0.7374343366181916,0.7374343366181912
alg,ml-100k/u.data,4,251,47594,0.8449191025229434,0.8823504079787744,188,1880,1880,1.0,0.9554530815412161,0.6882535663528332,0.688253566352833
