Algorithm,DataSet,Partition,BuildTime,TestTime,RMSE.ByUser,RMSE.ByRating,NUsers,NAttempted,NGood,Coverage,nDCG,MAE.ByUser,MAE.ByRating
alg,ml-100k/u.data,1,258,48470,0.911458746843773,0.9469163549029437,189,1890,1890,1.0,0.9489911991446531,0.7478341854599259,0.7478341854599262
alg,ml-100k/u.data,2,269,48463,0.9789484892905141,1.0247390287934084,189,1890,1890,1.0,0.9447786755253751,0.7993741187057967,0.7993741187057971
alg,ml-100k/u.data,0,212,48568,0.9127478432888382,0.9482700757111688,189,1890,1890,1.0,0.9504967195513461,0.7429268080179648,0.7429268080179652
alg,ml-100k/u.data,3,263,48563,0.9007666635223152,0.9400684928702682,188,1880,1880,1.0,0.9514262196999471,0.7433155438237277,0.7433155438237281
alg,ml-100k/u.data,4,264,48598,0.8473447935536376,0.8859444991187132,188,1880,1880,1.0,0.954242161575045,0.6897188651833047,0.6897188651833042
