Algorithm,DataSet,Partition,BuildTime,TestTime,RMSE.ByUser,RMSE.ByRating,NUsers,NAttempted,NGood,Coverage,nDCG,MAE.ByUser,MAE.ByRating
alg,ml-100k/u.data,0,221,68729,0.912190055155649,0.94793461952704,189,1890,1890,1.0,0.9509307761807831,0.7411257174333393,0.7411257174333397
alg,ml-100k/u.data,2,230,68817,0.9770514804323219,1.022557734628042,189,1890,1890,1.0,0.9454537627179206,0.796601066277324,0.7966010662773235
alg,ml-100k/u.data,3,255,68852,0.8987877908566838,0.9378349299236567,188,1880,1880,1.0,0.9513218701327972,0.7411616697762624,0.7411616697762627
alg,ml-100k/u.data,1,235,68877,0.9111754922467943,0.9464721356491903,189,1890,1890,1.0,0.9493013275292205,0.74736279154219,0.74736279154219
alg,ml-100k/u.data,4,270,68931,0.8471608665035918,0.8856343772677855,188,1880,1880,1.0,0.9552272931043941,0.6893934851010218,0.6893934851010217
