Algorithm,DataSet,Partition,BuildTime,TestTime,RMSE.ByUser,RMSE.ByRating,NUsers,NAttempted,NGood,Coverage,nDCG,MAE.ByUser,MAE.ByRating
alg,ml-100k/u.data,0,248,48349,0.9093510668610423,0.9451718101592295,189,1890,1890,1.0,0.9516714040543132,0.7337571329967457,0.7337571329967458
alg,ml-100k/u.data,3,239,48487,0.8965494511860023,0.9349920254205267,188,1880,1880,1.0,0.9527775858839967,0.7368257299928247,0.7368257299928251
alg,ml-100k/u.data,1,251,48476,0.9140601439237258,0.9504162671838547,189,1890,1890,1.0,0.9494405909384761,0.7521133609164784,0.7521133609164785
alg,ml-100k/u.data,4,259,48485,0.8440547384600238,0.8809740206366178,188,1880,1880,1.0,0.9550079559164789,0.6872642151953564,0.6872642151953565
alg,ml-100k/u.data,2,225,48704,0.9745576840956515,1.018697651726154,189,1890,1890,1.0,0.9465902487672373,0.792688522182971,0.7926885221829717
