Algorithm,DataSet,Partition,BuildTime,TestTime,RMSE.ByUser,RMSE.ByRating,NUsers,NAttempted,NGood,Coverage,nDCG,MAE.ByUser,MAE.ByRating
alg,ml-100k/u.data,0,219,47337,0.9104315254092714,0.9462418980276979,189,1890,1890,1.0,0.9523346622355345,0.7347900711131314,0.7347900711131322
alg,ml-100k/u.data,3,258,47304,0.8992662888629535,0.9385469558650933,188,1880,1880,1.0,0.9516258090270682,0.737249113300609,0.7372491133006093
alg,ml-100k/u.data,1,248,47679,0.9192672920636263,0.9558246136424905,189,1890,1890,1.0,0.9479919376077319,0.7551603857419531,0.7551603857419531
alg,ml-100k/u.data,2,255,47675,0.9751927218259676,1.0186986678464884,189,1890,1890,1.0,0.9466910482416472,0.7930794379018343,0.7930794379018352
alg,ml-100k/u.data,4,241,47793,0.8461537238886904,0.8820922017459989,188,1880,1880,1.0,0.9563228649788102,0.6872122768956835,0.6872122768956839
