Algorithm,DataSet,Partition,BuildTime,TestTime,RMSE.ByUser,RMSE.ByRating,NUsers,NAttempted,NGood,Coverage,nDCG,MAE.ByUser,MAE.ByRating
alg,ml-100k/u.data,2,258,46341,0.9754483709749182,1.0206618199371067,189,1890,1890,1.0,0.9451663731365204,0.7952971291393033,0.7952971291393035
alg,ml-100k/u.data,0,262,46729,0.9088511629354368,0.9451106745093328,189,1890,1890,1.0,0.951496788053926,0.7368739034556657,0.736873903455665
alg,ml-100k/u.data,4,273,46779,0.8454300026679319,0.8835316915428053,188,1880,1880,1.0,0.9546131775083172,0.6873363770231834,0.6873363770231834
alg,ml-100k/u.data,1,251,46814,0.9091534606282268,0.9447102299053612,189,1890,1890,1.0,0.9494097496947796,0.7460311289239087,0.7460311289239082
alg,ml-100k/u.data,3,271,47081,0.8977830174039045,0.9362948513664574,188,1880,1880,1.0,0.9510086974215999,0.7394241089942807,0.7394241089942812
