Algorithm,DataSet,Partition,BuildTime,TestTime,RMSE.ByUser,RMSE.ByRating,NUsers,NAttempted,NGood,Coverage,nDCG,MAE.ByUser,MAE.ByRating
alg,ml-100k/u.data,1,233,47949,0.9105676902875147,0.9458811282020606,189,1890,1890,1.0,0.9499515383040471,0.7467523703742526,0.7467523703742523
alg,ml-100k/u.data,0,220,48464,0.9087652200993516,0.9445815696779375,189,1890,1890,1.0,0.9525103357737891,0.7348070790750493,0.7348070790750489
alg,ml-100k/u.data,4,256,48440,0.8449247803527419,0.882299227667788,188,1880,1880,1.0,0.9552267213524342,0.6877247147838534,0.6877247147838542
alg,ml-100k/u.data,2,231,48613,0.9752227661849934,1.0198970957104683,189,1890,1890,1.0,0.9458382843149923,0.7933564282722892,0.7933564282722892
alg,ml-100k/u.data,3,263,49439,0.8953071650553951,0.933824159136866,188,1880,1880,1.0,0.9515033806299091,0.7362836713503815,0.7362836713503806
