Algorithm,DataSet,Partition,BuildTime,TestTime,RMSE.ByUser,RMSE.ByRating,NUsers,NAttempted,NGood,Coverage,nDCG,MAE.ByUser,MAE.ByRating
alg,ml-100k/u.data,0,240,52983,0.9097178965800176,0.9452884991972571,189,1890,1890,1.0,0.9520274116564947,0.7360934188731563,0.7360934188731562
alg,ml-100k/u.data,3,252,53082,0.8952545859473777,0.934000855502491,188,1880,1880,1.0,0.9517322766350643,0.7365706739130413,0.7365706739130412
alg,ml-100k/u.data,4,272,53089,0.8449773372314042,0.8821411516903809,188,1880,1880,1.0,0.955158736780319,0.688596494829427,0.6885964948294268
alg,ml-100k/u.data,1,235,53133,0.9115740900705465,0.9467317801348567,189,1890,1890,1.0,0.9490367991999207,0.7483710955995873,0.7483710955995866
alg,ml-100k/u.data,2,262,53275,0.9747164956274367,1.019719400963757,189,1890,1890,1.0,0.9455196113253319,0.7925454112398961,0.7925454112398964
