Algorithm,DataSet,Partition,BuildTime,TestTime,RMSE.ByUser,RMSE.ByRating,NUsers,NAttempted,NGood,Coverage,nDCG,MAE.ByUser,MAE.ByRating
alg,ml-100k/u.data,0,235,51744,0.9101660970768819,0.9460483578565303,189,1890,1890,1.0,0.9511995648659303,0.7350808374484209,0.73508083744842
alg,ml-100k/u.data,2,244,51818,0.9740001367018711,1.0180517087095888,189,1890,1890,1.0,0.9451968814641575,0.7922213383220263,0.7922213383220265
alg,ml-100k/u.data,3,234,52250,0.8973619233159709,0.9359388259705687,188,1880,1880,1.0,0.9530045950343323,0.7378886461263893,0.7378886461263884
alg,ml-100k/u.data,1,229,52318,0.9145375887454236,0.9511418370065119,189,1890,1890,1.0,0.9487637986093287,0.7526424342260133,0.7526424342260133
alg,ml-100k/u.data,4,255,52523,0.8435865843020254,0.8805759466427656,188,1880,1880,1.0,0.9550000643553376,0.6863869583900465,0.6863869583900465
