Algorithm,DataSet,Partition,BuildTime,TestTime,RMSE.ByUser,RMSE.ByRating,NUsers,NAttempted,NGood,Coverage,nDCG,MAE.ByUser,MAE.ByRating
alg,ml-100k/u.data,2,240,47535,0.9754652670424505,1.0209077610279835,189,1890,1890,1.0,0.9448838861172114,0.7945305825515379,0.7945305825515384
alg,ml-100k/u.data,0,221,47579,0.9093966536000581,0.9452257280931388,189,1890,1890,1.0,0.9514931445995947,0.7376124283859287,0.737612428385929
alg,ml-100k/u.data,4,250,47692,0.8458198223017364,0.8835009761571139,188,1880,1880,1.0,0.9545091592372744,0.6886324090623843,0.6886324090623845
alg,ml-100k/u.data,1,232,47784,0.9098865438856188,0.9452396920451799,189,1890,1890,1.0,0.9489131720563716,0.7466400293398527,0.7466400293398523
alg,ml-100k/u.data,3,243,47846,0.8964624125075258,0.9349634984119684,188,1880,1880,1.0,0.9512986056535241,0.738004594744534,0.7380045947445335
