Algorithm,DataSet,Partition,BuildTime,TestTime,RMSE.ByUser,RMSE.ByRating,NUsers,NAttempted,NGood,Coverage,nDCG,MAE.ByUser,MAE.ByRating
alg,ml-100k/u.data,1,249,49462,0.9117392789449525,0.9471775689099519,189,1890,1890,1.0,0.9486016490295062,0.748204674129979,0.7482046741299793
alg,ml-100k/u.data,3,233,49481,0.9011545715354535,0.9405818504757933,188,1880,1880,1.0,0.9511220668877155,0.7436858193828324,0.7436858193828325
alg,ml-100k/u.data,2,244,49483,0.9797968079142918,1.0255287838051586,189,1890,1890,1.0,0.9446139086850136,0.799958865326446,0.7999588653264456
alg,ml-100k/u.data,4,267,49468,0.8478197960035558,0.8862409969544703,188,1880,1880,1.0,0.9539223751097549,0.6902314424135011,0.690231442413501
alg,ml-100k/u.data,0,248,50399,0.9134141855362709,0.9489432160231552,189,1890,1890,1.0,0.9502621608371203,0.7430471907452073,0.7430471907452072
