Algorithm,DataSet,Partition,BuildTime,TestTime,RMSE.ByUser,RMSE.ByRating,NUsers,NAttempted,NGood,Coverage,nDCG,MAE.ByUser,MAE.ByRating
alg,ml-100k/u.data,1,228,92249,0.9111294646892163,0.9468600089951095,189,1890,1890,1.0,0.9490447616810912,0.7482359150107141,0.7482359150107144
alg,ml-100k/u.data,0,234,92308,0.9050478127159712,0.9411165402315503,189,1890,1890,1.0,0.9531846159351252,0.7328847272557353,0.7328847272557355
alg,ml-100k/u.data,3,258,92328,0.8970056885237847,0.9366346385475152,188,1880,1880,1.0,0.9516826830719001,0.7376879160675792,0.737687916067579
alg,ml-100k/u.data,4,259,92354,0.8445519825533346,0.8816353833775934,188,1880,1880,1.0,0.9568041335934657,0.6857294057320081,0.6857294057320086
alg,ml-100k/u.data,2,238,92442,0.973253051366189,1.0179174454119595,189,1890,1890,1.0,0.9464614181972534,0.7927868995455506,0.79278689954555
