Algorithm,DataSet,Partition,BuildTime,TestTime,RMSE.ByUser,RMSE.ByRating,NUsers,NAttempted,NGood,Coverage,nDCG,MAE.ByUser,MAE.ByRating
alg,ml-100k/u.data,1,221,48635,0.9125119712064995,0.9477634937846559,189,1890,1890,1.0,0.9483537098062093,0.7488256421102653,0.7488256421102659
alg,ml-100k/u.data,4,280,48654,0.8468864635778978,0.8853183790632273,188,1880,1880,1.0,0.9541125600464623,0.689844309841024,0.6898443098410234
alg,ml-100k/u.data,0,256,48750,0.9149686624328753,0.9505574598040104,189,1890,1890,1.0,0.9491177168934941,0.744730892064329,0.744730892064329
alg,ml-100k/u.data,2,259,48832,0.9797373855695776,1.0255241480849864,189,1890,1890,1.0,0.9452262197151248,0.8003999734570835,0.800399973457083
alg,ml-100k/u.data,3,273,49017,0.901349718400082,0.9406059294692137,188,1880,1880,1.0,0.9512590366123067,0.7444593196458856,0.7444593196458859
