Algorithm,DataSet,Partition,BuildTime,TestTime,RMSE.ByUser,RMSE.ByRating,NUsers,NAttempted,NGood,Coverage,nDCG,MAE.ByUser,MAE.ByRating
alg,ml-100k/u.data,1,247,47984,0.9111392959885789,0.9464977742064036,189,1890,1890,1.0,0.9491135610715424,0.7476799234364253,0.7476799234364251
alg,ml-100k/u.data,0,222,48101,0.912524390839821,0.9480343572792886,189,1890,1890,1.0,0.950563777131514,0.7421642092553429,0.7421642092553424
alg,ml-100k/u.data,4,253,48418,0.8472140348747493,0.8856396746900043,188,1880,1880,1.0,0.9546434966339211,0.6897904674209427,0.6897904674209426
alg,ml-100k/u.data,2,245,48452,0.977481454934427,1.0230828337458922,189,1890,1890,1.0,0.9450176212185144,0.7971114064656247,0.7971114064656253
alg,ml-100k/u.data,3,288,48662,0.8990336455518066,0.9382499132540087,188,1880,1880,1.0,0.9517674029595837,0.7419372500516033,0.7419372500516038
