Algorithm,DataSet,Partition,BuildTime,TestTime,RMSE.ByUser,RMSE.ByRating,NUsers,NAttempted,NGood,Coverage,nDCG,MAE.ByUser,MAE.ByRating
alg,ml-100k/u.data,2,259,47356,0.9732610263392162,1.017338824757275,189,1890,1890,1.0,0.9477196873067568,0.7920002307733436,0.7920002307733439
alg,ml-100k/u.data,0,234,47475,0.9080477285378844,0.9436792283296053,189,1890,1890,1.0,0.9519996736362641,0.7332485657347472,0.7332485657347474
alg,ml-100k/u.data,1,254,47494,0.9140012822026814,0.9497014170470903,189,1890,1890,1.0,0.9502828991474147,0.7500245867113442,0.7500245867113445
alg,ml-100k/u.data,4,235,47982,0.844234996900746,0.8806013171762046,188,1880,1880,1.0,0.9560408209834506,0.6852477215303553,0.6852477215303556
alg,ml-100k/u.data,3,244,48772,0.8978656389615735,0.936896789633517,188,1880,1880,1.0,0.9518560234226471,0.7375120202290008,0.7375120202290009
