Algorithm,DataSet,Partition,BuildTime,TestTime,RMSE.ByUser,RMSE.ByRating,NUsers,NAttempted,NGood,Coverage,nDCG,MAE.ByUser,MAE.ByRating
alg,ml-100k/u.data,2,245,47904,0.9784892409221119,1.0241413969267392,189,1890,1890,1.0,0.944874269705813,0.7989231405426641,0.798923140542664
alg,ml-100k/u.data,1,238,48194,0.9119650481152468,0.947270674312088,189,1890,1890,1.0,0.9485867682759141,0.748155705646389,0.7481557056463886
alg,ml-100k/u.data,4,243,48575,0.8474054509875761,0.8857504593894159,188,1880,1880,1.0,0.9533484233391402,0.6902657008558171,0.6902657008558173
alg,ml-100k/u.data,0,225,48631,0.9138821164857578,0.9490371353323974,189,1890,1890,1.0,0.9499631979766011,0.7433813469752085,0.7433813469752081
alg,ml-100k/u.data,3,256,48730,0.9003167606619363,0.9394518868977019,188,1880,1880,1.0,0.9518797645187771,0.7430267086894121,0.7430267086894127
