Algorithm,DataSet,Partition,BuildTime,TestTime,RMSE.ByUser,RMSE.ByRating,NUsers,NAttempted,NGood,Coverage,nDCG,MAE.ByUser,MAE.ByRating
alg,ml-100k/u.data,1,241,56713,0.9122865770988068,0.9474840046286596,189,1890,1890,1.0,0.9487398830160138,0.749574660305639,0.7495746603056388
alg,ml-100k/u.data,4,253,56805,0.8446528870771695,0.8817241134357646,188,1880,1880,1.0,0.9553552520693115,0.688361669990914,0.6883616699909143
alg,ml-100k/u.data,2,241,56831,0.9748745656416957,1.0201311561276278,189,1890,1890,1.0,0.9462073769779434,0.7927158277741121,0.7927158277741126
alg,ml-100k/u.data,3,241,57556,0.895743176273442,0.9345153141861121,188,1880,1880,1.0,0.9519212503040051,0.7369753466456019,0.736975346645602
