Algorithm,DataSet,Partition,BuildTime,TestTime,RMSE.ByUser,RMSE.ByRating,NUsers,NAttempted,NGood,Coverage,nDCG,MAE.ByUser,MAE.ByRating
alg,ml-100k/u.data,1,241,48479,0.9130538665995236,0.9485077205376019,189,1890,1890,1.0,0.9483942301599582,0.7494249694487723,0.7494249694487721
alg,ml-100k/u.data,0,220,48507,0.9155735756797815,0.9511264836640397,189,1890,1890,1.0,0.9488686621604961,0.7451858073513398,0.7451858073513395
alg,ml-100k/u.data,3,230,48768,0.9027439143986701,0.9420863638451723,188,1880,1880,1.0,0.9512099245063084,0.7455159977251603,0.7455159977251599
alg,ml-100k/u.data,2,251,48782,0.9801823167381333,1.0260013305207936,189,1890,1890,1.0,0.9445475916316459,0.80061418282746,0.8006141828274596
alg,ml-100k/u.data,4,242,48809,0.8472854742783318,0.8856459647135535,188,1880,1880,1.0,0.9546330174165814,0.6899155817185532,0.6899155817185532
