Algorithm,DataSet,Partition,BuildTime,TestTime,RMSE.ByUser,RMSE.ByRating,NUsers,NAttempted,NGood,Coverage,nDCG,MAE.ByUser,MAE.ByRating
alg,ml-100k/u.data,0,246,47149,0.9127520749538854,0.9482735330033741,189,1890,1890,1.0,0.9498671377490875,0.7422788217214314,0.7422788217214317
alg,ml-100k/u.data,1,223,47293,0.9104090890318569,0.945644965859271,189,1890,1890,1.0,0.9496936325119226,0.7469787779914304,0.746978777991431
alg,ml-100k/u.data,3,265,47252,0.8983718847306822,0.9374125594657867,188,1880,1880,1.0,0.9516943563731028,0.7409982937263816,0.740998293726382
alg,ml-100k/u.data,4,258,47313,0.8469184677903988,0.8850659392002699,188,1880,1880,1.0,0.9546894893997522,0.6893833830388616,0.6893833830388622
alg,ml-100k/u.data,2,226,47594,0.9771434241575838,1.0225456743400438,189,1890,1890,1.0,0.9452445781944806,0.7968097470901847,0.7968097470901842
