Algorithm,DataSet,Partition,BuildTime,TestTime,RMSE.ByUser,RMSE.ByRating,NUsers,NAttempted,NGood,Coverage,nDCG,MAE.ByUser,MAE.ByRating
alg,ml-100k/u.data,1,231,63956,0.9121934669454096,0.9476569840234647,189,1890,1890,1.0,0.9511684467230593,0.7487164904768411,0.7487164904768413
alg,ml-100k/u.data,4,263,64160,0.844295362210468,0.8811563093467648,188,1880,1880,1.0,0.955020432828355,0.6862469150185496,0.6862469150185493
alg,ml-100k/u.data,3,241,64265,0.89581723541938,0.9344160751017428,188,1880,1880,1.0,0.9525380178804048,0.7360742527244752,0.7360742527244749
alg,ml-100k/u.data,2,237,64400,0.973967093780274,1.0184952987287967,189,1890,1890,1.0,0.9465189483772422,0.7926710749897141,0.7926710749897147
alg,ml-100k/u.data,0,225,64481,0.9080695800046824,0.9439772623337184,189,1890,1890,1.0,0.9520893817121954,0.7327180514347383,0.7327180514347386
