Algorithm,DataSet,Partition,BuildTime,TestTime,RMSE.ByUser,RMSE.ByRating,NUsers,NAttempted,NGood,Coverage,nDCG,MAE.ByUser,MAE.ByRating
alg,ml-100k/u.data,1,239,46488,0.9159189817407881,0.9519344041050907,189,1890,1890,1.0,0.9494766309737299,0.7515979625837377,0.7515979625837375
alg,ml-100k/u.data,3,262,46468,0.8978719289647841,0.9369520061731702,188,1880,1880,1.0,0.9526666106107886,0.7369379535805787,0.7369379535805782
alg,ml-100k/u.data,0,260,46555,0.9081223373302777,0.9438549507959102,189,1890,1890,1.0,0.951053490172737,0.7333942415227828,0.7333942415227827
alg,ml-100k/u.data,2,247,46920,0.97339283683306,1.0170500283103714,189,1890,1890,1.0,0.9475155883574661,0.7917571010529475,0.7917571010529477
alg,ml-100k/u.data,4,253,46991,0.8440984153750322,0.8805195871794964,188,1880,1880,1.0,0.956862816513013,0.6849344921094489,0.6849344921094493
