Algorithm,DataSet,Partition,BuildTime,TestTime,RMSE.ByUser,RMSE.ByRating,NUsers,NAttempted,NGood,Coverage,nDCG,MAE.ByUser,MAE.ByRating
alg,ml-100k/u.data,0,223,47259,0.9089849371722672,0.9450849520601166,189,1890,1890,1.0,0.950982951994689,0.7367799874450524,0.7367799874450528
alg,ml-100k/u.data,3,247,47299,0.8968995315352474,0.9352783589401543,188,1880,1880,1.0,0.9510189808396715,0.7383669768087165,0.7383669768087173
alg,ml-100k/u.data,2,244,47398,0.9739690954779527,1.0191329705830334,189,1890,1890,1.0,0.9460436355591454,0.7936190738056618,0.7936190738056613
alg,ml-100k/u.data,1,239,47433,0.908423640107052,0.9438452651237048,189,1890,1890,1.0,0.9490689135044938,0.7451966192819679,0.7451966192819681
alg,ml-100k/u.data,4,233,47646,0.8450965648176948,0.8829868018376618,188,1880,1880,1.0,0.9538665282700545,0.6877279753704638,0.6877279753704632
