Algorithm,DataSet,Partition,BuildTime,TestTime,RMSE.ByUser,RMSE.ByRating,NUsers,NAttempted,NGood,Coverage,nDCG,MAE.ByUser,MAE.ByRating
alg,ml-100k/u.data,1,257,47412,0.9167657016791909,0.9529615996169265,189,1890,1890,1.0,0.9501073362986492,0.7529263147789915,0.7529263147789917
alg,ml-100k/u.data,3,254,47451,0.8982751117903222,0.9372409900352815,188,1880,1880,1.0,0.9522830879147908,0.7366714975662358,0.7366714975662358
alg,ml-100k/u.data,0,259,47963,0.9084258436868967,0.9440250097543972,189,1890,1890,1.0,0.9516607978969794,0.7334492447366617,0.7334492447366615
alg,ml-100k/u.data,4,253,47974,0.8449623043940111,0.8812255264701649,188,1880,1880,1.0,0.9568433858217267,0.6858936263568479,0.6858936263568481
alg,ml-100k/u.data,2,261,48075,0.9742954023097411,1.0179523504918178,189,1890,1890,1.0,0.947608573814774,0.7919743674491148,0.7919743674491146
