Algorithm,DataSet,Partition,BuildTime,TestTime,RMSE.ByUser,RMSE.ByRating,NUsers,NAttempted,NGood,Coverage,nDCG,MAE.ByUser,MAE.ByRating
alg,ml-100k/u.data,3,278,47049,0.8963509277487329,0.9349470337167156,188,1880,1880,1.0,0.9532391970495642,0.7364464674462163,0.736446467446216
alg,ml-100k/u.data,2,281,47154,0.9736538172511884,1.0181836940685107,189,1890,1890,1.0,0.9466086852554358,0.7918231906317414,0.7918231906317419
alg,ml-100k/u.data,1,273,47170,0.9137654451382038,0.9494925692390375,189,1890,1890,1.0,0.9508182798514649,0.7505151974906625,0.7505151974906631
alg,ml-100k/u.data,4,290,47181,0.8445432844751258,0.8812791535587481,188,1880,1880,1.0,0.9557942771262173,0.6860530984737586,0.6860530984737586
alg,ml-100k/u.data,0,276,47558,0.9095606772898522,0.9456063126533137,189,1890,1890,1.0,0.9513280681059078,0.7339110414022255,0.7339110414022255
