Algorithm,DataSet,Partition,BuildTime,TestTime,RMSE.ByUser,RMSE.ByRating,NUsers,NAttempted,NGood,Coverage,nDCG,MAE.ByUser,MAE.ByRating
alg,ml-100k/u.data,4,252,49351,0.8442708510350538,0.8809833832974183,188,1880,1880,1.0,0.9552736843997796,0.6870346410190599,0.68703464101906
alg,ml-100k/u.data,1,242,49412,0.9140490599680245,0.9506047256651441,189,1890,1890,1.0,0.9490774402137788,0.7520600597975545,0.7520600597975544
alg,ml-100k/u.data,0,262,49458,0.9101832588241257,0.9460453391120507,189,1890,1890,1.0,0.951274578957673,0.7344775001797786,0.7344775001797785
alg,ml-100k/u.data,2,269,49468,0.9739485935105029,1.0182955242654572,189,1890,1890,1.0,0.9456123396993243,0.7922441706428258,0.7922441706428252
alg,ml-100k/u.data,3,238,49618,0.8971597398113756,0.9358345821533455,188,1880,1880,1.0,0.952445742959814,0.7374546748748314,0.7374546748748309
