Algorithm,DataSet,Partition,BuildTime,TestTime,RMSE.ByUser,RMSE.ByRating,NUsers,NAttempted,NGood,Coverage,nDCG,MAE.ByUser,MAE.ByRating
alg,ml-100k/u.data,4,273,47360,0.845873468269281,0.8837890295941767,188,1880,1880,1.0,0.9558612434214584,0.6884164483678181,0.6884164483678185
alg,ml-100k/u.data,3,270,47393,0.8969678117754862,0.935454971206843,188,1880,1880,1.0,0.9507085650229345,0.7390768433935789,0.7390768433935788
alg,ml-100k/u.data,0,253,47605,0.9098248192779982,0.9457306856171488,189,1890,1890,1.0,0.9511622877561401,0.7379260851768785,0.7379260851768787
alg,ml-100k/u.data,1,231,47645,0.9095343181795661,0.9448807906100573,189,1890,1890,1.0,0.9490224531918255,0.7464411964065851,0.7464411964065856
alg,ml-100k/u.data,2,245,47649,0.9761055871893654,1.0215163645677914,189,1890,1890,1.0,0.9446485792126437,0.795474182351756,0.7954741823517563
