Algorithm,DataSet,Partition,BuildTime,TestTime,RMSE.ByUser,RMSE.ByRating,NUsers,NAttempted,NGood,Coverage,nDCG,MAE.ByUser,MAE.ByRating
alg,ml-100k/u.data,4,532,51970,0.8460121416164911,0.8846676741845627,188,1880,1880,1.0,0.9536032828021243,0.6884753647995004,0.6884753647995007
alg,ml-100k/u.data,2,516,52317,0.9778844236275713,1.023554537247942,189,1890,1890,1.0,0.9453785823063677,0.7976181855838992,0.7976181855838994
alg,ml-100k/u.data,1,527,52455,0.9109441695587353,0.9461297170116305,189,1890,1890,1.0,0.9492663000563092,0.7477413080163795,0.7477413080163794
alg,ml-100k/u.data,3,525,52534,0.8996934895187632,0.9392607413695157,188,1880,1880,1.0,0.9517128633320441,0.7425148809189287,0.7425148809189287
alg,ml-100k/u.data,0,530,52656,0.9114619036653245,0.9472472724457817,189,1890,1890,1.0,0.950354730790613,0.7411891556684467,0.7411891556684461
