Algorithm,DataSet,Partition,BuildTime,TestTime,RMSE.ByUser,RMSE.ByRating,NUsers,NAttempted,NGood,Coverage,nDCG,MAE.ByUser,MAE.ByRating
alg,ml-100k/u.data,1,227,47883,0.9097543113486988,0.9449116065540624,189,1890,1890,1.0,0.9508496511087201,0.7468100737222432,0.7468100737222438
alg,ml-100k/u.data,0,231,48032,0.9072171196691867,0.9433710904820672,189,1890,1890,1.0,0.9524041853579045,0.7331059534214366,0.7331059534214371
alg,ml-100k/u.data,4,257,48176,0.8446221996936957,0.8816543627652259,188,1880,1880,1.0,0.9556536114741209,0.6865262680228191,0.6865262680228192
alg,ml-100k/u.data,2,241,48206,0.9740100147297066,1.0187985372408366,189,1890,1890,1.0,0.9462487782111136,0.7926150069555111,0.7926150069555111
alg,ml-100k/u.data,3,228,48316,0.8956170374260413,0.9342255350210689,188,1880,1880,1.0,0.9524269466607223,0.7365448416768974,0.736544841676897
