Algorithm,DataSet,Partition,BuildTime,TestTime,RMSE.ByUser,RMSE.ByRating,NUsers,NAttempted,NGood,Coverage,nDCG,MAE.ByUser,MAE.ByRating
alg,ml-100k/u.data,3,288,55434,0.8991010995298848,0.9388585640350697,188,1880,1880,1.0,0.951198827943494,0.7418224003319401,0.7418224003319402
alg,ml-100k/u.data,4,295,55490,0.8449820974471323,0.8832981969704067,188,1880,1880,1.0,0.9541785211344104,0.6870205546419432,0.6870205546419434
alg,ml-100k/u.data,1,268,55666,0.9103117498581588,0.9457753977618604,189,1890,1890,1.0,0.9491635691067042,0.7473233765773294,0.7473233765773295
alg,ml-100k/u.data,0,263,55765,0.9087001827653908,0.9445343843520697,189,1890,1890,1.0,0.9509427471752784,0.7380345652306487,0.7380345652306486
alg,ml-100k/u.data,2,274,55892,0.9765226467653417,1.0217627009078696,189,1890,1890,1.0,0.9458978476003316,0.7965409067549901,0.7965409067549902
