Algorithm,DataSet,Partition,BuildTime,TestTime,RMSE.ByUser,RMSE.ByRating,NUsers,NAttempted,NGood,Coverage,nDCG,MAE.ByUser,MAE.ByRating
alg,ml-100k/u.data,0,225,47142,0.9072147764724785,0.9435510649780071,189,1890,1890,1.0,0.952773486214446,0.7334267059156607,0.7334267059156607
alg,ml-100k/u.data,3,268,47132,0.8954562336130277,0.9342398733670123,188,1880,1880,1.0,0.9520619647900705,0.7368281057592329,0.736828105759233
alg,ml-100k/u.data,2,220,47321,0.9746219261304843,1.0193341131675238,189,1890,1890,1.0,0.9459502534287882,0.7931605138314414,0.7931605138314419
alg,ml-100k/u.data,1,231,47324,0.909918624764338,0.9448307996376079,189,1890,1890,1.0,0.94947288726666,0.7463723849403253,0.7463723849403257
alg,ml-100k/u.data,4,245,47500,0.8446379956792686,0.8818980010178036,188,1880,1880,1.0,0.9561527237781864,0.6867749205550056,0.6867749205550056
