Algorithm,DataSet,Partition,BuildTime,TestTime,RMSE.ByUser,RMSE.ByRating,NUsers,NAttempted,NGood,Coverage,nDCG,MAE.ByUser,MAE.ByRating
alg,ml-100k/u.data,3,263,46875,0.8979502427477266,0.9367495362556476,188,1880,1880,1.0,0.9508332060330343,0.7401807533481984,0.7401807533481984
alg,ml-100k/u.data,1,240,46935,0.9102119507849687,0.9454863276523969,189,1890,1890,1.0,0.9492737088971599,0.7466611445122244,0.7466611445122242
alg,ml-100k/u.data,4,259,47010,0.8461162503908962,0.8843254235900239,188,1880,1880,1.0,0.9548024648717857,0.6887817956607759,0.6887817956607758
alg,ml-100k/u.data,2,239,47142,0.9765694720622712,1.021958472778306,189,1890,1890,1.0,0.94519401508725,0.7961172405156391,0.7961172405156387
alg,ml-100k/u.data,0,248,47261,0.9114497186593646,0.9474984583655494,189,1890,1890,1.0,0.9507343207202974,0.739853039861947,0.7398530398619475
