Algorithm,DataSet,Partition,BuildTime,TestTime,RMSE.ByUser,RMSE.ByRating,NUsers,NAttempted,NGood,Coverage,nDCG,MAE.ByUser,MAE.ByRating
alg,ml-100k/u.data,4,259,74973,0.8450628082839883,0.8822519810403251,188,1880,1880,1.0,0.9550900013669368,0.6884704616340399,0.6884704616340406
alg,ml-100k/u.data,1,242,75292,0.9111030930409056,0.9464480206198223,189,1890,1890,1.0,0.9490469762290092,0.7479728898036292,0.7479728898036287
alg,ml-100k/u.data,0,239,75622,0.911215578552575,0.946752958422417,189,1890,1890,1.0,0.9505138684858545,0.7388666216674645,0.7388666216674644
alg,ml-100k/u.data,3,263,75611,0.8961590809392842,0.9349307452751551,188,1880,1880,1.0,0.951247315059586,0.73769697662108,0.73769697662108
alg,ml-100k/u.data,2,249,75703,0.9744742911595079,1.0197853790190887,189,1890,1890,1.0,0.9458617088961672,0.7936316921544698,0.7936316921544703
