Algorithm,DataSet,Partition,BuildTime,TestTime,RMSE.ByUser,RMSE.ByRating,NUsers,NAttempted,NGood,Coverage,nDCG,MAE.ByUser,MAE.ByRating
alg,ml-100k/u.data,4,253,45584,0.844201705197491,0.8818927796654619,188,1880,1880,1.0,0.9559190948698281,0.6864490285275697,0.6864490285275693
alg,ml-100k/u.data,1,239,45986,0.9090449898473896,0.9442067804731767,189,1890,1890,1.0,0.9492058656062237,0.7459158433879092,0.7459158433879094
alg,ml-100k/u.data,2,238,46166,0.9742788282257921,1.019471589794276,189,1890,1890,1.0,0.9459595263198868,0.7937892890185622,0.7937892890185618
alg,ml-100k/u.data,0,237,46180,0.9074425335288668,0.9436747663064594,189,1890,1890,1.0,0.9520177129164611,0.7347463412070901,0.73474634120709
alg,ml-100k/u.data,3,267,46387,0.896292516331408,0.9353188297248526,188,1880,1880,1.0,0.951241249794722,0.7385683435402316,0.7385683435402322
