Algorithm,DataSet,Partition,BuildTime,TestTime,RMSE.ByUser,RMSE.ByRating,NUsers,NAttempted,NGood,Coverage,nDCG,MAE.ByUser,MAE.ByRating
SlopeOne0.6,ml-100k/u.data,3,2450,81,0.9160599043013534,0.9617995252716802,188,1880,1880,1.0,0.9462420208926737,0.7545115029925411,0.7545115029925419
SlopeOne0.6,ml-100k/u.data,1,2468,76,0.9395588050734114,0.9722496239517039,189,1890,1890,1.0,0.9447620688997657,0.7778657179665102,0.7778657179665104
SlopeOne0.6,ml-100k/u.data,0,2491,72,0.8949895340833129,0.9318220740531062,189,1890,1890,1.0,0.9509420783493417,0.738001363641592,0.7380013636415926
SlopeOne0.6,ml-100k/u.data,4,2491,80,0.9009166080007998,0.9430537630952651,188,1880,1880,1.0,0.9419215154885127,0.7458929988612151,0.7458929988612154
SlopeOne0.6,ml-100k/u.data,2,1755,59,0.9431654638953156,0.983300326023074,189,1890,1890,1.0,0.9454140751561686,0.7798023390059278,0.7798023390059277
