Algorithm,DataSet,Partition,BuildTime,TestTime,RMSE.ByUser,RMSE.ByRating,NUsers,NAttempted,NGood,Coverage,nDCG,MAE.ByUser,MAE.ByRating
SlopeOne0.1,ml-100k/u.data,1,3669,221,0.9421472348127928,0.9756606157395844,189,1890,1890,1.0,0.944501437643766,0.7796290706856804,0.7796290706856803
SlopeOne0.1,ml-100k/u.data,0,3672,224,0.8955423391772046,0.9329835638335886,189,1890,1890,1.0,0.9510569994508181,0.7378929330699137,0.7378929330699138
SlopeOne0.1,ml-100k/u.data,3,3663,232,0.917846168421121,0.9636209665816304,188,1880,1880,1.0,0.9460330644197282,0.7552478224599509,0.75524782245995
SlopeOne0.1,ml-100k/u.data,4,3665,236,0.9022975660402767,0.9444321201812064,188,1880,1880,1.0,0.9418459753054387,0.7472162723409124,0.7472162723409127
SlopeOne0.1,ml-100k/u.data,2,1930,77,0.9473259032133164,0.9877212517412433,189,1890,1890,1.0,0.9450472308152807,0.7823465243384443,0.7823465243384448
