Algorithm,DataSet,Partition,BuildTime,TestTime,RMSE.ByUser,RMSE.ByRating,NUsers,NAttempted,NGood,Coverage,nDCG,MAE.ByUser,MAE.ByRating
SlopeOne2.0,ml-100k/u.data,0,2271,67,0.8958030200782247,0.931998217000411,189,1890,1890,1.0,0.9510872003227427,0.7401405035921007,0.7401405035921006
SlopeOne2.0,ml-100k/u.data,1,2295,69,0.9377719440247807,0.969327444460268,189,1890,1890,1.0,0.9447283799713048,0.7775017779226232,0.7775017779226231
SlopeOne2.0,ml-100k/u.data,3,2305,74,0.9159931170479861,0.9614775075702352,188,1880,1880,1.0,0.9463776460876955,0.7551282143693766,0.7551282143693767
SlopeOne2.0,ml-100k/u.data,4,2305,78,0.8998425118784777,0.9420806774335369,188,1880,1880,1.0,0.9423176789833926,0.7448322925406797,0.7448322925406803
SlopeOne2.0,ml-100k/u.data,2,1729,56,0.9392524838950408,0.9787043183304385,189,1890,1890,1.0,0.9449170031952321,0.7775037056189965,0.7775037056189971
