Algorithm,DataSet,Partition,BuildTime,TestTime,RMSE.ByUser,RMSE.ByRating,NUsers,NAttempted,NGood,Coverage,nDCG,MAE.ByUser,MAE.ByRating
SlopeOne1.9,ml-100k/u.data,0,2388,66,0.8957040094261269,0.9319265780191186,189,1890,1890,1.0,0.9510583870756443,0.7399896776293832,0.7399896776293828
SlopeOne1.9,ml-100k/u.data,2,2391,68,0.9393775195240555,0.9788735862659237,189,1890,1890,1.0,0.9449170031952321,0.7775312912938076,0.7775312912938076
SlopeOne1.9,ml-100k/u.data,3,2393,68,0.9159187654820291,0.9614232609304397,188,1880,1880,1.0,0.9463874407200195,0.7550458933961212,0.7550458933961208
SlopeOne1.9,ml-100k/u.data,4,2405,70,0.8998569319062589,0.9420892374063307,188,1880,1880,1.0,0.9425206248462232,0.7448635372815744,0.7448635372815736
SlopeOne1.9,ml-100k/u.data,1,1683,60,0.9378054153679708,0.9694152508439259,189,1890,1890,1.0,0.9447098812846,0.7774521641398905,0.7774521641398902
