Algorithm,DataSet,Partition,BuildTime,TestTime,RMSE.ByUser,RMSE.ByRating,NUsers,NAttempted,NGood,Coverage,nDCG,MAE.ByUser,MAE.ByRating
SlopeOne1.8,ml-100k/u.data,2,2299,68,0.9395169447616974,0.979058123111648,189,1890,1890,1.0,0.9448821801491784,0.7775685329716142,0.7775685329716139
SlopeOne1.8,ml-100k/u.data,1,2299,72,0.9378471042681301,0.9695140597988935,189,1890,1890,1.0,0.9446907736090854,0.7774023943967688,0.7774023943967691
SlopeOne1.8,ml-100k/u.data,3,2342,66,0.9158506994337844,0.9613753630970379,188,1880,1880,1.0,0.9463078499151684,0.7549638889093914,0.7549638889093909
SlopeOne1.8,ml-100k/u.data,4,2352,73,0.8998776383446333,0.942103806533229,188,1880,1880,1.0,0.9423039763212657,0.7448950654501767,0.7448950654501765
SlopeOne1.8,ml-100k/u.data,0,1743,60,0.8956085506385442,0.9318600951868883,189,1890,1890,1.0,0.9514237005389613,0.7398400861887786,0.7398400861887777
