Algorithm,DataSet,Partition,BuildTime,TestTime,RMSE.ByUser,RMSE.ByRating,NUsers,NAttempted,NGood,Coverage,nDCG,MAE.ByUser,MAE.ByRating
SlopeOne0.3,ml-100k/u.data,1,2452,83,0.9408066484304656,0.9739340187337363,189,1890,1890,1.0,0.9447408850140618,0.7786046065450357,0.7786046065450356
SlopeOne0.3,ml-100k/u.data,0,2452,84,0.8951891468388414,0.9323256319643088,189,1890,1890,1.0,0.9511099695194849,0.7378597635432018,0.737859763543202
SlopeOne0.3,ml-100k/u.data,3,2468,90,0.9168512238733567,0.9626171459376536,188,1880,1880,1.0,0.9459573543340636,0.7547746267079505,0.7547746267079505
SlopeOne0.3,ml-100k/u.data,2,2491,82,0.9452741626098757,0.9855612030927805,189,1890,1890,1.0,0.9452100178914475,0.7810623030597458,0.7810623030597451
SlopeOne0.3,ml-100k/u.data,4,1775,71,0.9016124328137008,0.9437372170020951,188,1880,1880,1.0,0.9420567277177117,0.7465597482384045,0.7465597482384043
