Algorithm,DataSet,Partition,BuildTime,TestTime,RMSE.ByUser,RMSE.ByRating,NUsers,NAttempted,NGood,Coverage,nDCG,MAE.ByUser,MAE.ByRating
SlopeOne0.5,ml-100k/u.data,3,2439,75,0.9162581267032646,0.9620086019769734,188,1880,1880,1.0,0.946303787008191,0.7545593017244807,0.7545593017244815
SlopeOne0.5,ml-100k/u.data,0,2465,71,0.8950252861429336,0.931945133299729,189,1890,1890,1.0,0.9508494205050805,0.7379305186696637,0.737930518669664
SlopeOne0.5,ml-100k/u.data,1,2492,66,0.9399033300823803,0.9727259189124816,189,1890,1890,1.0,0.9447735624247116,0.7780630003915396,0.7780630003915393
SlopeOne0.5,ml-100k/u.data,2,2486,73,0.9437722186374705,0.9839578426203434,189,1890,1890,1.0,0.9452409984310264,0.780173672136815,0.780173672136815
SlopeOne0.5,ml-100k/u.data,4,1721,66,0.9011151850809883,0.943246322249414,188,1880,1880,1.0,0.9418849073793675,0.7460831246081776,0.7460831246081769
