Algorithm,DataSet,Partition,BuildTime,TestTime,RMSE.ByUser,RMSE.ByRating,NUsers,NAttempted,NGood,Coverage,nDCG,MAE.ByUser,MAE.ByRating
SlopeOne1.7,ml-100k/u.data,3,2371,90,0.9157897449087411,0.9613345916713923,188,1880,1880,1.0,0.946232285839952,0.7548813040263493,0.7548813040263487
SlopeOne1.7,ml-100k/u.data,4,2384,90,0.8999051652556849,0.942124915657847,188,1880,1880,1.0,0.942276401713741,0.7449295026746866,0.7449295026746866
SlopeOne1.7,ml-100k/u.data,0,2395,79,0.8955170441528961,0.9317993371045658,189,1890,1890,1.0,0.9514400216341784,0.7396869768915637,0.7396869768915637
SlopeOne1.7,ml-100k/u.data,1,2434,79,0.9378979070160111,0.9696249888513723,189,1890,1890,1.0,0.9446866447815307,0.7773619648898535,0.7773619648898539
SlopeOne1.7,ml-100k/u.data,2,1809,63,0.9396721915528516,0.9792593521547579,189,1890,1890,1.0,0.9450879833960867,0.7776099787165659,0.7776099787165661
