Algorithm,DataSet,Partition,BuildTime,TestTime,RMSE.ByUser,RMSE.ByRating,NUsers,NAttempted,NGood,Coverage,nDCG,MAE.ByUser,MAE.ByRating
SlopeOne2.1,ml-100k/u.data,1,2393,82,0.9377459118367363,0.9692496638393675,189,1890,1890,1.0,0.944729583204242,0.7775551626780117,0.7775551626780118
SlopeOne2.1,ml-100k/u.data,0,2396,79,0.8959052326361503,0.9320745163986465,189,1890,1890,1.0,0.9510696860515437,0.740290747111937,0.740290747111937
SlopeOne2.1,ml-100k/u.data,3,2401,84,0.9160730424452587,0.9615374312323823,188,1880,1880,1.0,0.9463776460876955,0.7552097782102658,0.7552097782102664
SlopeOne2.1,ml-100k/u.data,2,2407,80,0.9391405800650132,0.9785490630635795,189,1890,1890,1.0,0.94494274518227,0.7774841554938824,0.7774841554938821
SlopeOne2.1,ml-100k/u.data,4,1675,59,0.8998339016826151,0.9420776553149426,188,1880,1880,1.0,0.9422938417059578,0.7448034733322962,0.7448034733322959
