Algorithm,DataSet,Partition,BuildTime,TestTime,RMSE.ByUser,RMSE.ByRating,NUsers,NAttempted,NGood,Coverage,nDCG,MAE.ByUser,MAE.ByRating
SlopeOne0.2,ml-100k/u.data,3,2467,94,0.9172840674151952,0.9630548409017617,188,1880,1880,1.0,0.9460730218261814,0.7549701334110335,0.7549701334110334
SlopeOne0.2,ml-100k/u.data,2,2494,91,0.9462148473390904,0.9865541059704303,189,1890,1890,1.0,0.9450578792610297,0.7816640923145683,0.781664092314569
SlopeOne0.2,ml-100k/u.data,4,2527,91,0.9019260171316237,0.9440527120600658,188,1880,1880,1.0,0.9417820179997491,0.7468638861904742,0.7468638861904746
SlopeOne0.2,ml-100k/u.data,1,2561,73,0.9414066072663063,0.974713933832657,189,1890,1890,1.0,0.9446139879359721,0.779082320893012,0.779082320893012
SlopeOne0.2,ml-100k/u.data,0,1713,61,0.8953351659464177,0.9326095898260939,189,1890,1890,1.0,0.951103564150898,0.7378547603547001,0.7378547603546999
