Algorithm,DataSet,Partition,BuildTime,TestTime,RMSE.ByUser,RMSE.ByRating,NUsers,NAttempted,NGood,Coverage,nDCG,MAE.ByUser,MAE.ByRating
SlopeOne5.0,ml-100k/u.data,1,2301,69,0.93858220316296,0.9692306487446695,189,1890,1890,1.0,0.9449262163640115,0.7794993830058984,0.779499383005898
SlopeOne5.0,ml-100k/u.data,2,2305,72,0.9388375797287669,0.977302432396608,189,1890,1890,1.0,0.9451247348659201,0.7784006239131842,0.778400623913184
SlopeOne5.0,ml-100k/u.data,4,2338,77,0.9009749040207296,0.9432967574391506,188,1880,1880,1.0,0.9421709578176396,0.7449252354817845,0.7449252354817842
SlopeOne5.0,ml-100k/u.data,3,2345,73,0.919388135020931,0.9643681642301315,188,1880,1880,1.0,0.946314764951391,0.7585811328056915,0.758581132805691
SlopeOne5.0,ml-100k/u.data,0,1750,56,0.8994981448221588,0.9352442824683431,189,1890,1890,1.0,0.9511415884156948,0.7446009116571314,0.7446009116571319
