Algorithm,DataSet,Partition,BuildTime,TestTime,RMSE.ByUser,RMSE.ByRating,NUsers,NAttempted,NGood,Coverage,nDCG,MAE.ByUser,MAE.ByRating
SlopeOne4.0,ml-100k/u.data,2,2360,73,0.9385368226794077,0.9772700775642741,189,1890,1890,1.0,0.945007478422576,0.7778858381177183,0.777885838117718
SlopeOne4.0,ml-100k/u.data,1,2367,68,0.9380832723031172,0.9689298332606597,189,1890,1890,1.0,0.9448076407308885,0.7787921214072202,0.7787921214072202
SlopeOne4.0,ml-100k/u.data,3,2364,75,0.9181396843824785,0.9632645569755123,188,1880,1880,1.0,0.9461784230039268,0.7573726847641866,0.7573726847641865
SlopeOne4.0,ml-100k/u.data,0,2382,63,0.8981873172901514,0.9340330953273942,189,1890,1890,1.0,0.9509979301128654,0.743122580636401,0.7431225806364007
SlopeOne4.0,ml-100k/u.data,4,1760,65,0.9003816842477025,0.9426905363149377,188,1880,1880,1.0,0.9421631459308343,0.744721653107992,0.7447216531079917
