Algorithm,DataSet,Partition,BuildTime,TestTime,RMSE.ByUser,RMSE.ByRating,NUsers,NAttempted,NGood,Coverage,nDCG,MAE.ByUser,MAE.ByRating
SlopeOne0.7,ml-100k/u.data,0,2468,78,0.8949765760813332,0.9317320589322353,189,1890,1890,1.0,0.9509989466983311,0.7381275753489792,0.7381275753489785
SlopeOne0.7,ml-100k/u.data,3,2466,89,0.915910024776861,0.961636906105384,188,1880,1880,1.0,0.9463542449011493,0.7544789182270577,0.7544789182270575
SlopeOne0.7,ml-100k/u.data,1,2476,83,0.9392671656425456,0.9718369834686577,189,1890,1890,1.0,0.9446822623327206,0.7777234047967717,0.7777234047967717
SlopeOne0.7,ml-100k/u.data,4,2482,91,0.9007444055873289,0.942888576739347,188,1880,1880,1.0,0.9419235532209581,0.7457324227627496,0.7457324227627496
SlopeOne0.7,ml-100k/u.data,2,1810,59,0.9426333019455483,0.9827171381276354,189,1890,1890,1.0,0.9458317034603126,0.7794618173695266,0.7794618173695257
