Algorithm,DataSet,Partition,BuildTime,TestTime,RMSE.ByUser,RMSE.ByRating,NUsers,NAttempted,NGood,Coverage,nDCG,MAE.ByUser,MAE.ByRating
SlopeOne2.4,ml-100k/u.data,1,2214,59,0.9377060515467245,0.9690683755216424,189,1890,1890,1.0,0.9447788533733646,0.7777300401726711,0.7777300401726709
SlopeOne2.4,ml-100k/u.data,2,2229,60,0.9388731693238115,0.9781568211813576,189,1890,1890,1.0,0.9449643766907606,0.7774496710474181,0.7774496710474189
SlopeOne2.4,ml-100k/u.data,4,2229,65,0.8998388649124303,0.9420978223450718,188,1880,1880,1.0,0.9422245697973587,0.744725230884119,0.7447252308841186
SlopeOne2.4,ml-100k/u.data,0,2242,56,0.8962281783670821,0.9323272783985452,189,1890,1890,1.0,0.9509939644733972,0.7407359347789021,0.7407359347789017
SlopeOne2.4,ml-100k/u.data,3,1952,64,0.91634048497908,0.9617457859478082,188,1880,1880,1.0,0.9463880449280061,0.7554522558365456,0.7554522558365457
