Algorithm,DataSet,Partition,BuildTime,TestTime,RMSE.ByUser,RMSE.ByRating,NUsers,NAttempted,NGood,Coverage,nDCG,MAE.ByUser,MAE.ByRating
SlopeOne1.6,ml-100k/u.data,1,2401,118,0.9379588621695133,0.9697493243156053,189,1890,1890,1.0,0.9447293314760624,0.7773408213634221,0.7773408213634215
SlopeOne1.6,ml-100k/u.data,2,2463,90,0.9398448984951295,0.9794788945301008,189,1890,1890,1.0,0.9450919834746069,0.7776656562270912,0.7776656562270917
SlopeOne1.6,ml-100k/u.data,4,2458,95,0.8999401141485547,0.9421531659910514,188,1880,1880,1.0,0.9422624740977484,0.7449647678922887,0.7449647678922887
SlopeOne1.6,ml-100k/u.data,3,2495,85,0.9157368659526476,0.9613018522168607,188,1880,1880,1.0,0.9462231968719559,0.7548059998008686,0.7548059998008687
SlopeOne1.6,ml-100k/u.data,0,1702,61,0.8954299511239077,0.9317449601647635,189,1890,1890,1.0,0.9514400216341784,0.7395314469230476,0.7395314469230476
