Algorithm,DataSet,Partition,BuildTime,TestTime,RMSE.ByUser,RMSE.ByRating,NUsers,NAttempted,NGood,Coverage,nDCG,MAE.ByUser,MAE.ByRating
SlopeOne2.5,ml-100k/u.data,2,2113,90,0.9388038634453615,0.9780476068358205,189,1890,1890,1.0,0.9448995019924366,0.7774497397272554,0.7774497397272557
SlopeOne2.5,ml-100k/u.data,1,2210,82,0.9377037425934748,0.9690230400414145,189,1890,1890,1.0,0.945020612342034,0.7777860895584602,0.7777860895584595
SlopeOne2.5,ml-100k/u.data,0,2259,70,0.8963404532818338,0.9324183478782645,189,1890,1890,1.0,0.9509005306133812,0.7408859965080823,0.7408859965080817
SlopeOne2.5,ml-100k/u.data,3,2262,78,0.9164372810372855,0.9618232648240496,188,1880,1880,1.0,0.9463867286052564,0.7555386341696136,0.7555386341696138
SlopeOne2.5,ml-100k/u.data,4,1753,58,0.8998496203337646,0.9421131528154053,188,1880,1880,1.0,0.9422199295838588,0.7447038071931598,0.7447038071931599
