Algorithm,DataSet,Partition,BuildTime,TestTime,RMSE.ByUser,RMSE.ByRating,NUsers,NAttempted,NGood,Coverage,nDCG,MAE.ByUser,MAE.ByRating
SlopeOne0.4,ml-100k/u.data,1,2422,69,0.9403135177657823,0.9732806819366275,189,1890,1890,1.0,0.9447396696144486,0.7783015395987162,0.7783015395987155
SlopeOne0.4,ml-100k/u.data,0,2449,68,0.8950893302406661,0.9321093076354923,189,1890,1890,1.0,0.9509077246313814,0.7378915673785214,0.7378915673785211
SlopeOne0.4,ml-100k/u.data,3,2453,75,0.9165165729566126,0.9622758278679903,188,1880,1880,1.0,0.9462207072821839,0.7546374303868248,0.7546374303868243
SlopeOne0.4,ml-100k/u.data,4,2460,76,0.9013450039383917,0.9434717201796703,188,1880,1880,1.0,0.9416219963879271,0.7462923845623313,0.7462923845623309
SlopeOne0.4,ml-100k/u.data,2,1752,64,0.9444686008871785,0.9847048065208062,189,1890,1890,1.0,0.9452205390469635,0.7805867986808156,0.7805867986808156
