Algorithm,DataSet,Partition,BuildTime,TestTime,RMSE.ByUser,RMSE.ByRating,NUsers,NAttempted,NGood,Coverage,nDCG,MAE.ByUser,MAE.ByRating
SlopeOne0.0,ml-100k/u.data,4,3325,214,0.9027439725620463,0.9448957095330744,188,1880,1880,1.0,0.9417926395286625,0.7476222935822736,0.7476222935822734
SlopeOne0.0,ml-100k/u.data,2,3429,131,0.9486565876304806,0.9891170332496831,189,1890,1890,1.0,0.9451256202639169,0.7831687137104818,0.7831687137104822
SlopeOne0.0,ml-100k/u.data,1,3426,136,0.9430778648830423,0.976833777989285,189,1890,1890,1.0,0.9445115521464419,0.7803495169107972,0.7803495169107971
SlopeOne0.0,ml-100k/u.data,3,3434,133,0.9185828093532328,0.9643632001235186,188,1880,1880,1.0,0.9458802510876103,0.7556049857595285,0.7556049857595286
SlopeOne0.0,ml-100k/u.data,0,1800,82,0.8958327912510352,0.9334810498613264,189,1890,1890,1.0,0.9511621559414081,0.7380397936835427,0.7380397936835431
