Algorithm,DataSet,Partition,BuildTime,TestTime,RMSE.ByUser,RMSE.ByRating,NUsers,NAttempted,NGood,Coverage,nDCG,MAE.ByUser,MAE.ByRating
SlopeOne0.8,ml-100k/u.data,1,2393,87,0.9390187787629135,0.9714768327638954,189,1890,1890,1.0,0.9446809856296269,0.7775986517625554,0.7775986517625555
SlopeOne0.8,ml-100k/u.data,0,2434,62,0.8949822822960503,0.9316690488400977,189,1890,1890,1.0,0.9510658367124317,0.7382825207281608,0.7382825207281608
SlopeOne0.8,ml-100k/u.data,3,2435,73,0.9157994804570109,0.9615119834963938,188,1880,1880,1.0,0.9463428591018127,0.7544606095759626,0.7544606095759623
SlopeOne0.8,ml-100k/u.data,4,2454,75,0.9005947758736327,0.9427465531486118,188,1880,1880,1.0,0.9419311862910397,0.7455992144441602,0.7455992144441602
SlopeOne0.8,ml-100k/u.data,2,1764,58,0.9421639690448635,0.9821965967766298,189,1890,1890,1.0,0.9457230194440146,0.7791514284045091,0.7791514284045101
