Algorithm,DataSet,Partition,BuildTime,TestTime,RMSE.ByUser,RMSE.ByRating,NUsers,NAttempted,NGood,Coverage,nDCG,MAE.ByUser,MAE.ByRating
SlopeOne3.0,ml-100k/u.data,4,2303,82,0.8999591918381487,0.9422422925146551,188,1880,1880,1.0,0.9422659971019469,0.7446509190134676,0.7446509190134672
SlopeOne3.0,ml-100k/u.data,1,2333,75,0.9377565555751537,0.9688863197223193,189,1890,1890,1.0,0.9447776891840944,0.7780807402729522,0.7780807402729523
SlopeOne3.0,ml-100k/u.data,2,2337,76,0.9385756859529398,0.9776318879412952,189,1890,1890,1.0,0.9448479028102273,0.7775079916114815,0.7775079916114817
SlopeOne3.0,ml-100k/u.data,0,2341,75,0.8969281678346996,0.9329131136207035,189,1890,1890,1.0,0.9508055411342458,0.7416645232109818,0.7416645232109823
SlopeOne3.0,ml-100k/u.data,3,1753,69,0.9169630065151664,0.9622558167379794,188,1880,1880,1.0,0.9462696554828081,0.7560940154636698,0.7560940154636698
