Algorithm,DataSet,Partition,BuildTime,TestTime,RMSE.ByUser,RMSE.ByRating,NUsers,NAttempted,NGood,Coverage,nDCG,MAE.ByUser,MAE.ByRating
SlopeOne2.3,ml-100k/u.data,0,2397,59,0.8961180685487108,0.9322394087145237,189,1890,1890,1.0,0.9510941168343474,0.7405854332160606,0.740585433216061
SlopeOne2.3,ml-100k/u.data,3,2428,65,0.9162472291337038,0.9616720489631357,188,1880,1880,1.0,0.9463645766371493,0.7553704185935773,0.7553704185935769
SlopeOne2.3,ml-100k/u.data,2,2440,64,0.9389518530516214,0.978276255018477,189,1890,1890,1.0,0.9449697877902973,0.7774578844824704,0.7774578844824704
SlopeOne2.3,ml-100k/u.data,4,2438,66,0.8998324443658081,0.942086585981835,188,1880,1880,1.0,0.9422583881772483,0.7447501363412093,0.7447501363412095
SlopeOne2.3,ml-100k/u.data,1,1804,56,0.9377135277882932,0.9691208454350315,189,1890,1890,1.0,0.9447687536438438,0.7776721947934697,0.7776721947934687
