Algorithm,DataSet,Partition,BuildTime,TestTime,RMSE.ByUser,RMSE.ByRating,NUsers,NAttempted,NGood,Coverage,nDCG,MAE.ByUser,MAE.ByRating
SlopeOne2.2,ml-100k/u.data,0,2457,70,0.8960103394419366,0.9321550414392241,189,1890,1890,1.0,0.9510696860515437,0.7404386921107485,0.7404386921107489
SlopeOne2.2,ml-100k/u.data,2,2479,71,0.9390406978685895,0.9784067062202922,189,1890,1890,1.0,0.9450647256765062,0.7774676464408726,0.7774676464408724
SlopeOne2.2,ml-100k/u.data,1,2486,68,0.9377266388293639,0.9691810503730602,189,1890,1890,1.0,0.9447687536438438,0.777613139577577,0.7776131395775766
SlopeOne2.2,ml-100k/u.data,3,2523,67,0.9161579252888592,0.9616024482732927,188,1880,1880,1.0,0.9463916669178974,0.7552905276472592,0.7552905276472591
SlopeOne2.2,ml-100k/u.data,4,1786,63,0.8998306740655705,0.9420797505000826,188,1880,1880,1.0,0.9423185232178124,0.7447755139825607,0.7447755139825599
